date;latitude;longitude;time;cluster_center_lat;cluster_center_lon;Country/Sea;Region;DAY/NIGHT;cluster_category;cluster_indicators;ndetection;cluster_number;point_indicators
2026-08-13;-20.48397;130.34026;2026-08-13 01:14:46;-19.833815;125.92999;Australia;Western Australia;DAY;extrem;;5;L3_0003;CO,CO2
2026-08-13;-19.07628;121.55861;2026-08-13 01:14:46;-19.833815;125.92999;Australia;Western Australia;DAY;extrem;;5;L3_0003;CO,CO2
2026-08-13;15.58938;49.54085;2026-08-13 06:08:46;20.099016;52.14444;Saudi Arabia;Ash-Sharqīyah;DAY;fire_type_1;C2H4:7,CO:39,CO2:106,HCOOH:28,HNO3:109;289;L3_0006;CO
2026-08-13;16.05977;49.64344;2026-08-13 06:08:46;20.099016;52.14444;Saudi Arabia;Ash-Sharqīyah;DAY;fire_type_1;C2H4:7,CO:39,CO2:106,HCOOH:28,HNO3:109;289;L3_0006;HNO3
2026-08-13;16.39547;48.76165;2026-08-13 06:08:46;20.099016;52.14444;Saudi Arabia;Ash-Sharqīyah;DAY;fire_type_1;C2H4:7,CO:39,CO2:106,HCOOH:28,HNO3:109;289;L3_0006;HNO3
2026-08-13;16.66279;49.97893;2026-08-13 06:08:46;20.099016;52.14444;Saudi Arabia;Ash-Sharqīyah;DAY;fire_type_1;C2H4:7,CO:39,CO2:106,HCOOH:28,HNO3:109;289;L3_0006;HNO3
2026-08-13;16.76023;49.4391;2026-08-13 06:08:46;20.099016;52.14444;Saudi Arabia;Ash-Sharqīyah;DAY;fire_type_1;C2H4:7,CO:39,CO2:106,HCOOH:28,HNO3:109;289;L3_0006;HNO3
2026-08-13;16.90856;48.63975;2026-08-13 06:08:46;20.099016;52.14444;Saudi Arabia;Ash-Sharqīyah;DAY;fire_type_1;C2H4:7,CO:39,CO2:106,HCOOH:28,HNO3:109;289;L3_0006;HNO3
2026-08-13;16.96736;52.81017;2026-08-13 06:08:46;20.099016;52.14444;Saudi Arabia;Ash-Sharqīyah;DAY;fire_type_1;C2H4:7,CO:39,CO2:106,HCOOH:28,HNO3:109;289;L3_0006;HNO3
2026-08-13;17.00055;49.8482;2026-08-13 06:08:46;20.099016;52.14444;Saudi Arabia;Ash-Sharqīyah;DAY;fire_type_1;C2H4:7,CO:39,CO2:106,HCOOH:28,HNO3:109;289;L3_0006;HNO3
2026-08-13;17.04862;52.36524;2026-08-13 06:08:46;20.099016;52.14444;Saudi Arabia;Ash-Sharqīyah;DAY;fire_type_1;C2H4:7,CO:39,CO2:106,HCOOH:28,HNO3:109;289;L3_0006;HNO3
2026-08-13;17.05324;49.50203;2026-08-13 06:08:46;20.099016;52.14444;Saudi Arabia;Ash-Sharqīyah;DAY;fire_type_1;C2H4:7,CO:39,CO2:106,HCOOH:28,HNO3:109;289;L3_0006;HNO3
2026-08-13;17.08978;53.00966;2026-08-13 06:08:46;20.099016;52.14444;Saudi Arabia;Ash-Sharqīyah;DAY;fire_type_1;C2H4:7,CO:39,CO2:106,HCOOH:28,HNO3:109;289;L3_0006;HNO3
2026-08-13;17.12458;52.84861;2026-08-13 06:08:46;20.099016;52.14444;Saudi Arabia;Ash-Sharqīyah;DAY;fire_type_1;C2H4:7,CO:39,CO2:106,HCOOH:28,HNO3:109;289;L3_0006;HNO3
2026-08-13;17.1334;50.08132;2026-08-13 06:08:46;20.099016;52.14444;Saudi Arabia;Ash-Sharqīyah;DAY;fire_type_1;C2H4:7,CO:39,CO2:106,HCOOH:28,HNO3:109;289;L3_0006;HNO3
2026-08-13;17.17184;52.56608;2026-08-13 06:08:46;20.099016;52.14444;Saudi Arabia;Ash-Sharqīyah;DAY;fire_type_1;C2H4:7,CO:39,CO2:106,HCOOH:28,HNO3:109;289;L3_0006;HNO3
2026-08-13;17.17293;49.88784;2026-08-13 06:08:46;20.099016;52.14444;Saudi Arabia;Ash-Sharqīyah;DAY;fire_type_1;C2H4:7,CO:39,CO2:106,HCOOH:28,HNO3:109;289;L3_0006;HNO3
2026-08-13;17.1942;48.69848;2026-08-13 06:08:46;20.099016;52.14444;Saudi Arabia;Ash-Sharqīyah;DAY;fire_type_1;C2H4:7,CO:39,CO2:106,HCOOH:28,HNO3:109;289;L3_0006;HNO3
2026-08-13;17.20667;52.40352;2026-08-13 06:08:46;20.099016;52.14444;Saudi Arabia;Ash-Sharqīyah;DAY;fire_type_1;C2H4:7,CO:39,CO2:106,HCOOH:28,HNO3:109;289;L3_0006;HNO3
2026-08-13;17.27283;53.80783;2026-08-13 06:08:46;20.099016;52.14444;Saudi Arabia;Ash-Sharqīyah;DAY;fire_type_1;C2H4:7,CO:39,CO2:106,HCOOH:28,HNO3:109;289;L3_0006;HNO3
2026-08-13;17.29174;46.48086;2026-08-13 06:08:46;20.099016;52.14444;Saudi Arabia;Ash-Sharqīyah;DAY;fire_type_1;C2H4:7,CO:39,CO2:106,HCOOH:28,HNO3:109;289;L3_0006;CO
2026-08-13;17.33415;48.96249;2026-08-13 06:08:46;20.099016;52.14444;Saudi Arabia;Ash-Sharqīyah;DAY;fire_type_1;C2H4:7,CO:39,CO2:106,HCOOH:28,HNO3:109;289;L3_0006;HNO3
2026-08-13;17.35579;53.36417;2026-08-13 06:08:46;20.099016;52.14444;Saudi Arabia;Ash-Sharqīyah;DAY;fire_type_1;C2H4:7,CO:39,CO2:106,HCOOH:28,HNO3:109;289;L3_0006;CO
2026-08-13;17.37847;48.73989;2026-08-13 06:08:46;20.099016;52.14444;Saudi Arabia;Ash-Sharqīyah;DAY;fire_type_1;C2H4:7,CO:39,CO2:106,HCOOH:28,HNO3:109;289;L3_0006;HNO3
2026-08-13;17.4302;53.84719;2026-08-13 06:08:46;20.099016;52.14444;Saudi Arabia;Ash-Sharqīyah;DAY;fire_type_1;C2H4:7,CO:39,CO2:106,HCOOH:28,HNO3:109;289;L3_0006;HNO3
2026-08-13;17.44905;53.30963;2026-08-13 17:17:50;21.06677;51.968433;Saudi Arabia;Ash-Sharqīyah;NIGHT;others;C2H4:2,CO2:5,HCOOH:71,HNO3:15,NH3:2;95;L3_0005;HNO3
2026-08-13;17.51138;50.69909;2026-08-13 06:08:46;20.099016;52.14444;Saudi Arabia;Ash-Sharqīyah;DAY;fire_type_1;C2H4:7,CO:39,CO2:106,HCOOH:28,HNO3:109;289;L3_0006;HNO3
2026-08-13;17.51899;52.47479;2026-08-13 06:08:46;20.099016;52.14444;Saudi Arabia;Ash-Sharqīyah;DAY;fire_type_1;C2H4:7,CO:39,CO2:106,HCOOH:28,HNO3:109;289;L3_0006;HNO3
2026-08-13;17.52473;49.60579;2026-08-13 06:08:46;20.099016;52.14444;Saudi Arabia;Ash-Sharqīyah;DAY;fire_type_1;C2H4:7,CO:39,CO2:106,HCOOH:28,HNO3:109;289;L3_0006;HNO3
2026-08-13;17.56003;53.12078;2026-08-13 06:08:46;20.099016;52.14444;Saudi Arabia;Ash-Sharqīyah;DAY;fire_type_1;C2H4:7,CO:39,CO2:106,HCOOH:28,HNO3:109;289;L3_0006;HNO3
2026-08-13;17.56441;49.39611;2026-08-13 06:08:46;20.099016;52.14444;Saudi Arabia;Ash-Sharqīyah;DAY;fire_type_1;C2H4:7,CO:39,CO2:106,HCOOH:28,HNO3:109;289;L3_0006;HNO3
2026-08-13;17.56554;52.19012;2026-08-13 06:08:46;20.099016;52.14444;Saudi Arabia;Ash-Sharqīyah;DAY;fire_type_1;C2H4:7,CO:39,CO2:106,HCOOH:28,HNO3:109;289;L3_0006;HNO3
2026-08-13;17.56732;54.82598;2026-08-13 06:08:46;20.099016;52.14444;Saudi Arabia;Ash-Sharqīyah;DAY;fire_type_1;C2H4:7,CO:39,CO2:106,HCOOH:28,HNO3:109;289;L3_0006;HNO3
2026-08-13;17.60024;52.02221;2026-08-13 06:08:46;20.099016;52.14444;Saudi Arabia;Ash-Sharqīyah;DAY;fire_type_1;C2H4:7,CO:39,CO2:106,HCOOH:28,HNO3:109;289;L3_0006;CO
2026-08-13;17.61914;54.53625;2026-08-13 06:08:46;20.099016;52.14444;Saudi Arabia;Ash-Sharqīyah;DAY;fire_type_1;C2H4:7,CO:39,CO2:106,HCOOH:28,HNO3:109;289;L3_0006;HCOOH
2026-08-13;17.62042;54.96144;2026-08-13 17:17:50;21.06677;51.968433;Saudi Arabia;Ash-Sharqīyah;NIGHT;others;C2H4:2,CO2:5,HCOOH:71,HNO3:15,NH3:2;95;L3_0005;HNO3,SO2
2026-08-13;17.64218;52.67616;2026-08-13 06:08:46;20.099016;52.14444;Saudi Arabia;Ash-Sharqīyah;DAY;fire_type_1;C2H4:7,CO:39,CO2:106,HCOOH:28,HNO3:109;289;L3_0006;HNO3,NH3
2026-08-13;17.64448;49.99133;2026-08-13 06:08:46;20.099016;52.14444;Saudi Arabia;Ash-Sharqīyah;DAY;fire_type_1;C2H4:7,CO:39,CO2:106,HCOOH:28,HNO3:109;289;L3_0006;HNO3
2026-08-13;17.64836;51.72982;2026-08-13 06:08:46;20.099016;52.14444;Saudi Arabia;Ash-Sharqīyah;DAY;fire_type_1;C2H4:7,CO:39,CO2:106,HCOOH:28,HNO3:109;289;L3_0006;HNO3
2026-08-13;17.66404;48.79849;2026-08-13 06:08:46;20.099016;52.14444;Saudi Arabia;Ash-Sharqīyah;DAY;fire_type_1;C2H4:7,CO:39,CO2:106,HCOOH:28,HNO3:109;289;L3_0006;CO2
2026-08-13;17.67703;52.51318;2026-08-13 06:08:46;20.099016;52.14444;Saudi Arabia;Ash-Sharqīyah;DAY;fire_type_1;C2H4:7,CO:39,CO2:106,HCOOH:28,HNO3:109;289;L3_0006;HNO3
2026-08-13;17.70059;49.64345;2026-08-13 06:08:46;20.099016;52.14444;Saudi Arabia;Ash-Sharqīyah;DAY;fire_type_1;C2H4:7,CO:39,CO2:106,HCOOH:28,HNO3:109;289;L3_0006;HNO3
2026-08-13;17.74217;49.43658;2026-08-13 06:08:46;20.099016;52.14444;Saudi Arabia;Ash-Sharqīyah;DAY;fire_type_1;C2H4:7,CO:39,CO2:106,HCOOH:28,HNO3:109;289;L3_0006;HNO3
2026-08-13;17.74242;53.9206;2026-08-13 06:08:46;20.099016;52.14444;Saudi Arabia;Ash-Sharqīyah;DAY;fire_type_1;C2H4:7,CO:39,CO2:106,HCOOH:28,HNO3:109;289;L3_0006;HNO3
2026-08-13;17.75973;52.06058;2026-08-13 06:08:46;20.099016;52.14444;Saudi Arabia;Ash-Sharqīyah;DAY;fire_type_1;C2H4:7,CO:39,CO2:106,HCOOH:28,HNO3:109;289;L3_0006;HNO3
2026-08-13;17.79055;53.63978;2026-08-13 06:08:46;20.099016;52.14444;Saudi Arabia;Ash-Sharqīyah;DAY;fire_type_1;C2H4:7,CO:39,CO2:106,HCOOH:28,HNO3:109;289;L3_0006;HNO3
2026-08-13;17.80928;51.76617;2026-08-13 06:08:46;20.099016;52.14444;Saudi Arabia;Ash-Sharqīyah;DAY;fire_type_1;C2H4:7,CO:39,CO2:106,HCOOH:28,HNO3:109;289;L3_0006;HNO3
2026-08-13;17.81478;54.4094;2026-08-13 06:08:46;20.099016;52.14444;Saudi Arabia;Ash-Sharqīyah;DAY;fire_type_1;C2H4:7,CO:39,CO2:106,HCOOH:28,HNO3:109;289;L3_0006;HNO3
2026-08-13;17.82289;52.83997;2026-08-13 17:17:50;21.06677;51.968433;Saudi Arabia;Ash-Sharqīyah;NIGHT;others;C2H4:2,CO2:5,HCOOH:71,HNO3:15,NH3:2;95;L3_0005;HNO3
2026-08-13;17.84499;51.59588;2026-08-13 06:08:46;20.099016;52.14444;Saudi Arabia;Ash-Sharqīyah;DAY;fire_type_1;C2H4:7,CO:39,CO2:106,HCOOH:28,HNO3:109;289;L3_0006;HNO3
2026-08-13;17.87316;53.19554;2026-08-13 06:08:46;20.099016;52.14444;Saudi Arabia;Ash-Sharqīyah;DAY;fire_type_1;C2H4:7,CO:39,CO2:106,HCOOH:28,HNO3:109;289;L3_0006;HNO3
2026-08-13;17.88772;47.42865;2026-08-13 06:08:46;20.099016;52.14444;Saudi Arabia;Ash-Sharqīyah;DAY;fire_type_1;C2H4:7,CO:39,CO2:106,HCOOH:28,HNO3:109;289;L3_0006;CO
2026-08-13;17.8907;54.09142;2026-08-13 17:17:50;21.06677;51.968433;Saudi Arabia;Ash-Sharqīyah;NIGHT;others;C2H4:2,CO2:5,HCOOH:71,HNO3:15,NH3:2;95;L3_0005;HNO3
2026-08-13;17.90288;50.25269;2026-08-13 06:08:46;20.099016;52.14444;Saudi Arabia;Ash-Sharqīyah;DAY;fire_type_1;C2H4:7,CO:39,CO2:106,HCOOH:28,HNO3:109;289;L3_0006;HNO3
2026-08-13;17.90805;53.03178;2026-08-13 06:08:46;20.099016;52.14444;Saudi Arabia;Ash-Sharqīyah;DAY;fire_type_1;C2H4:7,CO:39,CO2:106,HCOOH:28,HNO3:109;289;L3_0006;HNO3
2026-08-13;17.91407;53.17851;2026-08-13 17:17:50;21.06677;51.968433;Saudi Arabia;Ash-Sharqīyah;NIGHT;others;C2H4:2,CO2:5,HCOOH:71,HNO3:15,NH3:2;95;L3_0005;HNO3
2026-08-13;17.91533;48.43413;2026-08-13 06:08:46;20.099016;52.14444;Saudi Arabia;Ash-Sharqīyah;DAY;fire_type_1;C2H4:7,CO:39,CO2:106,HCOOH:28,HNO3:109;289;L3_0006;CO2
2026-08-13;17.93157;51.11815;2026-08-13 06:08:46;20.099016;52.14444;Saudi Arabia;Ash-Sharqīyah;DAY;fire_type_1;C2H4:7,CO:39,CO2:106,HCOOH:28,HNO3:109;289;L3_0006;HNO3
2026-08-13;17.94777;53.67699;2026-08-13 06:08:46;20.099016;52.14444;Saudi Arabia;Ash-Sharqīyah;DAY;fire_type_1;C2H4:7,CO:39,CO2:106,HCOOH:28,HNO3:109;289;L3_0006;HNO3
2026-08-13;17.9551;52.74868;2026-08-13 06:08:46;20.099016;52.14444;Saudi Arabia;Ash-Sharqīyah;DAY;fire_type_1;C2H4:7,CO:39,CO2:106,HCOOH:28,HNO3:109;289;L3_0006;HNO3
2026-08-13;17.96293;48.19017;2026-08-13 06:08:46;20.099016;52.14444;Saudi Arabia;Ash-Sharqīyah;DAY;fire_type_1;C2H4:7,CO:39,CO2:106,HCOOH:28,HNO3:109;289;L3_0006;CO2
2026-08-13;17.98292;53.51532;2026-08-13 06:08:46;20.099016;52.14444;Saudi Arabia;Ash-Sharqīyah;DAY;fire_type_1;C2H4:7,CO:39,CO2:106,HCOOH:28,HNO3:109;289;L3_0006;HNO3
2026-08-13;17.98976;52.58332;2026-08-13 06:08:46;20.099016;52.14444;Saudi Arabia;Ash-Sharqīyah;DAY;fire_type_1;C2H4:7,CO:39,CO2:106,HCOOH:28,HNO3:109;289;L3_0006;HNO3
2026-08-13;17.9982;55.11345;2026-08-13 06:08:46;20.099016;52.14444;Saudi Arabia;Ash-Sharqīyah;DAY;fire_type_1;C2H4:7,CO:39,CO2:106,HCOOH:28,HNO3:109;289;L3_0006;HNO3
2026-08-13;18.03039;53.23236;2026-08-13 06:08:46;20.099016;52.14444;Saudi Arabia;Ash-Sharqīyah;DAY;fire_type_1;C2H4:7,CO:39,CO2:106,HCOOH:28,HNO3:109;289;L3_0006;HNO3
2026-08-13;18.03446;49.49783;2026-08-13 06:08:46;20.099016;52.14444;Saudi Arabia;Ash-Sharqīyah;DAY;fire_type_1;C2H4:7,CO:39,CO2:106,HCOOH:28,HNO3:109;289;L3_0006;HNO3,CO
2026-08-13;18.03649;52.29871;2026-08-13 06:08:46;20.099016;52.14444;Saudi Arabia;Ash-Sharqīyah;DAY;fire_type_1;C2H4:7,CO:39,CO2:106,HCOOH:28,HNO3:109;289;L3_0006;CaCO3,HNO3,CO
2026-08-13;18.03705;54.94208;2026-08-13 06:08:46;20.099016;52.14444;Saudi Arabia;Ash-Sharqīyah;DAY;fire_type_1;C2H4:7,CO:39,CO2:106,HCOOH:28,HNO3:109;289;L3_0006;HNO3
2026-08-13;18.04429;52.77578;2026-08-13 17:17:50;21.06677;51.968433;Saudi Arabia;Ash-Sharqīyah;NIGHT;others;C2H4:2,CO2:5,HCOOH:71,HNO3:15,NH3:2;95;L3_0005;HNO3
2026-08-13;18.06525;53.07048;2026-08-13 06:08:46;20.099016;52.14444;Saudi Arabia;Ash-Sharqīyah;DAY;fire_type_1;C2H4:7,CO:39,CO2:106,HCOOH:28,HNO3:109;289;L3_0006;HNO3
2026-08-13;18.07372;50.28985;2026-08-13 06:08:46;20.099016;52.14444;Saudi Arabia;Ash-Sharqīyah;DAY;fire_type_1;C2H4:7,CO:39,CO2:106,HCOOH:28,HNO3:109;289;L3_0006;HNO3
2026-08-13;18.0894;47.47274;2026-08-13 06:08:46;20.099016;52.14444;Saudi Arabia;Ash-Sharqīyah;DAY;fire_type_1;C2H4:7,CO:39,CO2:106,HCOOH:28,HNO3:109;289;L3_0006;HNO3
2026-08-13;18.119;51.83834;2026-08-13 06:08:46;20.099016;52.14444;Saudi Arabia;Ash-Sharqīyah;DAY;fire_type_1;C2H4:7,CO:39,CO2:106,HCOOH:28,HNO3:109;289;L3_0006;HNO3
2026-08-13;18.13164;53.12008;2026-08-13 17:17:50;21.06677;51.968433;Saudi Arabia;Ash-Sharqīyah;NIGHT;others;C2H4:2,CO2:5,HCOOH:71,HNO3:15,NH3:2;95;L3_0005;HNO3,CO2
2026-08-13;18.15404;51.66546;2026-08-13 06:08:46;20.099016;52.14444;Saudi Arabia;Ash-Sharqīyah;DAY;fire_type_1;C2H4:7,CO:39,CO2:106,HCOOH:28,HNO3:109;289;L3_0006;CO
2026-08-13;18.17071;49.74578;2026-08-13 06:08:46;20.099016;52.14444;Saudi Arabia;Ash-Sharqīyah;DAY;fire_type_1;C2H4:7,CO:39,CO2:106,HCOOH:28,HNO3:109;289;L3_0006;CO
2026-08-13;18.19553;52.33516;2026-08-13 06:08:46;20.099016;52.14444;Saudi Arabia;Ash-Sharqīyah;DAY;fire_type_1;C2H4:7,CO:39,CO2:106,HCOOH:28,HNO3:109;289;L3_0006;HNO3
2026-08-13;18.19697;54.98328;2026-08-13 06:08:46;20.099016;52.14444;Saudi Arabia;Ash-Sharqīyah;DAY;fire_type_1;C2H4:7,CO:39,CO2:106,HCOOH:28,HNO3:109;289;L3_0006;HNO3
2026-08-13;18.21223;49.53834;2026-08-13 06:08:46;20.099016;52.14444;Saudi Arabia;Ash-Sharqīyah;DAY;fire_type_1;C2H4:7,CO:39,CO2:106,HCOOH:28,HNO3:109;289;L3_0006;HNO3
2026-08-13;18.24798;54.69018;2026-08-13 06:08:46;20.099016;52.14444;Saudi Arabia;Ash-Sharqīyah;DAY;fire_type_1;C2H4:7,CO:39,CO2:106,HCOOH:28,HNO3:109;289;L3_0006;HNO3
2026-08-13;18.2816;53.66108;2026-08-13 17:17:50;21.06677;51.968433;Saudi Arabia;Ash-Sharqīyah;NIGHT;others;C2H4:2,CO2:5,HCOOH:71,HNO3:15,NH3:2;95;L3_0005;HNO3
2026-08-13;18.28463;54.52448;2026-08-13 06:08:46;20.099016;52.14444;Saudi Arabia;Ash-Sharqīyah;DAY;fire_type_1;C2H4:7,CO:39,CO2:106,HCOOH:28,HNO3:109;289;L3_0006;HNO3
2026-08-13;18.28738;52.70705;2026-08-13 17:17:50;21.06677;51.968433;Saudi Arabia;Ash-Sharqīyah;NIGHT;others;C2H4:2,CO2:5,HCOOH:71,HNO3:15,NH3:2;95;L3_0005;HNO3
2026-08-13;18.33413;54.23664;2026-08-13 06:08:46;20.099016;52.14444;Saudi Arabia;Ash-Sharqīyah;DAY;fire_type_1;C2H4:7,CO:39,CO2:106,HCOOH:28,HNO3:109;289;L3_0006;HNO3
2026-08-13;18.36446;51.40057;2026-08-13 06:08:46;20.099016;52.14444;Saudi Arabia;Ash-Sharqīyah;DAY;fire_type_1;C2H4:7,CO:39,CO2:106,HCOOH:28,HNO3:109;289;L3_0006;HNO3
2026-08-13;18.37354;50.35581;2026-08-13 06:08:46;20.099016;52.14444;Saudi Arabia;Ash-Sharqīyah;DAY;fire_type_1;C2H4:7,CO:39,CO2:106,HCOOH:28,HNO3:109;289;L3_0006;CO
2026-08-13;18.379;53.14339;2026-08-13 06:08:46;20.099016;52.14444;Saudi Arabia;Ash-Sharqīyah;DAY;fire_type_1;C2H4:7,CO:39,CO2:106,HCOOH:28,HNO3:109;289;L3_0006;HNO3
2026-08-13;18.45186;50.90955;2026-08-13 06:08:46;20.099016;52.14444;Saudi Arabia;Ash-Sharqīyah;DAY;fire_type_1;C2H4:7,CO:39,CO2:106,HCOOH:28,HNO3:109;289;L3_0006;HNO3
2026-08-13;18.46769;55.23064;2026-08-13 06:05:50;20.099016;52.14444;Saudi Arabia;Ash-Sharqīyah;DAY;fire_type_1;C2H4:7,CO:39,CO2:106,HCOOH:28,HNO3:109;289;L3_0006;HNO3
2026-08-13;18.50869;52.64237;2026-08-13 17:17:50;21.06677;51.968433;Saudi Arabia;Ash-Sharqīyah;NIGHT;others;C2H4:2,CO2:5,HCOOH:71,HNO3:15,NH3:2;95;L3_0005;HNO3
2026-08-13;18.59639;54.59893;2026-08-13 06:05:50;20.099016;52.14444;Saudi Arabia;Ash-Sharqīyah;DAY;fire_type_1;C2H4:7,CO:39,CO2:106,HCOOH:28,HNO3:109;289;L3_0006;HNO3
2026-08-13;18.66538;48.59278;2026-08-13 06:08:46;20.099016;52.14444;Saudi Arabia;Ash-Sharqīyah;DAY;fire_type_1;C2H4:7,CO:39,CO2:106,HCOOH:28,HNO3:109;289;L3_0006;CO2
2026-08-13;18.66651;55.10021;2026-08-13 06:05:50;20.099016;52.14444;Saudi Arabia;Ash-Sharqīyah;DAY;fire_type_1;C2H4:7,CO:39,CO2:106,HCOOH:28,HNO3:109;289;L3_0006;CaCO3,HNO3
2026-08-13;18.67214;55.1348;2026-08-13 17:17:50;21.06677;51.968433;Saudi Arabia;Ash-Sharqīyah;NIGHT;others;C2H4:2,CO2:5,HCOOH:71,HNO3:15,NH3:2;95;L3_0005;NH3
2026-08-13;18.68229;49.64014;2026-08-13 06:08:46;20.099016;52.14444;Saudi Arabia;Ash-Sharqīyah;DAY;fire_type_1;C2H4:7,CO:39,CO2:106,HCOOH:28,HNO3:109;289;L3_0006;CO
2026-08-13;18.71797;54.80559;2026-08-13 06:05:50;20.099016;52.14444;Saudi Arabia;Ash-Sharqīyah;DAY;fire_type_1;C2H4:7,CO:39,CO2:106,HCOOH:28,HNO3:109;289;L3_0006;HNO3
2026-08-13;18.74373;49.26463;2026-08-13 06:08:46;20.099016;52.14444;Saudi Arabia;Ash-Sharqīyah;DAY;fire_type_1;C2H4:7,CO:39,CO2:106,HCOOH:28,HNO3:109;289;L3_0006;HCOOH
2026-08-13;18.74708;53.52979;2026-08-13 17:17:50;21.06677;51.968433;Saudi Arabia;Ash-Sharqīyah;NIGHT;others;C2H4:2,CO2:5,HCOOH:71,HNO3:15,NH3:2;95;L3_0005;HNO3,CO2
2026-08-13;18.75468;54.63946;2026-08-13 06:05:50;20.099016;52.14444;Saudi Arabia;Ash-Sharqīyah;DAY;fire_type_1;C2H4:7,CO:39,CO2:106,HCOOH:28,HNO3:109;289;L3_0006;HNO3
2026-08-13;18.82238;53.83128;2026-08-13 17:17:50;21.06677;51.968433;Saudi Arabia;Ash-Sharqīyah;NIGHT;others;C2H4:2,CO2:5,HCOOH:71,HNO3:15,NH3:2;95;L3_0005;HNO3,CO2
2026-08-13;18.84049;54.18864;2026-08-13 06:05:50;20.099016;52.14444;Saudi Arabia;Ash-Sharqīyah;DAY;fire_type_1;C2H4:7,CO:39,CO2:106,HCOOH:28,HNO3:109;289;L3_0006;HNO3
2026-08-13;18.84597;50.46146;2026-08-13 06:08:46;20.099016;52.14444;Saudi Arabia;Ash-Sharqīyah;DAY;fire_type_1;C2H4:7,CO:39,CO2:106,HCOOH:28,HNO3:109;289;L3_0006;CO2
2026-08-13;18.88206;55.6478;2026-08-13 06:05:50;20.099016;52.14444;Saudi Arabia;Ash-Sharqīyah;DAY;fire_type_1;C2H4:7,CO:39,CO2:106,HCOOH:28,HNO3:109;289;L3_0006;HNO3
2026-08-13;18.888;53.90369;2026-08-13 06:05:50;20.099016;52.14444;Saudi Arabia;Ash-Sharqīyah;DAY;fire_type_1;C2H4:7,CO:39,CO2:106,HCOOH:28,HNO3:109;289;L3_0006;HNO3
2026-08-13;18.92323;53.74115;2026-08-13 06:05:50;20.099016;52.14444;Saudi Arabia;Ash-Sharqīyah;DAY;fire_type_1;C2H4:7,CO:39,CO2:106,HCOOH:28,HNO3:109;289;L3_0006;HNO3
2026-08-13;18.93505;49.91293;2026-08-13 06:08:46;20.099016;52.14444;Saudi Arabia;Ash-Sharqīyah;DAY;fire_type_1;C2H4:7,CO:39,CO2:106,HCOOH:28,HNO3:109;289;L3_0006;CO2
2026-08-13;18.97592;55.17588;2026-08-13 06:05:50;20.099016;52.14444;Saudi Arabia;Ash-Sharqīyah;DAY;fire_type_1;C2H4:7,CO:39,CO2:106,HCOOH:28,HNO3:109;289;L3_0006;HNO3
2026-08-13;19.01681;50.49875;2026-08-13 06:08:46;20.099016;52.14444;Saudi Arabia;Ash-Sharqīyah;DAY;fire_type_1;C2H4:7,CO:39,CO2:106,HCOOH:28,HNO3:109;289;L3_0006;CO2
2026-08-13;19.02735;47.66414;2026-08-13 06:08:46;20.099016;52.14444;Saudi Arabia;Ash-Sharqīyah;DAY;fire_type_1;C2H4:7,CO:39,CO2:106,HCOOH:28,HNO3:109;289;L3_0006;CO2
2026-08-13;19.02844;54.88373;2026-08-13 06:05:50;20.099016;52.14444;Saudi Arabia;Ash-Sharqīyah;DAY;fire_type_1;C2H4:7,CO:39,CO2:106,HCOOH:28,HNO3:109;289;L3_0006;HNO3
2026-08-13;19.0442;55.69046;2026-08-13 06:05:50;20.099016;52.14444;Saudi Arabia;Ash-Sharqīyah;DAY;fire_type_1;C2H4:7,CO:39,CO2:106,HCOOH:28,HNO3:109;289;L3_0006;HNO3
2026-08-13;19.11093;49.95074;2026-08-13 06:08:46;20.099016;52.14444;Saudi Arabia;Ash-Sharqīyah;DAY;fire_type_1;C2H4:7,CO:39,CO2:106,HCOOH:28,HNO3:109;289;L3_0006;CO2
2026-08-13;19.1358;52.55449;2026-08-13 06:05:50;20.099016;52.14444;Saudi Arabia;Ash-Sharqīyah;DAY;fire_type_1;C2H4:7,CO:39,CO2:106,HCOOH:28,HNO3:109;289;L3_0006;CO2
2026-08-13;19.1523;54.26336;2026-08-13 06:05:50;20.099016;52.14444;Saudi Arabia;Ash-Sharqīyah;DAY;fire_type_1;C2H4:7,CO:39,CO2:106,HCOOH:28,HNO3:109;289;L3_0006;HNO3
2026-08-13;19.1533;51.33455;2026-08-13 17:17:50;21.06677;51.968433;Saudi Arabia;Ash-Sharqīyah;NIGHT;others;C2H4:2,CO2:5,HCOOH:71,HNO3:15,NH3:2;95;L3_0005;CO2
2026-08-13;19.20045;53.98004;2026-08-13 06:05:50;20.099016;52.14444;Saudi Arabia;Ash-Sharqīyah;DAY;fire_type_1;C2H4:7,CO:39,CO2:106,HCOOH:28,HNO3:109;289;L3_0006;HNO3
2026-08-13;19.21554;52.43803;2026-08-13 17:17:50;21.06677;51.968433;Saudi Arabia;Ash-Sharqīyah;NIGHT;others;C2H4:2,CO2:5,HCOOH:71,HNO3:15,NH3:2;95;L3_0005;HCOOH
2026-08-13;19.21992;52.09058;2026-08-13 06:05:50;20.099016;52.14444;Saudi Arabia;Ash-Sharqīyah;DAY;fire_type_1;C2H4:7,CO:39,CO2:106,HCOOH:28,HNO3:109;289;L3_0006;CO2
2026-08-13;19.26904;49.94805;2026-08-13 17:17:50;21.06677;51.968433;Saudi Arabia;Ash-Sharqīyah;NIGHT;others;C2H4:2,CO2:5,HCOOH:71,HNO3:15,NH3:2;95;L3_0005;HCOOH
2026-08-13;19.3096;54.30338;2026-08-13 06:05:50;20.099016;52.14444;Saudi Arabia;Ash-Sharqīyah;DAY;fire_type_1;C2H4:7,CO:39,CO2:106,HCOOH:28,HNO3:109;289;L3_0006;HNO3
2026-08-13;19.31846;53.36721;2026-08-13 06:05:50;20.099016;52.14444;Saudi Arabia;Ash-Sharqīyah;DAY;fire_type_1;C2H4:7,CO:39,CO2:106,HCOOH:28,HNO3:109;289;L3_0006;HCOOH
2026-08-13;19.35764;54.01771;2026-08-13 06:05:50;20.099016;52.14444;Saudi Arabia;Ash-Sharqīyah;DAY;fire_type_1;C2H4:7,CO:39,CO2:106,HCOOH:28,HNO3:109;289;L3_0006;HNO3
2026-08-13;19.36535;53.08306;2026-08-13 06:05:50;20.099016;52.14444;Saudi Arabia;Ash-Sharqīyah;DAY;fire_type_1;C2H4:7,CO:39,CO2:106,HCOOH:28,HNO3:109;289;L3_0006;CO2
2026-08-13;19.39291;53.85471;2026-08-13 06:05:50;20.099016;52.14444;Saudi Arabia;Ash-Sharqīyah;DAY;fire_type_1;C2H4:7,CO:39,CO2:106,HCOOH:28,HNO3:109;289;L3_0006;HNO3
2026-08-13;19.40008;52.91633;2026-08-13 06:05:50;20.099016;52.14444;Saudi Arabia;Ash-Sharqīyah;DAY;fire_type_1;C2H4:7,CO:39,CO2:106,HCOOH:28,HNO3:109;289;L3_0006;CO2
2026-08-13;19.40218;50.44218;2026-08-13 17:17:50;21.06677;51.968433;Saudi Arabia;Ash-Sharqīyah;NIGHT;others;C2H4:2,CO2:5,HCOOH:71,HNO3:15,NH3:2;95;L3_0005;HCOOH
2026-08-13;19.40507;50.01572;2026-08-13 06:05:50;20.099016;52.14444;Saudi Arabia;Ash-Sharqīyah;DAY;fire_type_1;C2H4:7,CO:39,CO2:106,HCOOH:28,HNO3:109;289;L3_0006;CO2
2026-08-13;19.40635;55.46628;2026-08-13 06:05:50;20.099016;52.14444;Saudi Arabia;Ash-Sharqīyah;DAY;fire_type_1;C2H4:7,CO:39,CO2:106,HCOOH:28,HNO3:109;289;L3_0006;HNO3
2026-08-13;19.42083;54.17895;2026-08-13 17:17:50;21.06677;51.968433;Saudi Arabia;Ash-Sharqīyah;NIGHT;others;C2H4:2,CO2:5,HCOOH:71,HNO3:15,NH3:2;95;L3_0005;HNO3
2026-08-13;19.44543;55.29354;2026-08-13 06:05:50;20.099016;52.14444;Saudi Arabia;Ash-Sharqīyah;DAY;fire_type_1;C2H4:7,CO:39,CO2:106,HCOOH:28,HNO3:109;289;L3_0006;HNO3,CO
2026-08-13;19.4737;55.98636;2026-08-13 06:05:50;20.099016;52.14444;Saudi Arabia;Ash-Sharqīyah;DAY;fire_type_1;C2H4:7,CO:39,CO2:106,HCOOH:28,HNO3:109;289;L3_0006;HNO3
2026-08-13;19.47563;53.40633;2026-08-13 06:05:50;20.099016;52.14444;Saudi Arabia;Ash-Sharqīyah;DAY;fire_type_1;C2H4:7,CO:39,CO2:106,HCOOH:28,HNO3:109;289;L3_0006;HNO3,CO2,NH3
2026-08-13;19.48714;54.44831;2026-08-13 17:17:50;21.06677;51.968433;Saudi Arabia;Ash-Sharqīyah;NIGHT;others;C2H4:2,CO2:5,HCOOH:71,HNO3:15,NH3:2;95;L3_0005;HNO3
2026-08-13;19.49021;51.66876;2026-08-13 17:17:50;21.06677;51.968433;Saudi Arabia;Ash-Sharqīyah;NIGHT;others;C2H4:2,CO2:5,HCOOH:71,HNO3:15,NH3:2;95;L3_0005;HCOOH
2026-08-13;19.49801;55.00081;2026-08-13 06:05:50;20.099016;52.14444;Saudi Arabia;Ash-Sharqīyah;DAY;fire_type_1;C2H4:7,CO:39,CO2:106,HCOOH:28,HNO3:109;289;L3_0006;CO,CO2
2026-08-13;19.51348;55.80977;2026-08-13 06:05:50;20.099016;52.14444;Saudi Arabia;Ash-Sharqīyah;DAY;fire_type_1;C2H4:7,CO:39,CO2:106,HCOOH:28,HNO3:109;289;L3_0006;C2H4
2026-08-13;19.53558;54.832;2026-08-13 06:05:50;20.099016;52.14444;Saudi Arabia;Ash-Sharqīyah;DAY;fire_type_1;C2H4:7,CO:39,CO2:106,HCOOH:28,HNO3:109;289;L3_0006;CO,CO2
2026-08-13;19.5431;49.19915;2026-08-13 06:05:50;20.099016;52.14444;Saudi Arabia;Ash-Sharqīyah;DAY;fire_type_1;C2H4:7,CO:39,CO2:106,HCOOH:28,HNO3:109;289;L3_0006;CO2
2026-08-13;19.55808;52.95524;2026-08-13 06:05:50;20.099016;52.14444;Saudi Arabia;Ash-Sharqīyah;DAY;fire_type_1;C2H4:7,CO:39,CO2:106,HCOOH:28,HNO3:109;289;L3_0006;CO2
2026-08-13;19.56717;55.50634;2026-08-13 06:05:50;20.099016;52.14444;Saudi Arabia;Ash-Sharqīyah;DAY;fire_type_1;C2H4:7,CO:39,CO2:106,HCOOH:28,HNO3:109;289;L3_0006;HNO3
2026-08-13;19.58569;54.54491;2026-08-13 06:05:50;20.099016;52.14444;Saudi Arabia;Ash-Sharqīyah;DAY;fire_type_1;C2H4:7,CO:39,CO2:106,HCOOH:28,HNO3:109;289;L3_0006;CO2
2026-08-13;19.60967;50.37093;2026-08-13 17:17:50;21.06677;51.968433;Saudi Arabia;Ash-Sharqīyah;NIGHT;others;C2H4:2,CO2:5,HCOOH:71,HNO3:15,NH3:2;95;L3_0005;HCOOH
2026-08-13;19.6221;54.37855;2026-08-13 06:05:50;20.099016;52.14444;Saudi Arabia;Ash-Sharqīyah;DAY;fire_type_1;C2H4:7,CO:39,CO2:106,HCOOH:28,HNO3:109;289;L3_0006;HNO3
2026-08-13;19.62229;49.84436;2026-08-13 06:05:50;20.099016;52.14444;Saudi Arabia;Ash-Sharqīyah;DAY;fire_type_1;C2H4:7,CO:39,CO2:106,HCOOH:28,HNO3:109;289;L3_0006;HNO3
2026-08-13;19.64871;51.50506;2026-08-13 06:05:50;20.099016;52.14444;Saudi Arabia;Ash-Sharqīyah;DAY;fire_type_1;C2H4:7,CO:39,CO2:106,HCOOH:28,HNO3:109;289;L3_0006;CO
2026-08-13;19.69383;54.8729;2026-08-13 06:05:50;20.099016;52.14444;Saudi Arabia;Ash-Sharqīyah;DAY;fire_type_1;C2H4:7,CO:39,CO2:106,HCOOH:28,HNO3:109;289;L3_0006;HNO3
2026-08-13;19.71582;48.09227;2026-08-13 06:05:50;20.099016;52.14444;Saudi Arabia;Ash-Sharqīyah;DAY;fire_type_1;C2H4:7,CO:39,CO2:106,HCOOH:28,HNO3:109;289;L3_0006;CO2
2026-08-13;19.72269;51.60315;2026-08-13 17:17:50;21.06677;51.968433;Saudi Arabia;Ash-Sharqīyah;NIGHT;others;C2H4:2,CO2:5,HCOOH:71,HNO3:15,NH3:2;95;L3_0005;HCOOH
2026-08-13;19.74346;54.58332;2026-08-13 06:05:50;20.099016;52.14444;Saudi Arabia;Ash-Sharqīyah;DAY;fire_type_1;C2H4:7,CO:39,CO2:106,HCOOH:28,HNO3:109;289;L3_0006;HNO3
2026-08-13;19.77248;52.64371;2026-08-13 17:17:50;21.06677;51.968433;Saudi Arabia;Ash-Sharqīyah;NIGHT;others;C2H4:2,CO2:5,HCOOH:71,HNO3:15,NH3:2;95;L3_0005;HCOOH
2026-08-13;19.78862;53.47987;2026-08-13 06:05:50;20.099016;52.14444;Saudi Arabia;Ash-Sharqīyah;DAY;fire_type_1;C2H4:7,CO:39,CO2:106,HCOOH:28,HNO3:109;289;L3_0006;CO2
2026-08-13;19.83552;53.19475;2026-08-13 06:05:50;20.099016;52.14444;Saudi Arabia;Ash-Sharqīyah;DAY;fire_type_1;C2H4:7,CO:39,CO2:106,HCOOH:28,HNO3:109;289;L3_0006;CO2
2026-08-13;19.84074;51.12822;2026-08-13 17:17:50;21.06677;51.968433;Saudi Arabia;Ash-Sharqīyah;NIGHT;others;C2H4:2,CO2:5,HCOOH:71,HNO3:15,NH3:2;95;L3_0005;HCOOH
2026-08-13;19.84207;-13.70513;2026-08-13 11:11:50;22.357227;-13.69899;Morocco;Oued el Dahab;DAY;others;CO2:7,HCOOH:1,HNO3:1;9;L3_0007;CO2
2026-08-13;19.86125;50.29798;2026-08-13 17:17:50;21.06677;51.968433;Saudi Arabia;Ash-Sharqīyah;NIGHT;others;C2H4:2,CO2:5,HCOOH:71,HNO3:15,NH3:2;95;L3_0005;HCOOH
2026-08-13;19.86293;53.96875;2026-08-13 06:05:50;20.099016;52.14444;Saudi Arabia;Ash-Sharqīyah;DAY;fire_type_1;C2H4:7,CO:39,CO2:106,HCOOH:28,HNO3:109;289;L3_0006;HCOOH,CO2
2026-08-13;19.87027;53.02753;2026-08-13 06:05:50;20.099016;52.14444;Saudi Arabia;Ash-Sharqīyah;DAY;fire_type_1;C2H4:7,CO:39,CO2:106,HCOOH:28,HNO3:109;289;L3_0006;CO2
2026-08-13;19.8756;55.58522;2026-08-13 06:05:50;20.099016;52.14444;Saudi Arabia;Ash-Sharqīyah;DAY;fire_type_1;C2H4:7,CO:39,CO2:106,HCOOH:28,HNO3:109;289;L3_0006;HNO3,CO2
2026-08-13;19.88442;54.80219;2026-08-13 17:17:50;21.06677;51.968433;Saudi Arabia;Ash-Sharqīyah;NIGHT;others;C2H4:2,CO2:5,HCOOH:71,HNO3:15,NH3:2;95;L3_0005;HNO3
2026-08-13;19.91077;53.68284;2026-08-13 06:05:50;20.099016;52.14444;Saudi Arabia;Ash-Sharqīyah;DAY;fire_type_1;C2H4:7,CO:39,CO2:106,HCOOH:28,HNO3:109;289;L3_0006;CO2
2026-08-13;19.91411;48.13253;2026-08-13 06:05:50;20.099016;52.14444;Saudi Arabia;Ash-Sharqīyah;DAY;fire_type_1;C2H4:7,CO:39,CO2:106,HCOOH:28,HNO3:109;289;L3_0006;CO2
2026-08-13;19.91477;55.41198;2026-08-13 06:05:50;20.099016;52.14444;Saudi Arabia;Ash-Sharqīyah;DAY;fire_type_1;C2H4:7,CO:39,CO2:106,HCOOH:28,HNO3:109;289;L3_0006;HNO3
2026-08-13;19.91676;52.73885;2026-08-13 06:05:50;20.099016;52.14444;Saudi Arabia;Ash-Sharqīyah;DAY;fire_type_1;C2H4:7,CO:39,CO2:106,HCOOH:28,HNO3:109;289;L3_0006;CO
2026-08-13;19.93471;53.19073;2026-08-13 17:17:50;21.06677;51.968433;Saudi Arabia;Ash-Sharqīyah;NIGHT;others;C2H4:2,CO2:5,HCOOH:71,HNO3:15,NH3:2;95;L3_0005;HCOOH
2026-08-13;19.95152;52.56858;2026-08-13 06:05:50;20.099016;52.14444;Saudi Arabia;Ash-Sharqīyah;DAY;fire_type_1;C2H4:7,CO:39,CO2:106,HCOOH:28,HNO3:109;289;L3_0006;HCOOH,CO
2026-08-13;19.96749;55.11816;2026-08-13 06:05:50;20.099016;52.14444;Saudi Arabia;Ash-Sharqīyah;DAY;fire_type_1;C2H4:7,CO:39,CO2:106,HCOOH:28,HNO3:109;289;L3_0006;CO
2026-08-13;19.98974;52.58338;2026-08-13 17:17:50;21.06677;51.968433;Saudi Arabia;Ash-Sharqīyah;NIGHT;others;C2H4:2,CO2:5,HCOOH:71,HNO3:15,NH3:2;95;L3_0005;HCOOH
2026-08-13;19.99874;52.27284;2026-08-13 06:05:50;20.099016;52.14444;Saudi Arabia;Ash-Sharqīyah;DAY;fire_type_1;C2H4:7,CO:39,CO2:106,HCOOH:28,HNO3:109;289;L3_0006;CO2
2026-08-13;19.9994;10.61979;2026-08-13 09:29:50;26.995811;7.1089997;Algeria;Illizi;DAY;fire_type_1;C2H4:3,CO:15,CO2:19,HCOOH:1,HNO3:10;48;L3_0008;CO2
2026-08-13;20.00513;54.94886;2026-08-13 06:05:50;20.099016;52.14444;Saudi Arabia;Ash-Sharqīyah;DAY;fire_type_1;C2H4:7,CO:39,CO2:106,HCOOH:28,HNO3:109;289;L3_0006;HNO3
2026-08-13;20.02827;53.06659;2026-08-13 06:05:50;20.099016;52.14444;Saudi Arabia;Ash-Sharqīyah;DAY;fire_type_1;C2H4:7,CO:39,CO2:106,HCOOH:28,HNO3:109;289;L3_0006;CO2
2026-08-13;20.0364;55.62548;2026-08-13 06:05:50;20.099016;52.14444;Saudi Arabia;Ash-Sharqīyah;DAY;fire_type_1;C2H4:7,CO:39,CO2:106,HCOOH:28,HNO3:109;289;L3_0006;HNO3
2026-08-13;20.0724;50.22858;2026-08-13 17:17:50;21.06677;51.968433;Saudi Arabia;Ash-Sharqīyah;NIGHT;others;C2H4:2,CO2:5,HCOOH:71,HNO3:15,NH3:2;95;L3_0005;HCOOH
2026-08-13;20.10273;47.04582;2026-08-13 06:05:50;20.099016;52.14444;Saudi Arabia;Ash-Sharqīyah;DAY;fire_type_1;C2H4:7,CO:39,CO2:106,HCOOH:28,HNO3:109;289;L3_0006;CO2
2026-08-13;20.11722;51.61244;2026-08-13 06:05:50;20.099016;52.14444;Saudi Arabia;Ash-Sharqīyah;DAY;fire_type_1;C2H4:7,CO:39,CO2:106,HCOOH:28,HNO3:109;289;L3_0006;HCOOH
2026-08-13;20.12479;45.40177;2026-08-13 06:05:50;20.099016;52.14444;Saudi Arabia;Ash-Sharqīyah;DAY;fire_type_1;C2H4:7,CO:39,CO2:106,HCOOH:28,HNO3:109;289;L3_0006;HNO3
2026-08-13;20.14024;54.20926;2026-08-13 06:05:50;20.099016;52.14444;Saudi Arabia;Ash-Sharqīyah;DAY;fire_type_1;C2H4:7,CO:39,CO2:106,HCOOH:28,HNO3:109;289;L3_0006;CO2
2026-08-13;20.15373;11.03738;2026-08-13 09:29:50;26.995811;7.1089997;Algeria;Illizi;DAY;fire_type_1;C2H4:3,CO:15,CO2:19,HCOOH:1,HNO3:10;48;L3_0008;C2H4
2026-08-13;20.15963;52.30973;2026-08-13 06:05:50;20.099016;52.14444;Saudi Arabia;Ash-Sharqīyah;DAY;fire_type_1;C2H4:7,CO:39,CO2:106,HCOOH:28,HNO3:109;289;L3_0006;CO2
2026-08-13;20.17586;54.04349;2026-08-13 06:05:50;20.099016;52.14444;Saudi Arabia;Ash-Sharqīyah;DAY;fire_type_1;C2H4:7,CO:39,CO2:106,HCOOH:28,HNO3:109;289;L3_0006;CO2
2026-08-13;20.18504;48.18911;2026-08-13 06:05:50;20.099016;52.14444;Saudi Arabia;Ash-Sharqīyah;DAY;fire_type_1;C2H4:7,CO:39,CO2:106,HCOOH:28,HNO3:109;289;L3_0006;CO2
2026-08-13;20.21318;54.69968;2026-08-13 06:05:50;20.099016;52.14444;Saudi Arabia;Ash-Sharqīyah;DAY;fire_type_1;C2H4:7,CO:39,CO2:106,HCOOH:28,HNO3:109;289;L3_0006;CO2
2026-08-13;20.21903;53.43348;2026-08-13 17:17:50;21.06677;51.968433;Saudi Arabia;Ash-Sharqīyah;NIGHT;others;C2H4:2,CO2:5,HCOOH:71,HNO3:15,NH3:2;95;L3_0005;HCOOH
2026-08-13;20.22352;53.75892;2026-08-13 06:05:50;20.099016;52.14444;Saudi Arabia;Ash-Sharqīyah;DAY;fire_type_1;C2H4:7,CO:39,CO2:106,HCOOH:28,HNO3:109;289;L3_0006;CO2
2026-08-13;20.23494;-14.27877;2026-08-13 11:11:50;22.357227;-13.69899;Morocco;Oued el Dahab;DAY;others;CO2:7,HCOOH:1,HNO3:1;9;L3_0007;CO2
2026-08-13;20.30059;50.98644;2026-08-13 17:17:50;21.06677;51.968433;Saudi Arabia;Ash-Sharqīyah;NIGHT;others;C2H4:2,CO2:5,HCOOH:71,HNO3:15,NH3:2;95;L3_0005;HCOOH
2026-08-13;20.33277;54.08332;2026-08-13 06:05:50;20.099016;52.14444;Saudi Arabia;Ash-Sharqīyah;DAY;fire_type_1;C2H4:7,CO:39,CO2:106,HCOOH:28,HNO3:109;289;L3_0006;CO2
2026-08-13;20.33284;51.33328;2026-08-13 06:05:50;20.099016;52.14444;Saudi Arabia;Ash-Sharqīyah;DAY;fire_type_1;C2H4:7,CO:39,CO2:106,HCOOH:28,HNO3:109;289;L3_0006;CO2
2026-08-13;20.33755;33.17153;2026-08-13 07:47:50;23.554474;31.81989;Egypt;Aswan;DAY;fire_type_1;CO:16,CO2:12,HCOOH:1,HNO3:3;32;L3_0009;CO
2026-08-13;20.34487;55.70465;2026-08-13 06:05:50;20.099016;52.14444;Saudi Arabia;Ash-Sharqīyah;DAY;fire_type_1;C2H4:7,CO:39,CO2:106,HCOOH:28,HNO3:109;289;L3_0006;CO
2026-08-13;20.34572;50.22065;2026-08-13 06:05:50;20.099016;52.14444;Saudi Arabia;Ash-Sharqīyah;DAY;fire_type_1;C2H4:7,CO:39,CO2:106,HCOOH:28,HNO3:109;289;L3_0006;HCOOH
2026-08-13;20.35801;47.09363;2026-08-13 06:05:50;20.099016;52.14444;Saudi Arabia;Ash-Sharqīyah;DAY;fire_type_1;C2H4:7,CO:39,CO2:106,HCOOH:28,HNO3:109;289;L3_0006;C2H4
2026-08-13;20.36343;45.44601;2026-08-13 06:05:50;20.099016;52.14444;Saudi Arabia;Ash-Sharqīyah;DAY;fire_type_1;C2H4:7,CO:39,CO2:106,HCOOH:28,HNO3:109;289;L3_0006;HNO3
2026-08-13;20.36926;37.13203;2026-08-13 07:47:50;23.554474;31.81989;Egypt;Aswan;DAY;fire_type_1;CO:16,CO2:12,HCOOH:1,HNO3:3;32;L3_0009;CO2
2026-08-13;20.38069;53.79647;2026-08-13 06:05:50;20.099016;52.14444;Saudi Arabia;Ash-Sharqīyah;DAY;fire_type_1;C2H4:7,CO:39,CO2:106,HCOOH:28,HNO3:109;289;L3_0006;CO2
2026-08-13;20.38503;50.0073;2026-08-13 06:05:50;20.099016;52.14444;Saudi Arabia;Ash-Sharqīyah;DAY;fire_type_1;C2H4:7,CO:39,CO2:106,HCOOH:28,HNO3:109;289;L3_0006;HCOOH
2026-08-13;20.38687;52.84971;2026-08-13 06:05:50;20.099016;52.14444;Saudi Arabia;Ash-Sharqīyah;DAY;fire_type_1;C2H4:7,CO:39,CO2:106,HCOOH:28,HNO3:109;289;L3_0006;CO2
2026-08-13;20.39968;53.05574;2026-08-13 17:17:50;21.06677;51.968433;Saudi Arabia;Ash-Sharqīyah;NIGHT;others;C2H4:2,CO2:5,HCOOH:71,HNO3:15,NH3:2;95;L3_0005;HCOOH
2026-08-13;20.41573;53.63229;2026-08-13 06:05:50;20.099016;52.14444;Saudi Arabia;Ash-Sharqīyah;DAY;fire_type_1;C2H4:7,CO:39,CO2:106,HCOOH:28,HNO3:109;289;L3_0006;CO2
2026-08-13;20.43698;55.23623;2026-08-13 06:05:50;20.099016;52.14444;Saudi Arabia;Ash-Sharqīyah;DAY;fire_type_1;C2H4:7,CO:39,CO2:106,HCOOH:28,HNO3:109;289;L3_0006;CO2
2026-08-13;20.44124;49.63013;2026-08-13 06:05:50;20.099016;52.14444;Saudi Arabia;Ash-Sharqīyah;DAY;fire_type_1;C2H4:7,CO:39,CO2:106,HCOOH:28,HNO3:109;289;L3_0006;CO2
2026-08-13;20.45164;56.0503;2026-08-13 06:05:50;20.099016;52.14444;Saudi Arabia;Ash-Sharqīyah;DAY;fire_type_1;C2H4:7,CO:39,CO2:106,HCOOH:28,HNO3:109;289;L3_0006;HNO3
2026-08-13;20.4539;52.44649;2026-08-13 17:17:50;21.06677;51.968433;Saudi Arabia;Ash-Sharqīyah;NIGHT;others;C2H4:2,CO2:5,HCOOH:71,HNO3:15,NH3:2;95;L3_0005;HCOOH
2026-08-13;20.4633;53.34433;2026-08-13 06:05:50;20.099016;52.14444;Saudi Arabia;Ash-Sharqīyah;DAY;fire_type_1;C2H4:7,CO:39,CO2:106,HCOOH:28,HNO3:109;289;L3_0006;CO2
2026-08-13;20.47941;53.35534;2026-08-13 17:17:50;21.06677;51.968433;Saudi Arabia;Ash-Sharqīyah;NIGHT;others;C2H4:2,CO2:5,HCOOH:71,HNO3:15,NH3:2;95;L3_0005;HCOOH
2026-08-13;20.48264;49.39988;2026-08-13 06:05:50;20.099016;52.14444;Saudi Arabia;Ash-Sharqīyah;DAY;fire_type_1;C2H4:7,CO:39,CO2:106,HCOOH:28,HNO3:109;289;L3_0006;C2H4
2026-08-13;20.50395;52.20703;2026-08-13 06:05:50;20.099016;52.14444;Saudi Arabia;Ash-Sharqīyah;DAY;fire_type_1;C2H4:7,CO:39,CO2:106,HCOOH:28,HNO3:109;289;L3_0006;CO
2026-08-13;20.52501;54.77793;2026-08-13 06:05:50;20.099016;52.14444;Saudi Arabia;Ash-Sharqīyah;DAY;fire_type_1;C2H4:7,CO:39,CO2:106,HCOOH:28,HNO3:109;289;L3_0006;CO2
2026-08-13;20.53771;50.91251;2026-08-13 17:17:50;21.06677;51.968433;Saudi Arabia;Ash-Sharqīyah;NIGHT;others;C2H4:2,CO2:5,HCOOH:71,HNO3:15,NH3:2;95;L3_0005;HCOOH
2026-08-13;20.58793;48.73732;2026-08-13 06:05:50;20.099016;52.14444;Saudi Arabia;Ash-Sharqīyah;DAY;fire_type_1;C2H4:7,CO:39,CO2:106,HCOOH:28,HNO3:109;289;L3_0006;CO2
2026-08-13;20.61727;11.17583;2026-08-13 09:29:50;26.995811;7.1089997;Algeria;Illizi;DAY;fire_type_1;C2H4:3,CO:15,CO2:19,HCOOH:1,HNO3:10;48;L3_0008;CO
2026-08-13;20.6728;51.21261;2026-08-13 06:05:50;20.099016;52.14444;Saudi Arabia;Ash-Sharqīyah;DAY;fire_type_1;C2H4:7,CO:39,CO2:106,HCOOH:28,HNO3:109;289;L3_0006;HCOOH
2026-08-13;20.68429;53.29885;2026-08-13 17:17:50;21.06677;51.968433;Saudi Arabia;Ash-Sharqīyah;NIGHT;others;C2H4:2,CO2:5,HCOOH:71,HNO3:15,NH3:2;95;L3_0005;HCOOH
2026-08-13;20.70087;52.3698;2026-08-13 17:17:50;21.06677;51.968433;Saudi Arabia;Ash-Sharqīyah;NIGHT;others;C2H4:2,CO2:5,HCOOH:71,HNO3:15,NH3:2;95;L3_0005;HCOOH
2026-08-13;20.70152;48.00671;2026-08-13 06:05:50;20.099016;52.14444;Saudi Arabia;Ash-Sharqīyah;DAY;fire_type_1;C2H4:7,CO:39,CO2:106,HCOOH:28,HNO3:109;289;L3_0006;CO2
2026-08-13;20.72387;50.87877;2026-08-13 06:05:50;20.099016;52.14444;Saudi Arabia;Ash-Sharqīyah;DAY;fire_type_1;C2H4:7,CO:39,CO2:106,HCOOH:28,HNO3:109;289;L3_0006;CO2
2026-08-13;20.77467;47.50225;2026-08-13 06:05:50;20.099016;52.14444;Saudi Arabia;Ash-Sharqīyah;DAY;fire_type_1;C2H4:7,CO:39,CO2:106,HCOOH:28,HNO3:109;289;L3_0006;CO2
2026-08-13;20.77562;53.41962;2026-08-13 06:05:50;20.099016;52.14444;Saudi Arabia;Ash-Sharqīyah;DAY;fire_type_1;C2H4:7,CO:39,CO2:106,HCOOH:28,HNO3:109;289;L3_0006;CO2
2026-08-13;20.78018;48.78007;2026-08-13 06:05:50;20.099016;52.14444;Saudi Arabia;Ash-Sharqīyah;DAY;fire_type_1;C2H4:7,CO:39,CO2:106,HCOOH:28,HNO3:109;289;L3_0006;HCOOH
2026-08-13;20.80263;54.19842;2026-08-13 06:05:50;20.099016;52.14444;Saudi Arabia;Ash-Sharqīyah;DAY;fire_type_1;C2H4:7,CO:39,CO2:106,HCOOH:28,HNO3:109;289;L3_0006;CO,CO2
2026-08-13;20.80308;51.43985;2026-08-13 06:05:50;20.099016;52.14444;Saudi Arabia;Ash-Sharqīyah;DAY;fire_type_1;C2H4:7,CO:39,CO2:106,HCOOH:28,HNO3:109;289;L3_0006;CO
2026-08-13;20.81043;53.25139;2026-08-13 06:05:50;20.099016;52.14444;Saudi Arabia;Ash-Sharqīyah;DAY;fire_type_1;C2H4:7,CO:39,CO2:106,HCOOH:28,HNO3:109;289;L3_0006;CO2
2026-08-13;20.85041;49.44896;2026-08-13 17:17:50;21.06677;51.968433;Saudi Arabia;Ash-Sharqīyah;NIGHT;others;C2H4:2,CO2:5,HCOOH:71,HNO3:15,NH3:2;95;L3_0005;HCOOH
2026-08-13;20.85071;53.91068;2026-08-13 06:05:50;20.099016;52.14444;Saudi Arabia;Ash-Sharqīyah;DAY;fire_type_1;C2H4:7,CO:39,CO2:106,HCOOH:28,HNO3:109;289;L3_0006;CO2
2026-08-13;20.85236;48.32631;2026-08-13 06:05:50;20.099016;52.14444;Saudi Arabia;Ash-Sharqīyah;DAY;fire_type_1;C2H4:7,CO:39,CO2:106,HCOOH:28,HNO3:109;289;L3_0006;CO2
2026-08-13;20.85576;50.1106;2026-08-13 06:05:50;20.099016;52.14444;Saudi Arabia;Ash-Sharqīyah;DAY;fire_type_1;C2H4:7,CO:39,CO2:106,HCOOH:28,HNO3:109;289;L3_0006;CO
2026-08-13;20.85696;52.96095;2026-08-13 06:05:50;20.099016;52.14444;Saudi Arabia;Ash-Sharqīyah;DAY;fire_type_1;C2H4:7,CO:39,CO2:106,HCOOH:28,HNO3:109;289;L3_0006;CO2
2026-08-13;20.87846;51.24891;2026-08-13 17:17:50;21.06677;51.968433;Saudi Arabia;Ash-Sharqīyah;NIGHT;others;C2H4:2,CO2:5,HCOOH:71,HNO3:15,NH3:2;95;L3_0005;HCOOH
2026-08-13;20.88055;56.3496;2026-08-13 06:05:50;20.099016;52.14444;Saudi Arabia;Ash-Sharqīyah;DAY;fire_type_1;C2H4:7,CO:39,CO2:106,HCOOH:28,HNO3:109;289;L3_0006;CO2
2026-08-13;20.90636;55.35506;2026-08-13 06:05:50;20.099016;52.14444;Saudi Arabia;Ash-Sharqīyah;DAY;fire_type_1;C2H4:7,CO:39,CO2:106,HCOOH:28,HNO3:109;289;L3_0006;CO
2026-08-13;20.91797;13.77656;2026-08-13 09:29:50;26.995811;7.1089997;Algeria;Illizi;DAY;fire_type_1;C2H4:3,CO:15,CO2:19,HCOOH:1,HNO3:10;48;L3_0008;CO
2026-08-13;20.93339;53.45701;2026-08-13 06:05:50;20.099016;52.14444;Saudi Arabia;Ash-Sharqīyah;DAY;fire_type_1;C2H4:7,CO:39,CO2:106,HCOOH:28,HNO3:109;289;L3_0006;CO2
2026-08-13;20.94456;53.22008;2026-08-13 17:17:50;21.06677;51.968433;Saudi Arabia;Ash-Sharqīyah;NIGHT;others;C2H4:2,CO2:5,HCOOH:71,HNO3:15,NH3:2;95;L3_0005;HCOOH
2026-08-13;20.95231;49.50039;2026-08-13 06:05:50;20.099016;52.14444;Saudi Arabia;Ash-Sharqīyah;DAY;fire_type_1;C2H4:7,CO:39,CO2:106,HCOOH:28,HNO3:109;289;L3_0006;C2H4
2026-08-13;20.96841;53.29074;2026-08-13 06:05:50;20.099016;52.14444;Saudi Arabia;Ash-Sharqīyah;DAY;fire_type_1;C2H4:7,CO:39,CO2:106,HCOOH:28,HNO3:109;289;L3_0006;HCOOH,CO2
2026-08-13;20.99317;49.93913;2026-08-13 17:17:50;21.06677;51.968433;Saudi Arabia;Ash-Sharqīyah;NIGHT;others;C2H4:2,CO2:5,HCOOH:71,HNO3:15,NH3:2;95;L3_0005;HCOOH
2026-08-13;21.01597;52.99815;2026-08-13 06:05:50;20.099016;52.14444;Saudi Arabia;Ash-Sharqīyah;DAY;fire_type_1;C2H4:7,CO:39,CO2:106,HCOOH:28,HNO3:109;289;L3_0006;CO,CO2
2026-08-13;21.0512;52.82889;2026-08-13 06:05:50;20.099016;52.14444;Saudi Arabia;Ash-Sharqīyah;DAY;fire_type_1;C2H4:7,CO:39,CO2:106,HCOOH:28,HNO3:109;289;L3_0006;CO2
2026-08-13;21.07226;52.85763;2026-08-13 17:17:50;21.06677;51.968433;Saudi Arabia;Ash-Sharqīyah;NIGHT;others;C2H4:2,CO2:5,HCOOH:71,HNO3:15,NH3:2;95;L3_0005;HCOOH
2026-08-13;21.07991;54.44051;2026-08-13 06:05:50;20.099016;52.14444;Saudi Arabia;Ash-Sharqīyah;DAY;fire_type_1;C2H4:7,CO:39,CO2:106,HCOOH:28,HNO3:109;289;L3_0006;CO2
2026-08-13;21.10644;51.50922;2026-08-13 06:05:50;20.099016;52.14444;Saudi Arabia;Ash-Sharqīyah;DAY;fire_type_1;C2H4:7,CO:39,CO2:106,HCOOH:28,HNO3:109;289;L3_0006;CO2
2026-08-13;21.11065;51.18156;2026-08-13 17:17:50;21.06677;51.968433;Saudi Arabia;Ash-Sharqīyah;NIGHT;others;C2H4:2,CO2:5,HCOOH:71,HNO3:15,NH3:2;95;L3_0005;HCOOH
2026-08-13;21.12962;10.0297;2026-08-13 09:29:50;26.995811;7.1089997;Algeria;Illizi;DAY;fire_type_1;C2H4:3,CO:15,CO2:19,HCOOH:1,HNO3:10;48;L3_0008;CO2
2026-08-13;21.13574;52.35553;2026-08-13 06:05:50;20.099016;52.14444;Saudi Arabia;Ash-Sharqīyah;DAY;fire_type_1;C2H4:7,CO:39,CO2:106,HCOOH:28,HNO3:109;289;L3_0006;CO2
2026-08-13;21.17015;31.61668;2026-08-13 07:47:50;23.554474;31.81989;Egypt;Aswan;DAY;fire_type_1;CO:16,CO2:12,HCOOH:1,HNO3:3;32;L3_0009;CO
2026-08-13;21.1756;55.12963;2026-08-13 17:17:50;21.06677;51.968433;Saudi Arabia;Ash-Sharqīyah;NIGHT;others;C2H4:2,CO2:5,HCOOH:71,HNO3:15,NH3:2;95;L3_0005;CO2
2026-08-13;21.18515;52.047;2026-08-13 06:05:50;20.099016;52.14444;Saudi Arabia;Ash-Sharqīyah;DAY;fire_type_1;C2H4:7,CO:39,CO2:106,HCOOH:28,HNO3:109;289;L3_0006;HCOOH
2026-08-13;21.18843;54.76785;2026-08-13 06:05:50;20.099016;52.14444;Saudi Arabia;Ash-Sharqīyah;DAY;fire_type_1;C2H4:7,CO:39,CO2:106,HCOOH:28,HNO3:109;289;L3_0006;CO2
2026-08-13;21.19851;53.82036;2026-08-13 06:05:50;20.099016;52.14444;Saudi Arabia;Ash-Sharqīyah;DAY;fire_type_1;C2H4:7,CO:39,CO2:106,HCOOH:28,HNO3:109;289;L3_0006;CO2
2026-08-13;21.20272;49.12764;2026-08-13 06:05:50;20.099016;52.14444;Saudi Arabia;Ash-Sharqīyah;DAY;fire_type_1;C2H4:7,CO:39,CO2:106,HCOOH:28,HNO3:109;289;L3_0006;CO2
2026-08-13;21.21771;36.69467;2026-08-13 07:47:50;23.554474;31.81989;Egypt;Aswan;DAY;fire_type_1;CO:16,CO2:12,HCOOH:1,HNO3:3;32;L3_0009;CO
2026-08-13;21.22168;51.86701;2026-08-13 06:05:50;20.099016;52.14444;Saudi Arabia;Ash-Sharqīyah;DAY;fire_type_1;C2H4:7,CO:39,CO2:106,HCOOH:28,HNO3:109;289;L3_0006;CO2
2026-08-13;21.22668;50.70116;2026-08-13 17:17:50;21.06677;51.968433;Saudi Arabia;Ash-Sharqīyah;NIGHT;others;C2H4:2,CO2:5,HCOOH:71,HNO3:15,NH3:2;95;L3_0005;HCOOH
2026-08-13;21.24531;53.53264;2026-08-13 06:05:50;20.099016;52.14444;Saudi Arabia;Ash-Sharqīyah;DAY;fire_type_1;C2H4:7,CO:39,CO2:106,HCOOH:28,HNO3:109;289;L3_0006;CO2
2026-08-13;21.28015;53.36388;2026-08-13 06:05:50;20.099016;52.14444;Saudi Arabia;Ash-Sharqīyah;DAY;fire_type_1;C2H4:7,CO:39,CO2:106,HCOOH:28,HNO3:109;289;L3_0006;CO2
2026-08-13;21.28486;50.42776;2026-08-13 06:05:50;20.099016;52.14444;Saudi Arabia;Ash-Sharqīyah;DAY;fire_type_1;C2H4:7,CO:39,CO2:106,HCOOH:28,HNO3:109;289;L3_0006;CO
2026-08-13;21.2913;51.81873;2026-08-13 17:17:50;21.06677;51.968433;Saudi Arabia;Ash-Sharqīyah;NIGHT;others;C2H4:2,CO2:5,HCOOH:71,HNO3:15,NH3:2;95;L3_0005;HCOOH
2026-08-13;21.29137;56.79029;2026-08-13 06:05:50;20.099016;52.14444;Saudi Arabia;Ash-Sharqīyah;DAY;fire_type_1;C2H4:7,CO:39,CO2:106,HCOOH:28,HNO3:109;289;L3_0006;CO
2026-08-13;21.30972;49.30078;2026-08-13 17:17:50;21.06677;51.968433;Saudi Arabia;Ash-Sharqīyah;NIGHT;others;C2H4:2,CO2:5,HCOOH:71,HNO3:15,NH3:2;95;L3_0005;HCOOH
2026-08-13;21.31082;51.35846;2026-08-13 06:05:50;20.099016;52.14444;Saudi Arabia;Ash-Sharqīyah;DAY;fire_type_1;C2H4:7,CO:39,CO2:106,HCOOH:28,HNO3:109;289;L3_0006;HCOOH
2026-08-13;21.32052;54.02532;2026-08-13 06:05:50;20.099016;52.14444;Saudi Arabia;Ash-Sharqīyah;DAY;fire_type_1;C2H4:7,CO:39,CO2:106,HCOOH:28,HNO3:109;289;L3_0006;CO2
2026-08-13;21.32162;48.42316;2026-08-13 06:05:50;20.099016;52.14444;Saudi Arabia;Ash-Sharqīyah;DAY;fire_type_1;C2H4:7,CO:39,CO2:106,HCOOH:28,HNO3:109;289;L3_0006;C2H4
2026-08-13;21.32704;53.07257;2026-08-13 06:05:50;20.099016;52.14444;Saudi Arabia;Ash-Sharqīyah;DAY;fire_type_1;C2H4:7,CO:39,CO2:106,HCOOH:28,HNO3:109;289;L3_0006;CO2
2026-08-13;21.34092;51.10605;2026-08-13 17:17:50;21.06677;51.968433;Saudi Arabia;Ash-Sharqīyah;NIGHT;others;C2H4:2,CO2:5,HCOOH:71,HNO3:15,NH3:2;95;L3_0005;HCOOH
2026-08-13;21.36185;52.90071;2026-08-13 06:05:50;20.099016;52.14444;Saudi Arabia;Ash-Sharqīyah;DAY;fire_type_1;C2H4:7,CO:39,CO2:106,HCOOH:28,HNO3:109;289;L3_0006;CO2
2026-08-13;21.36487;51.02152;2026-08-13 06:05:50;20.099016;52.14444;Saudi Arabia;Ash-Sharqīyah;DAY;fire_type_1;C2H4:7,CO:39,CO2:106,HCOOH:28,HNO3:109;289;L3_0006;HCOOH
2026-08-13;21.37556;55.47431;2026-08-13 06:05:50;20.099016;52.14444;Saudi Arabia;Ash-Sharqīyah;DAY;fire_type_1;C2H4:7,CO:39,CO2:106,HCOOH:28,HNO3:109;289;L3_0006;CO2
2026-08-13;21.3834;-13.93442;2026-08-13 11:08:46;22.357227;-13.69899;Morocco;Oued el Dahab;DAY;others;CO2:7,HCOOH:1,HNO3:1;9;L3_0007;CO2
2026-08-13;21.40521;32.83075;2026-08-13 07:47:50;23.554474;31.81989;Egypt;Aswan;DAY;fire_type_1;CO:16,CO2:12,HCOOH:1,HNO3:3;32;L3_0009;CO,CO2
2026-08-13;21.4339;46.33828;2026-08-13 06:05:50;20.099016;52.14444;Saudi Arabia;Ash-Sharqīyah;DAY;fire_type_1;C2H4:7,CO:39,CO2:106,HCOOH:28,HNO3:109;289;L3_0006;HCOOH
2026-08-13;21.43811;53.40339;2026-08-13 06:05:50;20.099016;52.14444;Saudi Arabia;Ash-Sharqīyah;DAY;fire_type_1;C2H4:7,CO:39,CO2:106,HCOOH:28,HNO3:109;289;L3_0006;HCOOH
2026-08-13;21.45331;49.79222;2026-08-13 17:17:50;21.06677;51.968433;Saudi Arabia;Ash-Sharqīyah;NIGHT;others;C2H4:2,CO2:5,HCOOH:71,HNO3:15,NH3:2;95;L3_0005;HCOOH
2026-08-13;21.46356;50.62594;2026-08-13 17:17:50;21.06677;51.968433;Saudi Arabia;Ash-Sharqīyah;NIGHT;others;C2H4:2,CO2:5,HCOOH:71,HNO3:15,NH3:2;95;L3_0005;HCOOH
2026-08-13;21.50859;35.48095;2026-08-13 07:47:50;23.554474;31.81989;Egypt;Aswan;DAY;fire_type_1;CO:16,CO2:12,HCOOH:1,HNO3:3;32;L3_0009;CO
2026-08-13;21.52169;13.42634;2026-08-13 09:29:50;26.995811;7.1089997;Algeria;Illizi;DAY;fire_type_1;C2H4:3,CO:15,CO2:19,HCOOH:1,HNO3:10;48;L3_0008;CO
2026-08-13;21.53683;52.71994;2026-08-13 17:17:50;21.06677;51.968433;Saudi Arabia;Ash-Sharqīyah;NIGHT;others;C2H4:2,CO2:5,HCOOH:71,HNO3:15,NH3:2;95;L3_0005;HCOOH
2026-08-13;21.55277;53.57041;2026-08-13 17:17:50;21.06677;51.968433;Saudi Arabia;Ash-Sharqīyah;NIGHT;others;C2H4:2,CO2:5,HCOOH:71,HNO3:15,NH3:2;95;L3_0005;HCOOH
2026-08-13;21.5716;55.3452;2026-08-13 06:05:50;20.099016;52.14444;Saudi Arabia;Ash-Sharqīyah;DAY;fire_type_1;C2H4:7,CO:39,CO2:106,HCOOH:28,HNO3:109;289;L3_0006;CO2
2026-08-13;21.57301;51.0381;2026-08-13 17:17:50;21.06677;51.968433;Saudi Arabia;Ash-Sharqīyah;NIGHT;others;C2H4:2,CO2:5,HCOOH:71,HNO3:15,NH3:2;95;L3_0005;HCOOH
2026-08-13;21.58411;-12.73006;2026-08-13 11:08:46;22.357227;-13.69899;Morocco;Oued el Dahab;DAY;others;CO2:7,HCOOH:1,HNO3:1;9;L3_0007;HNO3,NH3
2026-08-13;21.61433;53.02632;2026-08-13 17:17:50;21.06677;51.968433;Saudi Arabia;Ash-Sharqīyah;NIGHT;others;C2H4:2,CO2:5,HCOOH:71,HNO3:15,NH3:2;95;L3_0005;HCOOH
2026-08-13;21.62156;55.0521;2026-08-13 06:05:50;20.099016;52.14444;Saudi Arabia;Ash-Sharqīyah;DAY;fire_type_1;C2H4:7,CO:39,CO2:106,HCOOH:28,HNO3:109;289;L3_0006;CO
2026-08-13;21.62291;53.8391;2026-08-13 17:17:50;21.06677;51.968433;Saudi Arabia;Ash-Sharqīyah;NIGHT;others;C2H4:2,CO2:5,HCOOH:71,HNO3:15,NH3:2;95;L3_0005;HCOOH
2026-08-13;21.62771;52.08891;2026-08-13 17:17:50;21.06677;51.968433;Saudi Arabia;Ash-Sharqīyah;NIGHT;others;C2H4:2,CO2:5,HCOOH:71,HNO3:15,NH3:2;95;L3_0005;HCOOH
2026-08-13;21.70661;54.59556;2026-08-13 06:05:50;20.099016;52.14444;Saudi Arabia;Ash-Sharqīyah;DAY;fire_type_1;C2H4:7,CO:39,CO2:106,HCOOH:28,HNO3:109;289;L3_0006;CO2
2026-08-13;21.71227;47.69087;2026-08-13 06:05:50;20.099016;52.14444;Saudi Arabia;Ash-Sharqīyah;DAY;fire_type_1;C2H4:7,CO:39,CO2:106,HCOOH:28,HNO3:109;289;L3_0006;CO2
2026-08-13;21.71522;53.64625;2026-08-13 06:05:50;20.099016;52.14444;Saudi Arabia;Ash-Sharqīyah;DAY;fire_type_1;C2H4:7,CO:39,CO2:106,HCOOH:28,HNO3:109;289;L3_0006;CO2
2026-08-13;21.74214;54.43008;2026-08-13 06:05:50;20.099016;52.14444;Saudi Arabia;Ash-Sharqīyah;DAY;fire_type_1;C2H4:7,CO:39,CO2:106,HCOOH:28,HNO3:109;289;L3_0006;HNO3,CO2
2026-08-13;21.74318;51.65371;2026-08-13 06:05:50;20.099016;52.14444;Saudi Arabia;Ash-Sharqīyah;DAY;fire_type_1;C2H4:7,CO:39,CO2:106,HCOOH:28,HNO3:109;289;L3_0006;HCOOH
2026-08-13;21.7501;53.47695;2026-08-13 06:05:50;20.099016;52.14444;Saudi Arabia;Ash-Sharqīyah;DAY;fire_type_1;C2H4:7,CO:39,CO2:106,HCOOH:28,HNO3:109;289;L3_0006;CO
2026-08-13;21.75359;51.67485;2026-08-13 17:17:50;21.06677;51.968433;Saudi Arabia;Ash-Sharqīyah;NIGHT;others;C2H4:2,CO2:5,HCOOH:71,HNO3:15,NH3:2;95;L3_0005;HCOOH
2026-08-13;21.76503;45.71035;2026-08-13 06:05:50;20.099016;52.14444;Saudi Arabia;Ash-Sharqīyah;DAY;fire_type_1;C2H4:7,CO:39,CO2:106,HCOOH:28,HNO3:109;289;L3_0006;HNO3
2026-08-13;21.76907;49.15121;2026-08-13 17:17:50;21.06677;51.968433;Saudi Arabia;Ash-Sharqīyah;NIGHT;others;C2H4:2,CO2:5,HCOOH:71,HNO3:15,NH3:2;95;L3_0005;HCOOH
2026-08-13;21.77075;13.51069;2026-08-13 09:29:50;26.995811;7.1089997;Algeria;Illizi;DAY;fire_type_1;C2H4:3,CO:15,CO2:19,HCOOH:1,HNO3:10;48;L3_0008;CO
2026-08-13;21.78082;51.46495;2026-08-13 06:05:50;20.099016;52.14444;Saudi Arabia;Ash-Sharqīyah;DAY;fire_type_1;C2H4:7,CO:39,CO2:106,HCOOH:28,HNO3:109;289;L3_0006;HCOOH
2026-08-13;21.79364;52.64424;2026-08-13 17:17:50;21.06677;51.968433;Saudi Arabia;Ash-Sharqīyah;NIGHT;others;C2H4:2,CO2:5,HCOOH:71,HNO3:15,NH3:2;95;L3_0005;HCOOH
2026-08-13;21.83644;14.07488;2026-08-13 09:29:50;26.995811;7.1089997;Algeria;Illizi;DAY;fire_type_1;C2H4:3,CO:15,CO2:19,HCOOH:1,HNO3:10;48;L3_0008;CO2
2026-08-13;21.87447;52.94638;2026-08-13 17:17:50;21.06677;51.968433;Saudi Arabia;Ash-Sharqīyah;NIGHT;others;C2H4:2,CO2:5,HCOOH:71,HNO3:15,NH3:2;95;L3_0005;HCOOH
2026-08-13;21.8792;52.71285;2026-08-13 06:05:50;20.099016;52.14444;Saudi Arabia;Ash-Sharqīyah;DAY;fire_type_1;C2H4:7,CO:39,CO2:106,HCOOH:28,HNO3:109;289;L3_0006;HNO3,CO2
2026-08-13;21.90118;46.42785;2026-08-13 06:05:50;20.099016;52.14444;Saudi Arabia;Ash-Sharqīyah;DAY;fire_type_1;C2H4:7,CO:39,CO2:106,HCOOH:28,HNO3:109;289;L3_0006;HNO3
2026-08-13;21.9135;49.64396;2026-08-13 17:17:50;21.06677;51.968433;Saudi Arabia;Ash-Sharqīyah;NIGHT;others;C2H4:2,CO2:5,HCOOH:71,HNO3:15,NH3:2;95;L3_0005;C2H4
2026-08-13;21.93335;55.13145;2026-08-13 06:05:50;20.099016;52.14444;Saudi Arabia;Ash-Sharqīyah;DAY;fire_type_1;C2H4:7,CO:39,CO2:106,HCOOH:28,HNO3:109;289;L3_0006;CO2
2026-08-13;21.95134;55.93455;2026-08-13 06:05:50;20.099016;52.14444;Saudi Arabia;Ash-Sharqīyah;DAY;fire_type_1;C2H4:7,CO:39,CO2:106,HCOOH:28,HNO3:109;289;L3_0006;CO
2026-08-13;21.97007;54.96254;2026-08-13 06:05:50;20.099016;52.14444;Saudi Arabia;Ash-Sharqīyah;DAY;fire_type_1;C2H4:7,CO:39,CO2:106,HCOOH:28,HNO3:109;289;L3_0006;CO2
2026-08-13;21.99127;53.05186;2026-08-13 06:05:50;20.099016;52.14444;Saudi Arabia;Ash-Sharqīyah;DAY;fire_type_1;C2H4:7,CO:39,CO2:106,HCOOH:28,HNO3:109;289;L3_0006;HCOOH
2026-08-13;21.9985;51.60269;2026-08-13 17:17:50;21.06677;51.968433;Saudi Arabia;Ash-Sharqīyah;NIGHT;others;C2H4:2,CO2:5,HCOOH:71,HNO3:15,NH3:2;95;L3_0005;HCOOH
2026-08-13;22.01826;53.43443;2026-08-13 17:17:50;21.06677;51.968433;Saudi Arabia;Ash-Sharqīyah;NIGHT;others;C2H4:2,CO2:5,HCOOH:71,HNO3:15,NH3:2;95;L3_0005;HCOOH
2026-08-13;22.03515;50.89362;2026-08-13 17:17:50;21.06677;51.968433;Saudi Arabia;Ash-Sharqīyah;NIGHT;others;C2H4:2,CO2:5,HCOOH:71,HNO3:15,NH3:2;95;L3_0005;HCOOH
2026-08-13;22.08229;35.11934;2026-08-13 07:47:50;23.554474;31.81989;Egypt;Aswan;DAY;fire_type_1;CO:16,CO2:12,HCOOH:1,HNO3:3;32;L3_0009;CO
2026-08-13;22.09374;51.94922;2026-08-13 17:17:50;21.06677;51.968433;Saudi Arabia;Ash-Sharqīyah;NIGHT;others;C2H4:2,CO2:5,HCOOH:71,HNO3:15,NH3:2;95;L3_0005;HCOOH
2026-08-13;22.12293;57.56221;2026-08-13 06:05:50;20.099016;52.14444;Saudi Arabia;Ash-Sharqīyah;DAY;fire_type_1;C2H4:7,CO:39,CO2:106,HCOOH:28,HNO3:109;289;L3_0006;CO
2026-08-13;22.14073;-15.01154;2026-08-13 11:08:46;22.357227;-13.69899;Morocco;Oued el Dahab;DAY;others;CO2:7,HCOOH:1,HNO3:1;9;L3_0007;CO2
2026-08-13;22.14973;50.40994;2026-08-13 17:17:50;21.06677;51.968433;Saudi Arabia;Ash-Sharqīyah;NIGHT;others;C2H4:2,CO2:5,HCOOH:71,HNO3:15,NH3:2;95;L3_0005;HCOOH
2026-08-13;22.15376;36.00029;2026-08-13 07:47:50;23.554474;31.81989;Egypt;Aswan;DAY;fire_type_1;CO:16,CO2:12,HCOOH:1,HNO3:3;32;L3_0009;CO2
2026-08-13;22.18514;53.76036;2026-08-13 06:05:50;20.099016;52.14444;Saudi Arabia;Ash-Sharqīyah;DAY;fire_type_1;C2H4:7,CO:39,CO2:106,HCOOH:28,HNO3:109;289;L3_0006;CO
2026-08-13;22.21909;51.53367;2026-08-13 17:17:50;21.06677;51.968433;Saudi Arabia;Ash-Sharqīyah;NIGHT;others;C2H4:2,CO2:5,HCOOH:71,HNO3:15,NH3:2;95;L3_0005;C2H4,HCOOH
2026-08-13;22.22821;49.0002;2026-08-13 17:17:50;21.06677;51.968433;Saudi Arabia;Ash-Sharqīyah;NIGHT;others;C2H4:2,CO2:5,HCOOH:71,HNO3:15,NH3:2;95;L3_0005;HCOOH
2026-08-13;22.22823;57.03948;2026-08-13 06:05:50;20.099016;52.14444;Saudi Arabia;Ash-Sharqīyah;DAY;fire_type_1;C2H4:7,CO:39,CO2:106,HCOOH:28,HNO3:109;289;L3_0006;CO
2026-08-13;22.25797;52.50474;2026-08-13 17:17:50;21.06677;51.968433;Saudi Arabia;Ash-Sharqīyah;NIGHT;others;C2H4:2,CO2:5,HCOOH:71,HNO3:15,NH3:2;95;L3_0005;NH3
2026-08-13;22.2601;54.25627;2026-08-13 06:05:50;20.099016;52.14444;Saudi Arabia;Ash-Sharqīyah;DAY;fire_type_1;C2H4:7,CO:39,CO2:106,HCOOH:28,HNO3:109;289;L3_0006;CO2
2026-08-13;22.2652;50.81709;2026-08-13 17:17:50;21.06677;51.968433;Saudi Arabia;Ash-Sharqīyah;NIGHT;others;C2H4:2,CO2:5,HCOOH:71,HNO3:15,NH3:2;95;L3_0005;HCOOH
2026-08-13;22.33918;52.80777;2026-08-13 17:17:50;21.06677;51.968433;Saudi Arabia;Ash-Sharqīyah;NIGHT;others;C2H4:2,CO2:5,HCOOH:71,HNO3:15,NH3:2;95;L3_0005;HCOOH
2026-08-13;22.33991;33.08923;2026-08-13 07:47:50;23.554474;31.81989;Egypt;Aswan;DAY;fire_type_1;CO:16,CO2:12,HCOOH:1,HNO3:3;32;L3_0009;CO
2026-08-13;22.36896;46.51707;2026-08-13 06:05:50;20.099016;52.14444;Saudi Arabia;Ash-Sharqīyah;DAY;fire_type_1;C2H4:7,CO:39,CO2:106,HCOOH:28,HNO3:109;289;L3_0006;HNO3
2026-08-13;22.3749;31.40291;2026-08-13 07:47:50;23.554474;31.81989;Egypt;Aswan;DAY;fire_type_1;CO:16,CO2:12,HCOOH:1,HNO3:3;32;L3_0009;CO2
2026-08-13;22.38427;52.64615;2026-08-13 06:05:50;20.099016;52.14444;Saudi Arabia;Ash-Sharqīyah;DAY;fire_type_1;C2H4:7,CO:39,CO2:106,HCOOH:28,HNO3:109;289;L3_0006;HCOOH,CO
2026-08-13;22.44032;33.5169;2026-08-13 07:47:50;23.554474;31.81989;Egypt;Aswan;DAY;fire_type_1;CO:16,CO2:12,HCOOH:1,HNO3:3;32;L3_0009;HNO3
2026-08-13;22.46552;52.4412;2026-08-13 17:17:50;21.06677;51.968433;Saudi Arabia;Ash-Sharqīyah;NIGHT;others;C2H4:2,CO2:5,HCOOH:71,HNO3:15,NH3:2;95;L3_0005;HCOOH
2026-08-13;22.54581;52.68585;2026-08-13 06:05:50;20.099016;52.14444;Saudi Arabia;Ash-Sharqīyah;DAY;fire_type_1;C2H4:7,CO:39,CO2:106,HCOOH:28,HNO3:109;289;L3_0006;CO2
2026-08-13;22.55436;53.56754;2026-08-13 17:17:50;21.06677;51.968433;Saudi Arabia;Ash-Sharqīyah;NIGHT;others;C2H4:2,CO2:5,HCOOH:71,HNO3:15,NH3:2;95;L3_0005;HCOOH
2026-08-13;22.56038;55.29012;2026-08-13 06:05:50;20.099016;52.14444;Saudi Arabia;Ash-Sharqīyah;DAY;fire_type_1;C2H4:7,CO:39,CO2:106,HCOOH:28,HNO3:109;289;L3_0006;CO2
2026-08-13;22.57267;54.33406;2026-08-13 06:05:50;20.099016;52.14444;Saudi Arabia;Ash-Sharqīyah;DAY;fire_type_1;C2H4:7,CO:39,CO2:106,HCOOH:28,HNO3:109;289;L3_0006;CO
2026-08-13;22.59535;52.37415;2026-08-13 06:05:50;20.099016;52.14444;Saudi Arabia;Ash-Sharqīyah;DAY;fire_type_1;C2H4:7,CO:39,CO2:106,HCOOH:28,HNO3:109;289;L3_0006;CO2
2026-08-13;22.59666;46.56449;2026-08-13 06:05:50;20.099016;52.14444;Saudi Arabia;Ash-Sharqīyah;DAY;fire_type_1;C2H4:7,CO:39,CO2:106,HCOOH:28,HNO3:109;289;L3_0006;HNO3
2026-08-13;22.67884;32.37329;2026-08-13 07:47:50;23.554474;31.81989;Egypt;Aswan;DAY;fire_type_1;CO:16,CO2:12,HCOOH:1,HNO3:3;32;L3_0009;CO2
2026-08-13;22.68048;51.39091;2026-08-13 17:17:50;21.06677;51.968433;Saudi Arabia;Ash-Sharqīyah;NIGHT;others;C2H4:2,CO2:5,HCOOH:71,HNO3:15,NH3:2;95;L3_0005;HCOOH
2026-08-13;22.6908;11.80904;2026-08-13 09:29:50;26.995811;7.1089997;Algeria;Illizi;DAY;fire_type_1;C2H4:3,CO:15,CO2:19,HCOOH:1,HNO3:10;48;L3_0008;C2H4
2026-08-13;22.70063;47.55974;2026-08-13 06:05:50;20.099016;52.14444;Saudi Arabia;Ash-Sharqīyah;DAY;fire_type_1;C2H4:7,CO:39,CO2:106,HCOOH:28,HNO3:109;289;L3_0006;HCOOH
2026-08-13;22.72084;51.67872;2026-08-13 06:05:50;20.099016;52.14444;Saudi Arabia;Ash-Sharqīyah;DAY;fire_type_1;C2H4:7,CO:39,CO2:106,HCOOH:28,HNO3:109;289;L3_0006;HCOOH
2026-08-13;22.72226;31.30183;2026-08-13 07:47:50;23.554474;31.81989;Egypt;Aswan;DAY;fire_type_1;CO:16,CO2:12,HCOOH:1,HNO3:3;32;L3_0009;CO
2026-08-13;22.72708;50.67077;2026-08-13 17:17:50;21.06677;51.968433;Saudi Arabia;Ash-Sharqīyah;NIGHT;others;C2H4:2,CO2:5,HCOOH:71,HNO3:15,NH3:2;95;L3_0005;HCOOH
2026-08-13;22.72977;54.37247;2026-08-13 06:05:50;20.099016;52.14444;Saudi Arabia;Ash-Sharqīyah;DAY;fire_type_1;C2H4:7,CO:39,CO2:106,HCOOH:28,HNO3:109;289;L3_0006;CO
2026-08-13;22.73689;53.41015;2026-08-13 06:05:50;20.099016;52.14444;Saudi Arabia;Ash-Sharqīyah;DAY;fire_type_1;C2H4:7,CO:39,CO2:106,HCOOH:28,HNO3:109;289;L3_0006;CO2
2026-08-13;22.75413;14.3788;2026-08-13 09:26:46;26.995811;7.1089997;Algeria;Illizi;DAY;fire_type_1;C2H4:3,CO:15,CO2:19,HCOOH:1,HNO3:10;48;L3_0008;CO2
2026-08-13;22.76927;29.34636;2026-08-13 07:47:50;23.554474;31.81989;Egypt;Aswan;DAY;fire_type_1;CO:16,CO2:12,HCOOH:1,HNO3:3;32;L3_0009;CO
2026-08-13;22.77177;53.23658;2026-08-13 06:05:50;20.099016;52.14444;Saudi Arabia;Ash-Sharqīyah;DAY;fire_type_1;C2H4:7,CO:39,CO2:106,HCOOH:28,HNO3:109;289;L3_0006;CO2
2026-08-13;22.77472;51.33837;2026-08-13 06:05:50;20.099016;52.14444;Saudi Arabia;Ash-Sharqīyah;DAY;fire_type_1;C2H4:7,CO:39,CO2:106,HCOOH:28,HNO3:109;289;L3_0006;CO2
2026-08-13;22.78051;46.97545;2026-08-13 06:05:50;20.099016;52.14444;Saudi Arabia;Ash-Sharqīyah;DAY;fire_type_1;C2H4:7,CO:39,CO2:106,HCOOH:28,HNO3:109;289;L3_0006;HCOOH
2026-08-13;22.80354;52.66807;2026-08-13 17:17:50;21.06677;51.968433;Saudi Arabia;Ash-Sharqīyah;NIGHT;others;C2H4:2,CO2:5,HCOOH:71,HNO3:15,NH3:2;95;L3_0005;HCOOH
2026-08-13;22.81378;51.13772;2026-08-13 06:05:50;20.099016;52.14444;Saudi Arabia;Ash-Sharqīyah;DAY;fire_type_1;C2H4:7,CO:39,CO2:106,HCOOH:28,HNO3:109;289;L3_0006;HCOOH
2026-08-13;22.83683;46.607;2026-08-13 06:05:50;20.099016;52.14444;Saudi Arabia;Ash-Sharqīyah;DAY;fire_type_1;C2H4:7,CO:39,CO2:106,HCOOH:28,HNO3:109;289;L3_0006;HNO3
2026-08-13;22.84781;53.74446;2026-08-13 06:05:50;20.099016;52.14444;Saudi Arabia;Ash-Sharqīyah;DAY;fire_type_1;C2H4:7,CO:39,CO2:106,HCOOH:28,HNO3:109;289;L3_0006;CO2
2026-08-13;22.85417;52.75689;2026-08-13 06:05:50;20.099016;52.14444;Saudi Arabia;Ash-Sharqīyah;DAY;fire_type_1;C2H4:7,CO:39,CO2:106,HCOOH:28,HNO3:109;289;L3_0006;CO2
2026-08-13;22.90182;52.44647;2026-08-13 06:05:50;20.099016;52.14444;Saudi Arabia;Ash-Sharqīyah;DAY;fire_type_1;C2H4:7,CO:39,CO2:106,HCOOH:28,HNO3:109;289;L3_0006;CO2
2026-08-13;22.9228;51.31597;2026-08-13 17:17:50;21.06677;51.968433;Saudi Arabia;Ash-Sharqīyah;NIGHT;others;C2H4:2,CO2:5,HCOOH:71,HNO3:15,NH3:2;95;L3_0005;HCOOH
2026-08-13;22.93593;28.42633;2026-08-13 07:47:50;23.554474;31.81989;Egypt;Aswan;DAY;fire_type_1;CO:16,CO2:12,HCOOH:1,HNO3:3;32;L3_0009;CO2
2026-08-13;22.95805;54.9098;2026-08-13 06:05:50;20.099016;52.14444;Saudi Arabia;Ash-Sharqīyah;DAY;fire_type_1;C2H4:7,CO:39,CO2:106,HCOOH:28,HNO3:109;289;L3_0006;CO2
2026-08-13;22.97994;52.97285;2026-08-13 06:05:50;20.099016;52.14444;Saudi Arabia;Ash-Sharqīyah;DAY;fire_type_1;C2H4:7,CO:39,CO2:106,HCOOH:28,HNO3:109;289;L3_0006;HCOOH
2026-08-13;22.99594;12.61386;2026-08-13 09:29:50;26.995811;7.1089997;Algeria;Illizi;DAY;fire_type_1;C2H4:3,CO:15,CO2:19,HCOOH:1,HNO3:10;48;L3_0008;CO2
2026-08-13;23.04226;54.45073;2026-08-13 06:05:50;20.099016;52.14444;Saudi Arabia;Ash-Sharqīyah;DAY;fire_type_1;C2H4:7,CO:39,CO2:106,HCOOH:28,HNO3:109;289;L3_0006;CO2
2026-08-13;23.06691;30.38911;2026-08-13 07:47:50;23.554474;31.81989;Egypt;Aswan;DAY;fire_type_1;CO:16,CO2:12,HCOOH:1,HNO3:3;32;L3_0009;HNO3
2026-08-13;23.07199;50.11352;2026-08-13 17:17:50;21.06677;51.968433;Saudi Arabia;Ash-Sharqīyah;NIGHT;others;C2H4:2,CO2:5,HCOOH:71,HNO3:15,NH3:2;95;L3_0005;HCOOH
2026-08-13;23.07377;51.40644;2026-08-13 06:05:50;20.099016;52.14444;Saudi Arabia;Ash-Sharqīyah;DAY;fire_type_1;C2H4:7,CO:39,CO2:106,HCOOH:28,HNO3:109;289;L3_0006;CO2
2026-08-13;23.07757;54.28142;2026-08-13 06:05:50;20.099016;52.14444;Saudi Arabia;Ash-Sharqīyah;DAY;fire_type_1;C2H4:7,CO:39,CO2:106,HCOOH:28,HNO3:109;289;L3_0006;CO2
2026-08-13;23.14972;13.96268;2026-08-13 09:26:46;26.995811;7.1089997;Algeria;Illizi;DAY;fire_type_1;C2H4:3,CO:15,CO2:19,HCOOH:1,HNO3:10;48;L3_0008;CO
2026-08-13;23.16919;47.65261;2026-08-13 06:05:50;20.099016;52.14444;Saudi Arabia;Ash-Sharqīyah;DAY;fire_type_1;C2H4:7,CO:39,CO2:106,HCOOH:28,HNO3:109;289;L3_0006;CO2
2026-08-13;23.1886;58.66696;2026-08-13 06:05:50;20.099016;52.14444;Saudi Arabia;Ash-Sharqīyah;DAY;fire_type_1;C2H4:7,CO:39,CO2:106,HCOOH:28,HNO3:109;289;L3_0006;CO2
2026-08-13;23.18873;50.52305;2026-08-13 17:17:50;21.06677;51.968433;Saudi Arabia;Ash-Sharqīyah;NIGHT;others;C2H4:2,CO2:5,HCOOH:71,HNO3:15,NH3:2;95;L3_0005;HCOOH
2026-08-13;23.20669;53.52343;2026-08-13 06:05:50;20.099016;52.14444;Saudi Arabia;Ash-Sharqīyah;DAY;fire_type_1;C2H4:7,CO:39,CO2:106,HCOOH:28,HNO3:109;289;L3_0006;CO2
2026-08-13;23.21183;54.11724;2026-08-13 17:17:50;21.06677;51.968433;Saudi Arabia;Ash-Sharqīyah;NIGHT;others;C2H4:2,CO2:5,HCOOH:71,HNO3:15,NH3:2;95;L3_0005;HCOOH
2026-08-13;23.23465;54.32192;2026-08-13 06:05:50;20.099016;52.14444;Saudi Arabia;Ash-Sharqīyah;DAY;fire_type_1;C2H4:7,CO:39,CO2:106,HCOOH:28,HNO3:109;289;L3_0006;CO
2026-08-13;23.24925;47.06645;2026-08-13 06:05:50;20.099016;52.14444;Saudi Arabia;Ash-Sharqīyah;DAY;fire_type_1;C2H4:7,CO:39,CO2:106,HCOOH:28,HNO3:109;289;L3_0006;CO2
2026-08-13;23.26792;52.52718;2026-08-13 17:17:50;21.06677;51.968433;Saudi Arabia;Ash-Sharqīyah;NIGHT;others;C2H4:2,CO2:5,HCOOH:71,HNO3:15,NH3:2;95;L3_0005;HCOOH
2026-08-13;23.28244;54.0281;2026-08-13 06:05:50;20.099016;52.14444;Saudi Arabia;Ash-Sharqīyah;DAY;fire_type_1;C2H4:7,CO:39,CO2:106,HCOOH:28,HNO3:109;289;L3_0006;CO2
2026-08-13;23.28904;53.04689;2026-08-13 06:05:50;20.099016;52.14444;Saudi Arabia;Ash-Sharqīyah;DAY;fire_type_1;C2H4:7,CO:39,CO2:106,HCOOH:28,HNO3:109;289;L3_0006;HCOOH
2026-08-13;23.30839;50.03556;2026-08-13 17:17:50;21.06677;51.968433;Saudi Arabia;Ash-Sharqīyah;NIGHT;others;C2H4:2,CO2:5,HCOOH:71,HNO3:15,NH3:2;95;L3_0005;HCOOH
2026-08-13;23.32517;-13.71205;2026-08-13 11:08:46;22.357227;-13.69899;Morocco;Oued el Dahab;DAY;others;CO2:7,HCOOH:1,HNO3:1;9;L3_0007;CO2
2026-08-13;23.32963;28.031;2026-08-13 07:47:50;23.554474;31.81989;Egypt;Aswan;DAY;fire_type_1;CO:16,CO2:12,HCOOH:1,HNO3:3;32;L3_0009;CO
2026-08-13;23.34121;55.49048;2026-08-13 06:05:50;20.099016;52.14444;Saudi Arabia;Ash-Sharqīyah;DAY;fire_type_1;C2H4:7,CO:39,CO2:106,HCOOH:28,HNO3:109;289;L3_0006;CO2
2026-08-13;23.41374;53.01963;2026-08-13 17:17:50;21.06677;51.968433;Saudi Arabia;Ash-Sharqīyah;NIGHT;others;C2H4:2,CO2:5,HCOOH:71,HNO3:15,NH3:2;95;L3_0005;HCOOH
2026-08-13;23.42041;50.45253;2026-08-13 17:17:50;21.06677;51.968433;Saudi Arabia;Ash-Sharqīyah;NIGHT;others;C2H4:2,CO2:5,HCOOH:71,HNO3:15,NH3:2;95;L3_0005;HCOOH
2026-08-13;23.56503;54.69741;2026-08-13 17:17:50;21.06677;51.968433;Saudi Arabia;Ash-Sharqīyah;NIGHT;others;C2H4:2,CO2:5,HCOOH:71,HNO3:15,NH3:2;95;L3_0005;HCOOH
2026-08-13;23.58984;57.60833;2026-08-13 06:05:50;20.099016;52.14444;Saudi Arabia;Ash-Sharqīyah;DAY;fire_type_1;C2H4:7,CO:39,CO2:106,HCOOH:28,HNO3:109;289;L3_0006;CO2
2026-08-13;23.60482;34.09289;2026-08-13 07:47:50;23.554474;31.81989;Egypt;Aswan;DAY;fire_type_1;CO:16,CO2:12,HCOOH:1,HNO3:3;32;L3_0009;CO
2026-08-13;23.65019;50.37397;2026-08-13 17:17:50;21.06677;51.968433;Saudi Arabia;Ash-Sharqīyah;NIGHT;others;C2H4:2,CO2:5,HCOOH:71,HNO3:15,NH3:2;95;L3_0005;HCOOH
2026-08-13;23.67278;50.72818;2026-08-13 06:05:50;20.099016;52.14444;Saudi Arabia;Ash-Sharqīyah;DAY;fire_type_1;C2H4:7,CO:39,CO2:106,HCOOH:28,HNO3:109;289;L3_0006;HCOOH
2026-08-13;23.72021;32.10353;2026-08-13 07:47:50;23.554474;31.81989;Egypt;Aswan;DAY;fire_type_1;CO:16,CO2:12,HCOOH:1,HNO3:3;32;L3_0009;HNO3
2026-08-13;23.76998;50.10577;2026-08-13 06:05:50;20.099016;52.14444;Saudi Arabia;Ash-Sharqīyah;DAY;fire_type_1;C2H4:7,CO:39,CO2:106,HCOOH:28,HNO3:109;289;L3_0006;CO
2026-08-13;23.77318;46.78714;2026-08-13 06:05:50;20.099016;52.14444;Saudi Arabia;Ash-Sharqīyah;DAY;fire_type_1;C2H4:7,CO:39,CO2:106,HCOOH:28,HNO3:109;289;L3_0006;HNO3
2026-08-13;23.84169;52.66487;2026-08-13 06:05:50;20.099016;52.14444;Saudi Arabia;Ash-Sharqīyah;DAY;fire_type_1;C2H4:7,CO:39,CO2:106,HCOOH:28,HNO3:109;289;L3_0006;CO2
2026-08-13;23.87727;52.47879;2026-08-13 06:05:50;20.099016;52.14444;Saudi Arabia;Ash-Sharqīyah;DAY;fire_type_1;C2H4:7,CO:39,CO2:106,HCOOH:28,HNO3:109;289;L3_0006;C2H4
2026-08-13;23.88176;50.30279;2026-08-13 17:17:50;21.06677;51.968433;Saudi Arabia;Ash-Sharqīyah;NIGHT;others;C2H4:2,CO2:5,HCOOH:71,HNO3:15,NH3:2;95;L3_0005;HCOOH
2026-08-13;24.03785;-13.49025;2026-08-13 11:08:46;22.357227;-13.69899;Morocco;Oued el Dahab;DAY;others;CO2:7,HCOOH:1,HNO3:1;9;L3_0007;HCOOH
2026-08-13;24.04322;27.70123;2026-08-13 07:47:50;23.554474;31.81989;Egypt;Aswan;DAY;fire_type_1;CO:16,CO2:12,HCOOH:1,HNO3:3;32;L3_0009;CO
2026-08-13;24.06434;38.29641;2026-08-13 07:47:50;29.772572;39.97337;Saudi Arabia;Al Jawf;DAY;fire_type_1;C2H4:7,CO:8,CO2:11,HNO3:4;30;L3_0010;CO
2026-08-13;24.06798;50.95147;2026-08-13 17:17:50;21.06677;51.968433;Saudi Arabia;Ash-Sharqīyah;NIGHT;others;C2H4:2,CO2:5,HCOOH:71,HNO3:15,NH3:2;95;L3_0005;HCOOH
2026-08-13;24.0939;11.25635;2026-08-13 09:26:46;26.995811;7.1089997;Algeria;Illizi;DAY;fire_type_1;C2H4:3,CO:15,CO2:19,HCOOH:1,HNO3:10;48;L3_0008;CO
2026-08-13;24.11142;50.22335;2026-08-13 17:17:50;21.06677;51.968433;Saudi Arabia;Ash-Sharqīyah;NIGHT;others;C2H4:2,CO2:5,HCOOH:71,HNO3:15,NH3:2;95;L3_0005;HCOOH
2026-08-13;24.18087;26.87473;2026-08-13 07:47:50;23.554474;31.81989;Egypt;Aswan;DAY;fire_type_1;CO:16,CO2:12,HCOOH:1,HNO3:3;32;L3_0009;CO
2026-08-13;24.19263;9.63134;2026-08-13 09:26:46;26.995811;7.1089997;Algeria;Illizi;DAY;fire_type_1;C2H4:3,CO:15,CO2:19,HCOOH:1,HNO3:10;48;L3_0008;CO
2026-08-13;24.23959;50.20714;2026-08-13 06:05:50;20.099016;52.14444;Saudi Arabia;Ash-Sharqīyah;DAY;fire_type_1;C2H4:7,CO:39,CO2:106,HCOOH:28,HNO3:109;289;L3_0006;HCOOH
2026-08-13;24.25301;-13.41879;2026-08-13 11:08:46;22.357227;-13.69899;Morocco;Oued el Dahab;DAY;others;CO2:7,HCOOH:1,HNO3:1;9;L3_0007;HNO3,CO2
2026-08-13;24.26491;48.20285;2026-08-13 06:05:50;20.099016;52.14444;Saudi Arabia;Ash-Sharqīyah;DAY;fire_type_1;C2H4:7,CO:39,CO2:106,HCOOH:28,HNO3:109;289;L3_0006;CO2
2026-08-13;24.30066;40.24509;2026-08-13 07:47:50;29.772572;39.97337;Saudi Arabia;Al Jawf;DAY;fire_type_1;C2H4:7,CO:8,CO2:11,HNO3:4;30;L3_0010;C2H4
2026-08-13;24.31872;48.29103;2026-08-13 17:17:50;21.06677;51.968433;Saudi Arabia;Ash-Sharqīyah;NIGHT;others;C2H4:2,CO2:5,HCOOH:71,HNO3:15,NH3:2;95;L3_0005;HCOOH
2026-08-13;24.34289;50.15148;2026-08-13 17:17:50;21.06677;51.968433;Saudi Arabia;Ash-Sharqīyah;NIGHT;others;C2H4:2,CO2:5,HCOOH:71,HNO3:15,NH3:2;95;L3_0005;HCOOH
2026-08-13;24.38624;56.073;2026-08-13 06:05:50;20.099016;52.14444;Saudi Arabia;Ash-Sharqīyah;DAY;fire_type_1;C2H4:7,CO:39,CO2:106,HCOOH:28,HNO3:109;289;L3_0006;C2H4
2026-08-13;24.40218;-12.98569;2026-08-13 11:08:46;22.357227;-13.69899;Morocco;Oued el Dahab;DAY;others;CO2:7,HCOOH:1,HNO3:1;9;L3_0007;CO2
2026-08-13;24.4465;32.50627;2026-08-13 07:47:50;23.554474;31.81989;Egypt;Aswan;DAY;fire_type_1;CO:16,CO2:12,HCOOH:1,HNO3:3;32;L3_0009;CO2
2026-08-13;24.66878;50.54596;2026-08-13 06:05:50;20.099016;52.14444;Saudi Arabia;Ash-Sharqīyah;DAY;fire_type_1;C2H4:7,CO:39,CO2:106,HCOOH:28,HNO3:109;289;L3_0006;CO2
2026-08-13;24.73346;48.29696;2026-08-13 06:05:50;20.099016;52.14444;Saudi Arabia;Ash-Sharqīyah;DAY;fire_type_1;C2H4:7,CO:39,CO2:106,HCOOH:28,HNO3:109;289;L3_0006;CO
2026-08-13;24.75925;40.40384;2026-08-13 07:47:50;29.772572;39.97337;Saudi Arabia;Al Jawf;DAY;fire_type_1;C2H4:7,CO:8,CO2:11,HNO3:4;30;L3_0010;C2H4
2026-08-13;25.10391;45.88231;2026-08-13 06:05:50;20.099016;52.14444;Saudi Arabia;Ash-Sharqīyah;DAY;fire_type_1;C2H4:7,CO:39,CO2:106,HCOOH:28,HNO3:109;289;L3_0006;CH3OH,HNO3
2026-08-13;25.12425;48.91476;2026-08-13 06:05:50;20.099016;52.14444;Saudi Arabia;Ash-Sharqīyah;DAY;fire_type_1;C2H4:7,CO:39,CO2:106,HCOOH:28,HNO3:109;289;L3_0006;HNO3
2026-08-13;25.14132;33.88763;2026-08-13 07:47:50;23.554474;31.81989;Egypt;Aswan;DAY;fire_type_1;CO:16,CO2:12,HCOOH:1,HNO3:3;32;L3_0009;CO
2026-08-13;25.18361;32.16429;2026-08-13 07:47:50;23.554474;31.81989;Egypt;Aswan;DAY;fire_type_1;CO:16,CO2:12,HCOOH:1,HNO3:3;32;L3_0009;CO2
2026-08-13;25.29084;27.9986;2026-08-13 07:47:50;23.554474;31.81989;Egypt;Aswan;DAY;fire_type_1;CO:16,CO2:12,HCOOH:1,HNO3:3;32;L3_0009;CO2
2026-08-13;25.35039;-3.59225;2026-08-13 09:29:50;26.995811;7.1089997;Algeria;Illizi;DAY;fire_type_1;C2H4:3,CO:15,CO2:19,HCOOH:1,HNO3:10;48;L3_0008;CO2
2026-08-13;25.35861;40.05616;2026-08-13 07:44:46;29.772572;39.97337;Saudi Arabia;Al Jawf;DAY;fire_type_1;C2H4:7,CO:8,CO2:11,HNO3:4;30;L3_0010;CO2
2026-08-13;25.36754;28.52828;2026-08-13 07:47:50;23.554474;31.81989;Egypt;Aswan;DAY;fire_type_1;CO:16,CO2:12,HCOOH:1,HNO3:3;32;L3_0009;HCOOH
2026-08-13;25.40359;47.10114;2026-08-13 06:05:50;20.099016;52.14444;Saudi Arabia;Ash-Sharqīyah;DAY;fire_type_1;C2H4:7,CO:39,CO2:106,HCOOH:28,HNO3:109;289;L3_0006;HNO3
2026-08-13;25.6189;59.77717;2026-08-13 06:05:50;28.940872;57.740215;Iran;Kerman;DAY;fire_type_1;C2H4:3,CO:12,CO2:18,HCOOH:1,HNO3:2;36;L3_0011;CO
2026-08-13;25.6463;58.7611;2026-08-13 06:05:50;28.940872;57.740215;Iran;Kerman;DAY;fire_type_1;C2H4:3,CO:12,CO2:18,HCOOH:1,HNO3:2;36;L3_0011;CO2
2026-08-13;25.68771;10.87602;2026-08-13 09:26:46;26.995811;7.1089997;Algeria;Illizi;DAY;fire_type_1;C2H4:3,CO:15,CO2:19,HCOOH:1,HNO3:10;48;L3_0008;HCOOH
2026-08-13;25.71472;1.68937;2026-08-13 09:26:46;26.995811;7.1089997;Algeria;Illizi;DAY;fire_type_1;C2H4:3,CO:15,CO2:19,HCOOH:1,HNO3:10;48;L3_0008;CO
2026-08-13;25.71816;37.73307;2026-08-13 07:44:46;29.772572;39.97337;Saudi Arabia;Al Jawf;DAY;fire_type_1;C2H4:7,CO:8,CO2:11,HNO3:4;30;L3_0010;CO
2026-08-13;25.80852;27.79447;2026-08-13 07:47:50;23.554474;31.81989;Egypt;Aswan;DAY;fire_type_1;CO:16,CO2:12,HCOOH:1,HNO3:3;32;L3_0009;CO2
2026-08-13;25.83922;38.16512;2026-08-13 07:44:46;29.772572;39.97337;Saudi Arabia;Al Jawf;DAY;fire_type_1;C2H4:7,CO:8,CO2:11,HNO3:4;30;L3_0010;CO2
2026-08-13;25.92919;27.07734;2026-08-13 07:47:50;23.554474;31.81989;Egypt;Aswan;DAY;fire_type_1;CO:16,CO2:12,HCOOH:1,HNO3:3;32;L3_0009;CO
2026-08-13;26.01834;12.49515;2026-08-13 09:26:46;26.995811;7.1089997;Algeria;Illizi;DAY;fire_type_1;C2H4:3,CO:15,CO2:19,HCOOH:1,HNO3:10;48;L3_0008;CO
2026-08-13;26.07966;38.2471;2026-08-13 07:44:46;29.772572;39.97337;Saudi Arabia;Al Jawf;DAY;fire_type_1;C2H4:7,CO:8,CO2:11,HNO3:4;30;L3_0010;CO
2026-08-13;26.24459;39.49478;2026-08-13 07:44:46;29.772572;39.97337;Saudi Arabia;Al Jawf;DAY;fire_type_1;C2H4:7,CO:8,CO2:11,HNO3:4;30;L3_0010;CO2
2026-08-13;26.38566;13.00851;2026-08-13 09:26:46;26.995811;7.1089997;Algeria;Illizi;DAY;fire_type_1;C2H4:3,CO:15,CO2:19,HCOOH:1,HNO3:10;48;L3_0008;CO2
2026-08-13;26.41751;33.42786;2026-08-13 07:47:50;23.554474;31.81989;Egypt;Aswan;DAY;fire_type_1;CO:16,CO2:12,HCOOH:1,HNO3:3;32;L3_0009;CO2
2026-08-13;26.48005;12.64879;2026-08-13 09:26:46;26.995811;7.1089997;Algeria;Illizi;DAY;fire_type_1;C2H4:3,CO:15,CO2:19,HCOOH:1,HNO3:10;48;L3_0008;CO
2026-08-13;26.53652;1.51858;2026-08-13 09:26:46;26.995811;7.1089997;Algeria;Illizi;DAY;fire_type_1;C2H4:3,CO:15,CO2:19,HCOOH:1,HNO3:10;48;L3_0008;CO
2026-08-13;26.57283;-2.01247;2026-08-13 09:26:46;26.995811;7.1089997;Algeria;Illizi;DAY;fire_type_1;C2H4:3,CO:15,CO2:19,HCOOH:1,HNO3:10;48;L3_0008;CO
2026-08-13;26.67534;63.78608;2026-08-13 06:05:50;30.3091;63.061863;Afghanistan;Hilmand;DAY;fire_type_1;CO:2,CO2:20,HNO3:3;25;L3_0012;CO2
2026-08-13;26.83583;-2.297;2026-08-13 09:26:46;26.995811;7.1089997;Algeria;Illizi;DAY;fire_type_1;C2H4:3,CO:15,CO2:19,HCOOH:1,HNO3:10;48;L3_0008;CO2
2026-08-13;26.94158;12.80397;2026-08-13 09:26:46;26.995811;7.1089997;Algeria;Illizi;DAY;fire_type_1;C2H4:3,CO:15,CO2:19,HCOOH:1,HNO3:10;48;L3_0008;CO2
2026-08-13;26.98947;55.27129;2026-08-13 06:05:50;28.940872;57.740215;Iran;Kerman;DAY;fire_type_1;C2H4:3,CO:12,CO2:18,HCOOH:1,HNO3:2;36;L3_0011;CO
2026-08-13;27.04357;41.22574;2026-08-13 07:44:46;29.772572;39.97337;Saudi Arabia;Al Jawf;DAY;fire_type_1;C2H4:7,CO:8,CO2:11,HNO3:4;30;L3_0010;C2H4
2026-08-13;27.04448;10.23233;2026-08-13 09:26:46;26.995811;7.1089997;Algeria;Illizi;DAY;fire_type_1;C2H4:3,CO:15,CO2:19,HCOOH:1,HNO3:10;48;L3_0008;HNO3,CO2
2026-08-13;27.14531;59.58807;2026-08-13 06:05:50;28.940872;57.740215;Iran;Kerman;DAY;fire_type_1;C2H4:3,CO:12,CO2:18,HCOOH:1,HNO3:2;36;L3_0011;CO,CO2
2026-08-13;27.16326;58.61817;2026-08-13 06:05:50;28.940872;57.740215;Iran;Kerman;DAY;fire_type_1;C2H4:3,CO:12,CO2:18,HCOOH:1,HNO3:2;36;L3_0011;CO
2026-08-13;27.20899;58.42157;2026-08-13 06:05:50;28.940872;57.740215;Iran;Kerman;DAY;fire_type_1;C2H4:3,CO:12,CO2:18,HCOOH:1,HNO3:2;36;L3_0011;CO
2026-08-13;27.21665;59.21978;2026-08-13 06:05:50;28.940872;57.740215;Iran;Kerman;DAY;fire_type_1;C2H4:3,CO:12,CO2:18,HCOOH:1,HNO3:2;36;L3_0011;CO2
2026-08-13;27.24374;60.52113;2026-08-13 06:05:50;28.940872;57.740215;Iran;Kerman;DAY;fire_type_1;C2H4:3,CO:12,CO2:18,HCOOH:1,HNO3:2;36;L3_0011;CO2
2026-08-13;27.2639;59.0149;2026-08-13 06:05:50;28.940872;57.740215;Iran;Kerman;DAY;fire_type_1;C2H4:3,CO:12,CO2:18,HCOOH:1,HNO3:2;36;L3_0011;CO2
2026-08-13;27.3187;8.96101;2026-08-13 09:26:46;26.995811;7.1089997;Algeria;Illizi;DAY;fire_type_1;C2H4:3,CO:15,CO2:19,HCOOH:1,HNO3:10;48;L3_0008;CO2
2026-08-13;27.32708;15.99401;2026-08-13 09:26:46;29.686981;15.603011;Libya;Surt;DAY;others;CO2:2,HNO3:4;6;L3_0013;HNO3
2026-08-13;27.44465;61.80933;2026-08-13 06:05:50;30.3091;63.061863;Afghanistan;Hilmand;DAY;fire_type_1;CO:2,CO2:20,HNO3:3;25;L3_0012;HNO3
2026-08-13;27.53163;36.49869;2026-08-13 07:44:46;29.772572;39.97337;Saudi Arabia;Al Jawf;DAY;fire_type_1;C2H4:7,CO:8,CO2:11,HNO3:4;30;L3_0010;CO2
2026-08-13;27.55638;31.77492;2026-08-13 07:44:46;23.554474;31.81989;Egypt;Aswan;DAY;fire_type_1;CO:16,CO2:12,HCOOH:1,HNO3:3;32;L3_0009;CO
2026-08-13;27.69977;0.28163;2026-08-13 09:26:46;26.995811;7.1089997;Algeria;Illizi;DAY;fire_type_1;C2H4:3,CO:15,CO2:19,HCOOH:1,HNO3:10;48;L3_0008;HNO3
2026-08-13;27.77131;34.04544;2026-08-13 07:44:46;23.554474;31.81989;Egypt;Aswan;DAY;fire_type_1;CO:16,CO2:12,HCOOH:1,HNO3:3;32;L3_0009;CO2
2026-08-13;27.77233;-2.11165;2026-08-13 09:26:46;26.995811;7.1089997;Algeria;Illizi;DAY;fire_type_1;C2H4:3,CO:15,CO2:19,HCOOH:1,HNO3:10;48;L3_0008;CO
2026-08-13;27.78204;0.96835;2026-08-13 09:26:46;26.995811;7.1089997;Algeria;Illizi;DAY;fire_type_1;C2H4:3,CO:15,CO2:19,HCOOH:1,HNO3:10;48;L3_0008;HNO3
2026-08-13;27.83662;64.18742;2026-08-13 06:02:46;30.3091;63.061863;Afghanistan;Hilmand;DAY;fire_type_1;CO:2,CO2:20,HNO3:3;25;L3_0012;CO2,SO2
2026-08-13;27.85585;40.95266;2026-08-13 07:44:46;29.772572;39.97337;Saudi Arabia;Al Jawf;DAY;fire_type_1;C2H4:7,CO:8,CO2:11,HNO3:4;30;L3_0010;CO
2026-08-13;27.8989;51.67231;2026-08-13 06:05:50;28.940872;57.740215;Iran;Kerman;DAY;fire_type_1;C2H4:3,CO:12,CO2:18,HCOOH:1,HNO3:2;36;L3_0011;C2H4
2026-08-13;27.92791;55.51739;2026-08-13 06:05:50;28.940872;57.740215;Iran;Kerman;DAY;fire_type_1;C2H4:3,CO:12,CO2:18,HCOOH:1,HNO3:2;36;L3_0011;CO
2026-08-13;27.98465;54.19096;2026-08-13 06:05:50;28.940872;57.740215;Iran;Kerman;DAY;fire_type_1;C2H4:3,CO:12,CO2:18,HCOOH:1,HNO3:2;36;L3_0011;HCOOH
2026-08-13;28.17274;62.91699;2026-08-13 06:02:46;30.3091;63.061863;Afghanistan;Hilmand;DAY;fire_type_1;CO:2,CO2:20,HNO3:3;25;L3_0012;CO2
2026-08-13;28.29322;63.30712;2026-08-13 06:02:46;30.3091;63.061863;Afghanistan;Hilmand;DAY;fire_type_1;CO:2,CO2:20,HNO3:3;25;L3_0012;CO2
2026-08-13;28.35336;0.42805;2026-08-13 09:26:46;26.995811;7.1089997;Algeria;Illizi;DAY;fire_type_1;C2H4:3,CO:15,CO2:19,HCOOH:1,HNO3:10;48;L3_0008;HNO3
2026-08-13;28.37047;8.6652;2026-08-13 09:26:46;26.995811;7.1089997;Algeria;Illizi;DAY;fire_type_1;C2H4:3,CO:15,CO2:19,HCOOH:1,HNO3:10;48;L3_0008;C2H4
2026-08-13;28.37145;62.11154;2026-08-13 06:02:46;30.3091;63.061863;Afghanistan;Hilmand;DAY;fire_type_1;CO:2,CO2:20,HNO3:3;25;L3_0012;CO2
2026-08-13;28.3752;62.98804;2026-08-13 06:02:46;30.3091;63.061863;Afghanistan;Hilmand;DAY;fire_type_1;CO:2,CO2:20,HNO3:3;25;L3_0012;HNO3,CO2
2026-08-13;28.41021;52.63422;2026-08-13 06:05:50;28.940872;57.740215;Iran;Kerman;DAY;fire_type_1;C2H4:3,CO:12,CO2:18,HCOOH:1,HNO3:2;36;L3_0011;C2H4
2026-08-13;28.41137;60.63112;2026-08-13 06:05:50;28.940872;57.740215;Iran;Kerman;DAY;fire_type_1;C2H4:3,CO:12,CO2:18,HCOOH:1,HNO3:2;36;L3_0011;CO2
2026-08-13;28.62202;15.00745;2026-08-13 09:26:46;29.686981;15.603011;Libya;Surt;DAY;others;CO2:2,HNO3:4;6;L3_0013;HNO3
2026-08-13;28.64335;15.91278;2026-08-13 09:26:46;29.686981;15.603011;Libya;Surt;DAY;others;CO2:2,HNO3:4;6;L3_0013;HNO3
2026-08-13;28.64973;51.16956;2026-08-13 06:05:50;28.940872;57.740215;Iran;Kerman;DAY;fire_type_1;C2H4:3,CO:12,CO2:18,HCOOH:1,HNO3:2;36;L3_0011;C2H4
2026-08-13;28.68017;1.40623;2026-08-13 09:26:46;26.995811;7.1089997;Algeria;Illizi;DAY;fire_type_1;C2H4:3,CO:15,CO2:19,HCOOH:1,HNO3:10;48;L3_0008;HNO3
2026-08-13;28.69242;56.72981;2026-08-13 06:05:50;28.940872;57.740215;Iran;Kerman;DAY;fire_type_1;C2H4:3,CO:12,CO2:18,HCOOH:1,HNO3:2;36;L3_0011;HNO3
2026-08-13;28.83602;60.10108;2026-08-13 06:02:46;28.940872;57.740215;Iran;Kerman;DAY;fire_type_1;C2H4:3,CO:12,CO2:18,HCOOH:1,HNO3:2;36;L3_0011;CO2
2026-08-13;28.86557;41.91666;2026-08-13 07:44:46;29.772572;39.97337;Saudi Arabia;Al Jawf;DAY;fire_type_1;C2H4:7,CO:8,CO2:11,HNO3:4;30;L3_0010;C2H4
2026-08-13;29.00685;11.64302;2026-08-13 09:26:46;32.1349;10.143862;Tunisia;Tataouine;DAY;fire_type_1;CO:1,CO2:17,HNO3:3;21;L3_0014;HNO3
2026-08-13;29.01181;1.24515;2026-08-13 09:26:46;26.995811;7.1089997;Algeria;Illizi;DAY;fire_type_1;C2H4:3,CO:15,CO2:19,HCOOH:1,HNO3:10;48;L3_0008;HNO3
2026-08-13;29.05439;2.10678;2026-08-13 09:26:46;26.995811;7.1089997;Algeria;Illizi;DAY;fire_type_1;C2H4:3,CO:15,CO2:19,HCOOH:1,HNO3:10;48;L3_0008;HNO3
2026-08-13;29.08126;59.78242;2026-08-13 06:02:46;28.940872;57.740215;Iran;Kerman;DAY;fire_type_1;C2H4:3,CO:12,CO2:18,HCOOH:1,HNO3:2;36;L3_0011;CO2
2026-08-13;29.09319;1.89496;2026-08-13 09:26:46;26.995811;7.1089997;Algeria;Illizi;DAY;fire_type_1;C2H4:3,CO:15,CO2:19,HCOOH:1,HNO3:10;48;L3_0008;HNO3
2026-08-13;29.18381;58.44218;2026-08-13 06:02:46;28.940872;57.740215;Iran;Kerman;DAY;fire_type_1;C2H4:3,CO:12,CO2:18,HCOOH:1,HNO3:2;36;L3_0011;CO
2026-08-13;29.32037;42.09416;2026-08-13 07:44:46;29.772572;39.97337;Saudi Arabia;Al Jawf;DAY;fire_type_1;C2H4:7,CO:8,CO2:11,HNO3:4;30;L3_0010;CO
2026-08-13;29.36613;10.97553;2026-08-13 09:26:46;32.1349;10.143862;Tunisia;Tataouine;DAY;fire_type_1;CO:1,CO2:17,HNO3:3;21;L3_0014;HNO3
2026-08-13;29.42832;59.66363;2026-08-13 06:02:46;28.940872;57.740215;Iran;Kerman;DAY;fire_type_1;C2H4:3,CO:12,CO2:18,HCOOH:1,HNO3:2;36;L3_0011;CO2
2026-08-13;29.49025;62.4867;2026-08-13 06:02:46;30.3091;63.061863;Afghanistan;Hilmand;DAY;fire_type_1;CO:2,CO2:20,HNO3:3;25;L3_0012;CO2
2026-08-13;29.53766;57.47986;2026-08-13 06:02:46;28.940872;57.740215;Iran;Kerman;DAY;fire_type_1;C2H4:3,CO:12,CO2:18,HCOOH:1,HNO3:2;36;L3_0011;CO
2026-08-13;29.54321;59.10981;2026-08-13 06:02:46;28.940872;57.740215;Iran;Kerman;DAY;fire_type_1;C2H4:3,CO:12,CO2:18,HCOOH:1,HNO3:2;36;L3_0011;CO2
2026-08-13;29.67625;53.875;2026-08-13 06:05:50;28.940872;57.740215;Iran;Kerman;DAY;fire_type_1;C2H4:3,CO:12,CO2:18,HCOOH:1,HNO3:2;36;L3_0011;CO
2026-08-13;29.68586;3.19683;2026-08-13 09:26:46;26.995811;7.1089997;Algeria;Illizi;DAY;fire_type_1;C2H4:3,CO:15,CO2:19,HCOOH:1,HNO3:10;48;L3_0008;HNO3
2026-08-13;29.70753;59.16112;2026-08-13 06:02:46;28.940872;57.740215;Iran;Kerman;DAY;fire_type_1;C2H4:3,CO:12,CO2:18,HCOOH:1,HNO3:2;36;L3_0011;CO2
2026-08-13;29.76055;62.57574;2026-08-13 06:02:46;30.3091;63.061863;Afghanistan;Hilmand;DAY;fire_type_1;CO:2,CO2:20,HNO3:3;25;L3_0012;CO2
2026-08-13;29.77475;42.27366;2026-08-13 07:44:46;29.772572;39.97337;Saudi Arabia;Al Jawf;DAY;fire_type_1;C2H4:7,CO:8,CO2:11,HNO3:4;30;L3_0010;HNO3
2026-08-13;29.81214;58.62927;2026-08-13 06:02:46;28.940872;57.740215;Iran;Kerman;DAY;fire_type_1;C2H4:3,CO:12,CO2:18,HCOOH:1,HNO3:2;36;L3_0011;CO2
2026-08-13;29.89559;64.92205;2026-08-13 06:02:46;30.3091;63.061863;Afghanistan;Hilmand;DAY;fire_type_1;CO:2,CO2:20,HNO3:3;25;L3_0012;CO2
2026-08-13;29.95303;62.64362;2026-08-13 06:02:46;30.3091;63.061863;Afghanistan;Hilmand;DAY;fire_type_1;CO:2,CO2:20,HNO3:3;25;L3_0012;CO2
2026-08-13;29.98588;8.00164;2026-08-13 09:26:46;26.995811;7.1089997;Algeria;Illizi;DAY;fire_type_1;C2H4:3,CO:15,CO2:19,HCOOH:1,HNO3:10;48;L3_0008;CO2
2026-08-13;30.1287;59.50274;2026-08-13 06:02:46;28.940872;57.740215;Iran;Kerman;DAY;fire_type_1;C2H4:3,CO:12,CO2:18,HCOOH:1,HNO3:2;36;L3_0011;CO2
2026-08-13;30.21879;58.20344;2026-08-13 06:02:46;28.940872;57.740215;Iran;Kerman;DAY;fire_type_1;C2H4:3,CO:12,CO2:18,HCOOH:1,HNO3:2;36;L3_0011;CO2
2026-08-13;30.22861;42.45519;2026-08-13 07:44:46;29.772572;39.97337;Saudi Arabia;Al Jawf;DAY;fire_type_1;C2H4:7,CO:8,CO2:11,HNO3:4;30;L3_0010;C2H4
2026-08-13;30.2322;3.88351;2026-08-13 09:26:46;26.995811;7.1089997;Algeria;Illizi;DAY;fire_type_1;C2H4:3,CO:15,CO2:19,HCOOH:1,HNO3:10;48;L3_0008;HNO3
2026-08-13;30.23641;58.96048;2026-08-13 06:02:46;28.940872;57.740215;Iran;Kerman;DAY;fire_type_1;C2H4:3,CO:12,CO2:18,HCOOH:1,HNO3:2;36;L3_0011;CO2
2026-08-13;30.46547;16.62057;2026-08-13 09:26:46;29.686981;15.603011;Libya;Surt;DAY;others;CO2:2,HNO3:4;6;L3_0013;HNO3
2026-08-13;30.48905;7.07152;2026-08-13 09:26:46;26.995811;7.1089997;Algeria;Illizi;DAY;fire_type_1;C2H4:3,CO:15,CO2:19,HCOOH:1,HNO3:10;48;L3_0008;CO2
2026-08-13;30.57698;23.13865;2026-08-13 07:44:46;31.733248;23.462097;Libya;Al Butnan;DAY;others;C2H4:2,CO2:1,HNO3:1;4;L3_0015;CO2,NH3
2026-08-13;30.58432;58.8581;2026-08-13 06:02:46;28.940872;57.740215;Iran;Kerman;DAY;fire_type_1;C2H4:3,CO:12,CO2:18,HCOOH:1,HNO3:2;36;L3_0011;CO
2026-08-13;30.61547;56.93977;2026-08-13 06:02:46;28.940872;57.740215;Iran;Kerman;DAY;fire_type_1;C2H4:3,CO:12,CO2:18,HCOOH:1,HNO3:2;36;L3_0011;CO2
2026-08-13;30.64419;58.52974;2026-08-13 06:02:46;28.940872;57.740215;Iran;Kerman;DAY;fire_type_1;C2H4:3,CO:12,CO2:18,HCOOH:1,HNO3:2;36;L3_0011;CO
2026-08-13;30.68589;58.3409;2026-08-13 06:02:46;28.940872;57.740215;Iran;Kerman;DAY;fire_type_1;C2H4:3,CO:12,CO2:18,HCOOH:1,HNO3:2;36;L3_0011;CO
2026-08-13;30.72943;10.69532;2026-08-13 09:26:46;32.1349;10.143862;Tunisia;Tataouine;DAY;fire_type_1;CO:1,CO2:17,HNO3:3;21;L3_0014;HNO3
2026-08-13;30.74568;58.90844;2026-08-13 06:02:46;28.940872;57.740215;Iran;Kerman;DAY;fire_type_1;C2H4:3,CO:12,CO2:18,HCOOH:1,HNO3:2;36;L3_0011;CO2
2026-08-13;30.83572;24.75334;2026-08-13 07:44:46;31.733248;23.462097;Libya;Al Butnan;DAY;others;C2H4:2,CO2:1,HNO3:1;4;L3_0015;HNO3
2026-08-13;30.85263;64.20776;2026-08-13 06:02:46;30.3091;63.061863;Afghanistan;Hilmand;DAY;fire_type_1;CO:2,CO2:20,HNO3:3;25;L3_0012;CO2
2026-08-13;30.91332;64.88864;2026-08-13 06:02:46;30.3091;63.061863;Afghanistan;Hilmand;DAY;fire_type_1;CO:2,CO2:20,HNO3:3;25;L3_0012;CO2
2026-08-13;31.02219;83.98187;2026-08-13 04:23:50;32.9824;85.85267;China;Xizang;DAY;fire;CO2:13;13;L3_0016;CO2
2026-08-13;31.0697;63.34764;2026-08-13 06:02:46;30.3091;63.061863;Afghanistan;Hilmand;DAY;fire_type_1;CO:2,CO2:20,HNO3:3;25;L3_0012;CO2
2026-08-13;31.13574;42.82469;2026-08-13 07:44:46;29.772572;39.97337;Saudi Arabia;Al Jawf;DAY;fire_type_1;C2H4:7,CO:8,CO2:11,HNO3:4;30;L3_0010;CO
2026-08-13;31.14411;63.95427;2026-08-13 06:02:46;30.3091;63.061863;Afghanistan;Hilmand;DAY;fire_type_1;CO:2,CO2:20,HNO3:3;25;L3_0012;CO2
2026-08-13;31.1507;85.77144;2026-08-13 04:20:46;32.9824;85.85267;China;Xizang;DAY;fire;CO2:13;13;L3_0016;CO2
2026-08-13;31.26492;15.5261;2026-08-13 09:26:46;29.686981;15.603011;Libya;Surt;DAY;others;CO2:2,HNO3:4;6;L3_0013;CO2
2026-08-13;31.27175;65.43526;2026-08-13 06:02:46;30.3091;63.061863;Afghanistan;Hilmand;DAY;fire_type_1;CO:2,CO2:20,HNO3:3;25;L3_0012;CO2
2026-08-13;31.44544;62.63934;2026-08-13 06:02:46;30.3091;63.061863;Afghanistan;Hilmand;DAY;fire_type_1;CO:2,CO2:20,HNO3:3;25;L3_0012;CO2
2026-08-13;31.46694;5.26913;2026-08-13 09:26:46;26.995811;7.1089997;Algeria;Illizi;DAY;fire_type_1;C2H4:3,CO:15,CO2:19,HCOOH:1,HNO3:10;48;L3_0008;CO
2026-08-13;31.55238;4.76336;2026-08-13 09:26:46;26.995811;7.1089997;Algeria;Illizi;DAY;fire_type_1;C2H4:3,CO:15,CO2:19,HCOOH:1,HNO3:10;48;L3_0008;CO2
2026-08-13;31.61749;12.02023;2026-08-13 09:26:46;32.1349;10.143862;Tunisia;Tataouine;DAY;fire_type_1;CO:1,CO2:17,HNO3:3;21;L3_0014;CO2
2026-08-13;31.6574;11.00397;2026-08-13 09:26:46;32.1349;10.143862;Tunisia;Tataouine;DAY;fire_type_1;CO:1,CO2:17,HNO3:3;21;L3_0014;CO2
2026-08-13;31.68281;11.75475;2026-08-13 09:26:46;32.1349;10.143862;Tunisia;Tataouine;DAY;fire_type_1;CO:1,CO2:17,HNO3:3;21;L3_0014;CO2
2026-08-13;31.70059;87.77651;2026-08-13 04:20:46;32.9824;85.85267;China;Xizang;DAY;fire;CO2:13;13;L3_0016;CO2
2026-08-13;31.78861;14.53503;2026-08-13 09:26:46;29.686981;15.603011;Libya;Surt;DAY;others;CO2:2,HNO3:4;6;L3_0013;CO2
2026-08-13;31.80146;63.28722;2026-08-13 06:02:46;30.3091;63.061863;Afghanistan;Hilmand;DAY;fire_type_1;CO:2,CO2:20,HNO3:3;25;L3_0012;HNO3,CO2
2026-08-13;31.80704;37.42719;2026-08-13 07:44:46;29.772572;39.97337;Saudi Arabia;Al Jawf;DAY;fire_type_1;C2H4:7,CO:8,CO2:11,HNO3:4;30;L3_0010;CO2
2026-08-13;31.87716;9.98706;2026-08-13 09:26:46;32.1349;10.143862;Tunisia;Tataouine;DAY;fire_type_1;CO:1,CO2:17,HNO3:3;21;L3_0014;CO2
2026-08-13;31.92817;57.83647;2026-08-13 06:02:46;28.940872;57.740215;Iran;Kerman;DAY;fire_type_1;C2H4:3,CO:12,CO2:18,HCOOH:1,HNO3:2;36;L3_0011;CO2
2026-08-13;31.95332;42.55968;2026-08-13 07:44:46;29.772572;39.97337;Saudi Arabia;Al Jawf;DAY;fire_type_1;C2H4:7,CO:8,CO2:11,HNO3:4;30;L3_0010;HNO3
2026-08-13;31.99448;37.49168;2026-08-13 07:44:46;29.772572;39.97337;Saudi Arabia;Al Jawf;DAY;fire_type_1;C2H4:7,CO:8,CO2:11,HNO3:4;30;L3_0010;CO2
2026-08-13;31.99951;9.40911;2026-08-13 09:26:46;32.1349;10.143862;Tunisia;Tataouine;DAY;fire_type_1;CO:1,CO2:17,HNO3:3;21;L3_0014;CO2
2026-08-13;32.04138;43.20314;2026-08-13 07:44:46;29.772572;39.97337;Saudi Arabia;Al Jawf;DAY;fire_type_1;C2H4:7,CO:8,CO2:11,HNO3:4;30;L3_0010;C2H4
2026-08-13;32.10666;56.83779;2026-08-13 06:02:46;28.940872;57.740215;Iran;Kerman;DAY;fire_type_1;C2H4:3,CO:12,CO2:18,HCOOH:1,HNO3:2;36;L3_0011;HNO3
2026-08-13;32.1625;40.01712;2026-08-13 07:44:46;29.772572;39.97337;Saudi Arabia;Al Jawf;DAY;fire_type_1;C2H4:7,CO:8,CO2:11,HNO3:4;30;L3_0010;CO2
2026-08-13;32.16514;9.46114;2026-08-13 09:26:46;32.1349;10.143862;Tunisia;Tataouine;DAY;fire_type_1;CO:1,CO2:17,HNO3:3;21;L3_0014;CO2
2026-08-13;32.16917;60.76113;2026-08-13 06:02:46;30.3091;63.061863;Afghanistan;Hilmand;DAY;fire_type_1;CO:2,CO2:20,HNO3:3;25;L3_0012;CO2
2026-08-13;32.21115;9.25704;2026-08-13 09:26:46;32.1349;10.143862;Tunisia;Tataouine;DAY;fire_type_1;CO:1,CO2:17,HNO3:3;21;L3_0014;CO2
2026-08-13;32.29903;85.91053;2026-08-13 04:20:46;32.9824;85.85267;China;Xizang;DAY;fire;CO2:13;13;L3_0016;CO2
2026-08-13;32.3672;5.70793;2026-08-13 09:26:46;26.995811;7.1089997;Algeria;Illizi;DAY;fire_type_1;C2H4:3,CO:15,CO2:19,HCOOH:1,HNO3:10;48;L3_0008;CO
2026-08-13;32.46492;9.55811;2026-08-13 09:26:46;32.1349;10.143862;Tunisia;Tataouine;DAY;fire_type_1;CO:1,CO2:17,HNO3:3;21;L3_0014;CO2
2026-08-13;32.49979;61.52941;2026-08-13 06:02:46;30.3091;63.061863;Afghanistan;Hilmand;DAY;fire_type_1;CO:2,CO2:20,HNO3:3;25;L3_0012;CO2
2026-08-13;32.52273;37.3871;2026-08-13 07:44:46;29.772572;39.97337;Saudi Arabia;Al Jawf;DAY;fire_type_1;C2H4:7,CO:8,CO2:11,HNO3:4;30;L3_0010;CO
2026-08-13;32.55641;88.36936;2026-08-13 04:20:46;32.9824;85.85267;China;Xizang;DAY;fire;CO2:13;13;L3_0016;CO2
2026-08-13;32.59381;22.35194;2026-08-13 07:44:46;31.733248;23.462097;Libya;Al Butnan;DAY;others;C2H4:2,CO2:1,HNO3:1;4;L3_0015;C2H4
2026-08-13;32.61868;38.23911;2026-08-13 07:44:46;29.772572;39.97337;Saudi Arabia;Al Jawf;DAY;fire_type_1;C2H4:7,CO:8,CO2:11,HNO3:4;30;L3_0010;CO2
2026-08-13;32.62317;8.80478;2026-08-13 09:26:46;32.1349;10.143862;Tunisia;Tataouine;DAY;fire_type_1;CO:1,CO2:17,HNO3:3;21;L3_0014;CO2
2026-08-13;32.6305;9.61064;2026-08-13 09:26:46;32.1349;10.143862;Tunisia;Tataouine;DAY;fire_type_1;CO:1,CO2:17,HNO3:3;21;L3_0014;CO2
2026-08-13;32.64495;63.06232;2026-08-13 06:02:46;30.3091;63.061863;Afghanistan;Hilmand;DAY;fire_type_1;CO:2,CO2:20,HNO3:3;25;L3_0012;CO2
2026-08-13;32.6545;83.19289;2026-08-13 04:20:46;32.9824;85.85267;China;Xizang;DAY;fire;CO2:13;13;L3_0016;CO2
2026-08-13;32.71401;5.60784;2026-08-13 09:26:46;26.995811;7.1089997;Algeria;Illizi;DAY;fire_type_1;C2H4:3,CO:15,CO2:19,HCOOH:1,HNO3:10;48;L3_0008;CO2
2026-08-13;32.72492;87.65507;2026-08-13 04:20:46;32.9824;85.85267;China;Xizang;DAY;fire;CO2:13;13;L3_0016;CO2
2026-08-13;32.73105;40.66017;2026-08-13 07:44:46;29.772572;39.97337;Saudi Arabia;Al Jawf;DAY;fire_type_1;C2H4:7,CO:8,CO2:11,HNO3:4;30;L3_0010;C2H4
2026-08-13;32.78436;8.85708;2026-08-13 09:26:46;32.1349;10.143862;Tunisia;Tataouine;DAY;fire_type_1;CO:1,CO2:17,HNO3:3;21;L3_0014;CO2
2026-08-13;32.78705;87.40622;2026-08-13 04:20:46;32.9824;85.85267;China;Xizang;DAY;fire;CO2:13;13;L3_0016;CO2
2026-08-13;32.86012;42.94018;2026-08-13 07:44:46;29.772572;39.97337;Saudi Arabia;Al Jawf;DAY;fire_type_1;C2H4:7,CO:8,CO2:11,HNO3:4;30;L3_0010;CO
2026-08-13;32.91467;23.58731;2026-08-13 07:44:46;31.733248;23.462097;Libya;Al Butnan;DAY;others;C2H4:2,CO2:1,HNO3:1;4;L3_0015;C2H4
2026-08-13;32.96295;61.68639;2026-08-13 06:02:46;30.3091;63.061863;Afghanistan;Hilmand;DAY;fire_type_1;CO:2,CO2:20,HNO3:3;25;L3_0012;CO
2026-08-13;32.97811;9.50054;2026-08-13 09:26:46;32.1349;10.143862;Tunisia;Tataouine;DAY;fire_type_1;CO:1,CO2:17,HNO3:3;21;L3_0014;CO2
2026-08-13;33.04496;9.1506;2026-08-13 09:26:46;32.1349;10.143862;Tunisia;Tataouine;DAY;fire_type_1;CO:1,CO2:17,HNO3:3;21;L3_0014;CO2
2026-08-13;33.07973;38.40735;2026-08-13 07:44:46;29.772572;39.97337;Saudi Arabia;Al Jawf;DAY;fire_type_1;C2H4:7,CO:8,CO2:11,HNO3:4;30;L3_0010;CO2
2026-08-13;33.14209;9.55531;2026-08-13 09:26:46;32.1349;10.143862;Tunisia;Tataouine;DAY;fire_type_1;CO:1,CO2:17,HNO3:3;21;L3_0014;CO,CO2
2026-08-13;33.19325;37.91978;2026-08-13 07:44:46;29.772572;39.97337;Saudi Arabia;Al Jawf;DAY;fire_type_1;C2H4:7,CO:8,CO2:11,HNO3:4;30;L3_0010;CO2
2026-08-13;33.20735;9.20162;2026-08-13 09:26:46;32.1349;10.143862;Tunisia;Tataouine;DAY;fire_type_1;CO:1,CO2:17,HNO3:3;21;L3_0014;CO2
2026-08-13;33.2711;10.44681;2026-08-13 09:26:46;32.1349;10.143862;Tunisia;Tataouine;DAY;fire_type_1;CO:1,CO2:17,HNO3:3;21;L3_0014;CO2
2026-08-13;33.30294;5.96862;2026-08-13 09:26:46;26.995811;7.1089997;Algeria;Illizi;DAY;fire_type_1;C2H4:3,CO:15,CO2:19,HCOOH:1,HNO3:10;48;L3_0008;CO2
2026-08-13;33.33936;5.78296;2026-08-13 09:26:46;26.995811;7.1089997;Algeria;Illizi;DAY;fire_type_1;C2H4:3,CO:15,CO2:19,HCOOH:1,HNO3:10;48;L3_0008;CO2
2026-08-13;33.51384;84.74546;2026-08-13 04:20:46;32.9824;85.85267;China;Xizang;DAY;fire;CO2:13;13;L3_0016;CO2
2026-08-13;33.55555;42.28903;2026-08-13 07:44:46;29.772572;39.97337;Saudi Arabia;Al Jawf;DAY;fire_type_1;C2H4:7,CO:8,CO2:11,HNO3:4;30;L3_0010;HNO3
2026-08-13;33.90875;37.883;2026-08-13 07:44:46;29.772572;39.97337;Saudi Arabia;Al Jawf;DAY;fire_type_1;C2H4:7,CO:8,CO2:11,HNO3:4;30;L3_0010;CO2
2026-08-13;33.91855;85.23519;2026-08-13 04:20:46;32.9824;85.85267;China;Xizang;DAY;fire;CO2:13;13;L3_0016;CO2
2026-08-13;33.94703;61.77093;2026-08-13 06:02:46;30.3091;63.061863;Afghanistan;Hilmand;DAY;fire_type_1;CO:2,CO2:20,HNO3:3;25;L3_0012;CO
2026-08-13;34.09943;7.06965;2026-08-13 09:26:46;26.995811;7.1089997;Algeria;Illizi;DAY;fire_type_1;C2H4:3,CO:15,CO2:19,HCOOH:1,HNO3:10;48;L3_0008;CO2
2026-08-13;34.15097;11.86866;2026-08-13 09:26:46;32.1349;10.143862;Tunisia;Tataouine;DAY;fire_type_1;CO:1,CO2:17,HNO3:3;21;L3_0014;CO2
2026-08-13;34.15324;40.11615;2026-08-13 07:44:46;29.772572;39.97337;Saudi Arabia;Al Jawf;DAY;fire_type_1;C2H4:7,CO:8,CO2:11,HNO3:4;30;L3_0010;HNO3
2026-08-13;34.27481;85.94435;2026-08-13 04:20:46;32.9824;85.85267;China;Xizang;DAY;fire;CO2:13;13;L3_0016;CO2
2026-08-13;34.42826;84.2688;2026-08-13 04:20:46;32.9824;85.85267;China;Xizang;DAY;fire;CO2:13;13;L3_0016;CO2
2026-08-13;34.44917;4.98835;2026-08-13 09:26:46;26.995811;7.1089997;Algeria;Illizi;DAY;fire_type_1;C2H4:3,CO:15,CO2:19,HCOOH:1,HNO3:10;48;L3_0008;CO2
2026-08-13;35.61899;85.79004;2026-08-13 04:20:46;32.9824;85.85267;China;Xizang;DAY;fire;CO2:13;13;L3_0016;CO2
2026-08-13;36.4058;65.02491;2026-08-13 06:02:46;38.45825;63.552845;Turkmenistan;Lebap;DAY;fire_type_1;CO:3,CO2:14;17;L3_0017;CO2
2026-08-13;36.58897;64.23125;2026-08-13 06:02:46;38.45825;63.552845;Turkmenistan;Lebap;DAY;fire_type_1;CO:3,CO2:14;17;L3_0017;CO2
2026-08-13;36.7855;65.51816;2026-08-13 06:02:46;38.45825;63.552845;Turkmenistan;Lebap;DAY;fire_type_1;CO:3,CO2:14;17;L3_0017;CO2
2026-08-13;37.04951;65.62619;2026-08-13 06:02:46;38.45825;63.552845;Turkmenistan;Lebap;DAY;fire_type_1;CO:3,CO2:14;17;L3_0017;CO2
2026-08-13;37.26933;66.73887;2026-08-13 06:02:46;38.45825;63.552845;Turkmenistan;Lebap;DAY;fire_type_1;CO:3,CO2:14;17;L3_0017;CO
2026-08-13;37.51098;-6.19141;2026-08-13 20:44:46;37.51098;-6.191409;Spain;Andalucía;NIGHT;extrem;;5;L3_0001;C2H4,CO
2026-08-13;37.58958;63.35343;2026-08-13 06:02:46;38.45825;63.552845;Turkmenistan;Lebap;DAY;fire_type_1;CO:3,CO2:14;17;L3_0017;CO2
2026-08-13;37.95477;62.53313;2026-08-13 06:02:46;38.45825;63.552845;Turkmenistan;Lebap;DAY;fire_type_1;CO:3,CO2:14;17;L3_0017;CO2
2026-08-13;37.96864;64.77966;2026-08-13 06:02:46;38.45825;63.552845;Turkmenistan;Lebap;DAY;fire_type_1;CO:3,CO2:14;17;L3_0017;CO
2026-08-13;38.70447;65.07848;2026-08-13 05:59:50;38.45825;63.552845;Turkmenistan;Lebap;DAY;fire_type_1;CO:3,CO2:14;17;L3_0017;CO2
2026-08-13;38.95776;61.61034;2026-08-13 06:02:46;38.45825;63.552845;Turkmenistan;Lebap;DAY;fire_type_1;CO:3,CO2:14;17;L3_0017;CO2
2026-08-13;39.02336;61.24768;2026-08-13 06:02:46;38.45825;63.552845;Turkmenistan;Lebap;DAY;fire_type_1;CO:3,CO2:14;17;L3_0017;CO2
2026-08-13;39.25511;81.74242;2026-08-13 04:20:46;40.169544;84.03971;China;Xinjiang Uygur;DAY;fire_type_1;CO:2,CO2:7;9;L3_0018;CO
2026-08-13;39.30231;62.37244;2026-08-13 05:59:50;38.45825;63.552845;Turkmenistan;Lebap;DAY;fire_type_1;CO:3,CO2:14;17;L3_0017;CO
2026-08-13;39.42785;59.98646;2026-08-13 06:02:46;38.45825;63.552845;Turkmenistan;Lebap;DAY;fire_type_1;CO:3,CO2:14;17;L3_0017;CO2
2026-08-13;39.71339;62.77257;2026-08-13 05:59:50;38.45825;63.552845;Turkmenistan;Lebap;DAY;fire_type_1;CO:3,CO2:14;17;L3_0017;CO2
2026-08-13;39.75953;82.72923;2026-08-13 04:20:46;40.169544;84.03971;China;Xinjiang Uygur;DAY;fire_type_1;CO:2,CO2:7;9;L3_0018;CO
2026-08-13;39.80184;63.23658;2026-08-13 05:59:50;38.45825;63.552845;Turkmenistan;Lebap;DAY;fire_type_1;CO:3,CO2:14;17;L3_0017;CO2,SO2
2026-08-13;40.10141;60.80556;2026-08-13 05:59:50;38.45825;63.552845;Turkmenistan;Lebap;DAY;fire_type_1;CO:3,CO2:14;17;L3_0017;CO2
2026-08-13;40.16926;86.1697;2026-08-13 04:20:46;40.169544;84.03971;China;Xinjiang Uygur;DAY;fire_type_1;CO:2,CO2:7;9;L3_0018;CO2
2026-08-13;40.172;83.23393;2026-08-13 04:20:46;40.169544;84.03971;China;Xinjiang Uygur;DAY;fire_type_1;CO:2,CO2:7;9;L3_0018;CO2
2026-08-13;40.26294;84.65635;2026-08-13 04:20:46;40.169544;84.03971;China;Xinjiang Uygur;DAY;fire_type_1;CO:2,CO2:7;9;L3_0018;CO2
2026-08-13;40.32541;85.26116;2026-08-13 04:20:46;40.169544;84.03971;China;Xinjiang Uygur;DAY;fire_type_1;CO:2,CO2:7;9;L3_0018;CO2
2026-08-13;40.45789;84.50595;2026-08-13 04:20:46;40.169544;84.03971;China;Xinjiang Uygur;DAY;fire_type_1;CO:2,CO2:7;9;L3_0018;CO2
2026-08-13;40.51193;84.15329;2026-08-13 04:20:46;40.169544;84.03971;China;Xinjiang Uygur;DAY;fire_type_1;CO:2,CO2:7;9;L3_0018;CO2
2026-08-13;40.54998;83.94946;2026-08-13 04:20:46;40.169544;84.03971;China;Xinjiang Uygur;DAY;fire_type_1;CO:2,CO2:7;9;L3_0018;CO2
2026-08-13;40.8916;65.17176;2026-08-13 05:59:50;38.45825;63.552845;Turkmenistan;Lebap;DAY;fire_type_1;CO:3,CO2:14;17;L3_0017;CO2
2026-08-13;43.00186;66.97947;2026-08-13 05:59:50;43.001865;66.97947;Kazakhstan;Qyzylorda;DAY;extrem;;4;L3_0002;CO2,SO2
2026-08-13;43.34742;16.68785;2026-08-13 19:05:50;43.347416;16.68785;Croatia;Splitsko-Dalmatinska;NIGHT;extrem;;5;L3_0004;CO,CO2
2026-08-13;63.96757;108.96888;2026-08-13 04:11:50;64.82151;108.86891;Russian Federation;Sakha;DAY;fire_type_1;C2H4:3,CO:12,CO2:1;16;L3_0019;CO,NH3
2026-08-13;64.31714;106.81938;2026-08-13 12:26:46;64.82151;108.86891;Russian Federation;Sakha;DAY;fire_type_1;C2H4:3,CO:12,CO2:1;16;L3_0019;C2H4,CO
2026-08-13;64.37394;109.55399;2026-08-13 04:11:50;64.82151;108.86891;Russian Federation;Sakha;DAY;fire_type_1;C2H4:3,CO:12,CO2:1;16;L3_0019;CO
2026-08-13;64.40737;108.5378;2026-08-13 04:11:50;64.82151;108.86891;Russian Federation;Sakha;DAY;fire_type_1;C2H4:3,CO:12,CO2:1;16;L3_0019;CO
2026-08-13;64.43039;107.2543;2026-08-13 12:26:46;64.82151;108.86891;Russian Federation;Sakha;DAY;fire_type_1;C2H4:3,CO:12,CO2:1;16;L3_0019;C2H4
2026-08-13;64.56785;108.76505;2026-08-13 04:11:50;64.82151;108.86891;Russian Federation;Sakha;DAY;fire_type_1;C2H4:3,CO:12,CO2:1;16;L3_0019;CO
2026-08-13;64.61767;109.91085;2026-08-13 04:11:50;64.82151;108.86891;Russian Federation;Sakha;DAY;fire_type_1;C2H4:3,CO:12,CO2:1;16;L3_0019;CO
2026-08-13;64.85241;107.58479;2026-08-13 04:11:50;64.82151;108.86891;Russian Federation;Sakha;DAY;fire_type_1;C2H4:3,CO:12,CO2:1;16;L3_0019;CO
2026-08-13;65.02096;110.52699;2026-08-13 04:11:50;64.82151;108.86891;Russian Federation;Sakha;DAY;fire_type_1;C2H4:3,CO:12,CO2:1;16;L3_0019;CO
2026-08-13;65.18109;110.7831;2026-08-13 04:11:50;64.82151;108.86891;Russian Federation;Sakha;DAY;fire_type_1;C2H4:3,CO:12,CO2:1;16;L3_0019;CO
2026-08-13;65.29401;107.01426;2026-08-13 12:26:46;64.82151;108.86891;Russian Federation;Sakha;DAY;fire_type_1;C2H4:3,CO:12,CO2:1;16;L3_0019;CO,CO2
2026-08-13;65.36786;107.75561;2026-08-13 04:11:50;64.82151;108.86891;Russian Federation;Sakha;DAY;fire_type_1;C2H4:3,CO:12,CO2:1;16;L3_0019;CO
2026-08-13;65.47359;112.24701;2026-08-13 12:26:46;64.82151;108.86891;Russian Federation;Sakha;DAY;fire_type_1;C2H4:3,CO:12,CO2:1;16;L3_0019;CO
2026-08-13;65.52046;108.54443;2026-08-13 04:11:50;64.82151;108.86891;Russian Federation;Sakha;DAY;fire_type_1;C2H4:3,CO:12,CO2:1;16;L3_0019;C2H4
2026-08-13;71.12639;-85.19044;2026-08-13 17:41:50;72.48102;-83.252525;Canada;Nunavut;DAY;others;C2H4:2,HCOOH:1,HNO3:2,NH3:2;7;L3_0020;C2H4
2026-08-13;72.0118;-83.13921;2026-08-13 00:38:46;72.48102;-83.252525;Canada;Nunavut;DAY;others;C2H4:2,HCOOH:1,HNO3:2,NH3:2;7;L3_0020;HCOOH
2026-08-13;72.05331;-83.17834;2026-08-13 22:38:46;72.48102;-83.252525;Canada;Nunavut;DAY;others;C2H4:2,HCOOH:1,HNO3:2,NH3:2;7;L3_0020;C2H4
2026-08-13;72.63996;-82.03263;2026-08-13 15:59:50;72.48102;-83.252525;Canada;Nunavut;DAY;others;C2H4:2,HCOOH:1,HNO3:2,NH3:2;7;L3_0020;HNO3
2026-08-13;72.74121;-83.20769;2026-08-13 15:59:50;72.48102;-83.252525;Canada;Nunavut;DAY;others;C2H4:2,HCOOH:1,HNO3:2,NH3:2;7;L3_0020;NH3
2026-08-13;73.01964;-80.8607;2026-08-13 15:59:50;72.48102;-83.252525;Canada;Nunavut;DAY;others;C2H4:2,HCOOH:1,HNO3:2,NH3:2;7;L3_0020;NH3
2026-08-13;73.73939;-85.06232;2026-08-13 17:41:50;72.48102;-83.252525;Canada;Nunavut;DAY;others;C2H4:2,HCOOH:1,HNO3:2,NH3:2;7;L3_0020;HNO3
2026-08-13;-83.72977;84.8525;2026-08-13 20:08:46;-82.99795;84.50822;Antarctica;;NIGHT;Unclassified;NH3:2;2;L2_0001;NH3
2026-08-13;-82.26591;84.22882;2026-08-13 20:08:46;-82.99795;84.50822;Antarctica;;NIGHT;Unclassified;NH3:2;2;L2_0001;NH3
2026-08-13;-67.38532;71.18582;2026-08-13 20:11:50;-67.18251;71.58493;Southern Ocean;;NIGHT;Unclassified;HNO3:2;2;L2_0002;HNO3
2026-08-13;-66.97873;71.97737;2026-08-13 20:11:50;-67.18251;71.58493;Southern Ocean;;NIGHT;Unclassified;HNO3:2;2;L2_0002;HNO3
2026-08-13;-27.52651;17.05046;2026-08-13 20:26:46;-27.253397;17.168896;Namibia;!Karas;NIGHT;Unclassified;HNO3:2;2;L2_0003;HNO3
2026-08-13;-26.98019;17.28675;2026-08-13 20:26:46;-27.253397;17.168896;Namibia;!Karas;NIGHT;Unclassified;HNO3:2;2;L2_0003;HNO3
2026-08-13;-20.58009;15.81989;2026-08-13 20:29:50;-20.58009;15.81989;Namibia;Otjozondjupa;NIGHT;Unclassified;CO:1,CO2:1;2;L2_0004;CO,CO2
2026-08-13;21.41171;12.14851;2026-08-13 20:38:46;21.529829;11.588926;Niger;Agadez;NIGHT;Unclassified;CO2:2;2;L2_0006;CO2
2026-08-13;21.64608;11.02844;2026-08-13 20:38:46;21.529829;11.588926;Niger;Agadez;NIGHT;Unclassified;CO2:2;2;L2_0006;CO2
2026-08-13;24.35515;0.1796;2026-08-13 20:41:50;26.853027;0.53921276;Algeria;Adrar;NIGHT;Unclassified;C2H4:1,HNO3:3,NH3:1;5;L2_0008;C2H4
2026-08-13;24.51531;-1.04281;2026-08-13 20:41:50;26.853027;0.53921276;Algeria;Adrar;NIGHT;Unclassified;C2H4:1,HNO3:3,NH3:1;5;L2_0008;NH3
2026-08-13;27.41581;1.08749;2026-08-13 20:41:50;26.853027;0.53921276;Algeria;Adrar;NIGHT;Unclassified;C2H4:1,HNO3:3,NH3:1;5;L2_0008;HNO3
2026-08-13;28.88052;0.91177;2026-08-13 20:41:50;26.853027;0.53921276;Algeria;Adrar;NIGHT;Unclassified;C2H4:1,HNO3:3,NH3:1;5;L2_0008;HNO3
2026-08-13;29.08283;1.63082;2026-08-13 20:41:50;26.853027;0.53921276;Algeria;Adrar;NIGHT;Unclassified;C2H4:1,HNO3:3,NH3:1;5;L2_0008;HNO3
2026-08-13;34.69647;15.60303;2026-08-13 20:44:46;36.198315;15.396403;Mediterranean Sea - Eastern Basin;;NIGHT;Unclassified;SO2:14;14;L2_0010;SO2
2026-08-13;34.91526;15.56108;2026-08-13 20:44:46;36.198315;15.396403;Mediterranean Sea - Eastern Basin;;NIGHT;Unclassified;SO2:14;14;L2_0010;SO2
2026-08-13;35.02793;16.48152;2026-08-13 20:44:46;36.198315;15.396403;Mediterranean Sea - Eastern Basin;;NIGHT;Unclassified;SO2:14;14;L2_0010;SO2
2026-08-13;35.16266;15.52286;2026-08-13 20:44:46;36.198315;15.396403;Mediterranean Sea - Eastern Basin;;NIGHT;Unclassified;SO2:14;14;L2_0010;SO2
2026-08-13;36.4974;14.78387;2026-08-13 20:44:46;36.198315;15.396403;Mediterranean Sea - Eastern Basin;;NIGHT;Unclassified;SO2:14;14;L2_0010;SO2
2026-08-13;37.02709;15.2037;2026-08-13 20:44:46;36.198315;15.396403;Mediterranean Sea - Eastern Basin;;NIGHT;Unclassified;SO2:14;14;L2_0010;SO2
2026-08-13;37.24548;15.16207;2026-08-13 20:44:46;36.198315;15.396403;Mediterranean Sea - Eastern Basin;;NIGHT;Unclassified;SO2:14;14;L2_0010;SO2
2026-08-13;37.49307;15.12428;2026-08-13 20:44:46;36.198315;15.396403;Mediterranean Sea - Eastern Basin;;NIGHT;Unclassified;SO2:14;14;L2_0010;SO2
2026-08-13;37.71143;15.08276;2026-08-13 20:44:46;36.198315;15.396403;Mediterranean Sea - Eastern Basin;;NIGHT;Unclassified;SO2:14;14;L2_0010;SO2
2026-08-13;-82.18438;166.42609;2026-08-13 21:47:50;-82.11798;168.89369;Southern Ocean;;NIGHT;Unclassified;HCOOH:2;2;L2_0011;HCOOH
2026-08-13;-82.0374;171.31602;2026-08-13 21:47:50;-82.11798;168.89369;Southern Ocean;;NIGHT;Unclassified;HCOOH:2;2;L2_0011;HCOOH
2026-08-13;22.11278;-177.67184;2026-08-13 21:17:50;22.287191;-178.16695;North Pacific Ocean;;DAY;Unclassified;NH3:2;2;L2_0012;NH3
2026-08-13;22.4601;-178.66331;2026-08-13 21:17:50;22.287191;-178.16695;North Pacific Ocean;;DAY;Unclassified;NH3:2;2;L2_0012;NH3
2026-08-13;68.19982;-162.10246;2026-08-13 21:05:50;68.6046;-160.28685;United States;Alaska;DAY;Unclassified;NH3:2;2;L2_0013;NH3
2026-08-13;68.98913;-158.40631;2026-08-13 21:05:50;68.6046;-160.28685;United States;Alaska;DAY;Unclassified;NH3:2;2;L2_0013;NH3
2026-08-13;-29.76302;21.13562;2026-08-13 08:02:46;-29.76302;21.135618;South Africa;Northern Cape;DAY;Unclassified;NH3:1;1;L2_0014;NH3
2026-08-13;-12.80012;21.82392;2026-08-13 07:56:46;-11.695709;21.165525;Angola;Moxico;DAY;Unclassified;CO:2,CO2:2;4;L2_0015;CO,CO2
2026-08-13;-10.58981;20.51237;2026-08-13 07:56:46;-11.695709;21.165525;Angola;Moxico;DAY;Unclassified;CO:2,CO2:2;4;L2_0015;CO,CO2
2026-08-13;2.91046;31.55172;2026-08-13 07:53:50;3.1495166;30.936087;Uganda;Arua;DAY;Unclassified;HNO3:2;2;L2_0016;HNO3
2026-08-13;3.38821;30.32017;2026-08-13 07:53:50;3.1495166;30.936087;Uganda;Arua;DAY;Unclassified;HNO3:2;2;L2_0016;HNO3
2026-08-13;8.90452;28.90748;2026-08-13 07:50:46;8.904521;28.90748;South Sudan;Warap;DAY;Unclassified;CO2:1;1;L2_0017;CO2
2026-08-13;16.19594;34.8781;2026-08-13 07:47:50;17.810719;36.575344;Sudan;Red Sea;DAY;Unclassified;C2H4:1,CO2:5;6;L2_0018;CO2
2026-08-13;16.65162;31.95098;2026-08-13 07:47:50;19.443588;30.55859;Sudan;Northern;DAY;Unclassified;CO:2,CO2:1,NH3:1,SO2:1;5;L2_0019;CO2
2026-08-13;16.69641;24.98634;2026-08-13 07:50:46;16.69641;24.986338;Sudan;North Darfur;DAY;Unclassified;CO:1;1;L2_0020;CO
2026-08-13;17.04407;35.4769;2026-08-13 07:47:50;17.810719;36.575344;Sudan;Red Sea;DAY;Unclassified;C2H4:1,CO2:5;6;L2_0018;CO2
2026-08-13;17.74902;37.60008;2026-08-13 07:47:50;17.810719;36.575344;Sudan;Red Sea;DAY;Unclassified;C2H4:1,CO2:5;6;L2_0018;CO2
2026-08-13;18.28632;36.51437;2026-08-13 07:47:50;17.810719;36.575344;Sudan;Red Sea;DAY;Unclassified;C2H4:1,CO2:5;6;L2_0018;CO2
2026-08-13;18.46166;37.8194;2026-08-13 07:47:50;17.810719;36.575344;Sudan;Red Sea;DAY;Unclassified;C2H4:1,CO2:5;6;L2_0018;CO2
2026-08-13;18.64865;31.86781;2026-08-13 07:47:50;19.443588;30.55859;Sudan;Northern;DAY;Unclassified;CO:2,CO2:1,NH3:1,SO2:1;5;L2_0019;CO
2026-08-13;19.09169;30.54888;2026-08-13 07:47:50;19.443588;30.55859;Sudan;Northern;DAY;Unclassified;CO:2,CO2:1,NH3:1,SO2:1;5;L2_0019;CO
2026-08-13;19.10919;37.19113;2026-08-13 07:47:50;17.810719;36.575344;Sudan;Red Sea;DAY;Unclassified;C2H4:1,CO2:5;6;L2_0018;C2H4
2026-08-13;19.54711;-156.30397;2026-08-13 07:08:46;19.663303;-156.33676;North Pacific Ocean;;NIGHT;Unclassified;SO2:8;8;L2_0022;SO2
2026-08-13;19.77949;-156.36961;2026-08-13 07:08:46;19.663303;-156.33676;North Pacific Ocean;;NIGHT;Unclassified;SO2:8;8;L2_0022;SO2
2026-08-13;21.16779;29.12278;2026-08-13 07:47:50;19.443588;30.55859;Sudan;Northern;DAY;Unclassified;CO:2,CO2:1,NH3:1,SO2:1;5;L2_0019;NH3
2026-08-13;21.63746;29.23922;2026-08-13 07:47:50;19.443588;30.55859;Sudan;Northern;DAY;Unclassified;CO:2,CO2:1,NH3:1,SO2:1;5;L2_0019;SO2
2026-08-13;24.47377;30.7566;2026-08-13 07:47:50;24.473768;30.756596;Egypt;Al Wadi al Jadid;DAY;Unclassified;NH3:1;1;L2_0023;NH3
2026-08-13;26.7857;37.46119;2026-08-13 07:44:46;30.005682;33.86137;Egypt;Shamal Sina';DAY;Unclassified;C2H2:1,HCOOH:1,HNO3:2,CO:3,CO2:1,NH3:2,SO2:5;15;L2_0025;SO2
2026-08-13;26.99248;32.13791;2026-08-13 07:44:46;30.005682;33.86137;Egypt;Shamal Sina';DAY;Unclassified;C2H2:1,HCOOH:1,HNO3:2,CO:3,CO2:1,NH3:2,SO2:5;15;L2_0025;NH3
2026-08-13;28.25869;37.60514;2026-08-13 07:44:46;30.005682;33.86137;Egypt;Shamal Sina';DAY;Unclassified;C2H2:1,HCOOH:1,HNO3:2,CO:3,CO2:1,NH3:2,SO2:5;15;L2_0025;SO2
2026-08-13;29.17878;28.05922;2026-08-13 07:44:46;30.005682;33.86137;Egypt;Shamal Sina';DAY;Unclassified;C2H2:1,HCOOH:1,HNO3:2,CO:3,CO2:1,NH3:2,SO2:5;15;L2_0025;HCOOH
2026-08-13;29.46995;30.26441;2026-08-13 07:44:46;30.005682;33.86137;Egypt;Shamal Sina';DAY;Unclassified;C2H2:1,HCOOH:1,HNO3:2,CO:3,CO2:1,NH3:2,SO2:5;15;L2_0025;CO
2026-08-13;29.68247;34.40442;2026-08-13 07:44:46;30.005682;33.86137;Egypt;Shamal Sina';DAY;Unclassified;C2H2:1,HCOOH:1,HNO3:2,CO:3,CO2:1,NH3:2,SO2:5;15;L2_0025;CO2
2026-08-13;29.71488;35.7044;2026-08-13 07:44:46;30.005682;33.86137;Egypt;Shamal Sina';DAY;Unclassified;C2H2:1,HCOOH:1,HNO3:2,CO:3,CO2:1,NH3:2,SO2:5;15;L2_0025;C2H2
2026-08-13;29.86299;26.77985;2026-08-13 07:44:46;30.005682;33.86137;Egypt;Shamal Sina';DAY;Unclassified;C2H2:1,HCOOH:1,HNO3:2,CO:3,CO2:1,NH3:2,SO2:5;15;L2_0025;HNO3
2026-08-13;29.95794;26.12115;2026-08-13 07:44:46;30.005682;33.86137;Egypt;Shamal Sina';DAY;Unclassified;C2H2:1,HCOOH:1,HNO3:2,CO:3,CO2:1,NH3:2,SO2:5;15;L2_0025;HNO3
2026-08-13;30.5016;37.49248;2026-08-13 07:44:46;30.005682;33.86137;Egypt;Shamal Sina';DAY;Unclassified;C2H2:1,HCOOH:1,HNO3:2,CO:3,CO2:1,NH3:2,SO2:5;15;L2_0025;SO2
2026-08-13;30.5399;39.41154;2026-08-13 07:44:46;30.005682;33.86137;Egypt;Shamal Sina';DAY;Unclassified;C2H2:1,HCOOH:1,HNO3:2,CO:3,CO2:1,NH3:2,SO2:5;15;L2_0025;CO
2026-08-13;30.54419;21.50689;2026-08-13 07:44:46;30.544188;21.506887;Libya;Al Wahat;DAY;Unclassified;CH3OH:1;1;L2_0027;CH3OH
2026-08-13;30.71133;27.61362;2026-08-13 07:44:46;30.005682;33.86137;Egypt;Shamal Sina';DAY;Unclassified;C2H2:1,HCOOH:1,HNO3:2,CO:3,CO2:1,NH3:2,SO2:5;15;L2_0025;CO
2026-08-13;32.15721;38.07259;2026-08-13 07:44:46;30.005682;33.86137;Egypt;Shamal Sina';DAY;Unclassified;C2H2:1,HCOOH:1,HNO3:2,CO:3,CO2:1,NH3:2,SO2:5;15;L2_0025;SO2
2026-08-13;32.27461;38.43908;2026-08-13 07:44:46;30.005682;33.86137;Egypt;Shamal Sina';DAY;Unclassified;C2H2:1,HCOOH:1,HNO3:2,CO:3,CO2:1,NH3:2,SO2:5;15;L2_0025;SO2
2026-08-13;32.69129;43.48353;2026-08-13 07:44:46;33.717686;52.101772;Iran;Esfahan;DAY;Unclassified;C2H4:5,CaCO3:2,CH3OH:2,HCN:1,HCOOH:1,HNO3:8,CO:6,CO2:12,NH3:6,SO2:2;45;L2_0028;NH3
2026-08-13;32.73555;38.60775;2026-08-13 07:44:46;30.005682;33.86137;Egypt;Shamal Sina';DAY;Unclassified;C2H2:1,HCOOH:1,HNO3:2,CO:3,CO2:1,NH3:2,SO2:5;15;L2_0025;NH3
2026-08-13;32.94547;43.59077;2026-08-13 07:44:46;33.717686;52.101772;Iran;Esfahan;DAY;Unclassified;C2H4:5,CaCO3:2,CH3OH:2,HCN:1,HCOOH:1,HNO3:8,CO:6,CO2:12,NH3:6,SO2:2;45;L2_0028;SO2
2026-08-13;34.74884;44.39532;2026-08-13 07:44:46;33.717686;52.101772;Iran;Esfahan;DAY;Unclassified;C2H4:5,CaCO3:2,CH3OH:2,HCN:1,HCOOH:1,HNO3:8,CO:6,CO2:12,NH3:6,SO2:2;45;L2_0028;CO2
2026-08-13;36.18764;42.91545;2026-08-13 07:41:50;33.717686;52.101772;Iran;Esfahan;DAY;Unclassified;C2H4:5,CaCO3:2,CH3OH:2,HCN:1,HCOOH:1,HNO3:8,CO:6,CO2:12,NH3:6,SO2:2;45;L2_0028;C2H4
2026-08-13;36.64048;43.11905;2026-08-13 07:41:50;33.717686;52.101772;Iran;Esfahan;DAY;Unclassified;C2H4:5,CaCO3:2,CH3OH:2,HCN:1,HCOOH:1,HNO3:8,CO:6,CO2:12,NH3:6,SO2:2;45;L2_0028;CH3OH
2026-08-13;45.37792;34.91256;2026-08-13 07:41:50;46.286037;35.36376;Sea of Azov;;DAY;Unclassified;C2H4:1,CO:1,CO2:1,NH3:1;4;L2_0030;C2H4,NH3
2026-08-13;47.19232;35.83016;2026-08-13 07:41:50;46.286037;35.36376;Sea of Azov;;DAY;Unclassified;C2H4:1,CO:1,CO2:1,NH3:1;4;L2_0030;CO,CO2
2026-08-13;48.413;52.45073;2026-08-13 07:38:46;48.413;52.450726;Kazakhstan;West Kazakhstan;DAY;Unclassified;HCOOH:1;1;L2_0031;HCOOH
2026-08-13;-29.8495;40.76731;2026-08-13 06:20:46;-29.70904;41.330563;Indian Ocean;;DAY;Unclassified;C2H4:2;2;L2_0032;C2H4
2026-08-13;-29.56621;41.89223;2026-08-13 06:20:46;-29.70904;41.330563;Indian Ocean;;DAY;Unclassified;C2H4:2;2;L2_0032;C2H4
2026-08-13;-6.44328;-140.26498;2026-08-13 07:02:46;-6.0492406;-140.6712;South Pacific Ocean;;NIGHT;Unclassified;CH3OH:2;2;L2_0033;CH3OH
2026-08-13;-5.6549;-141.07684;2026-08-13 07:02:46;-6.0492406;-140.6712;South Pacific Ocean;;NIGHT;Unclassified;CH3OH:2;2;L2_0033;CH3OH
2026-08-13;14.88881;46.30786;2026-08-13 06:08:46;14.888811;46.307858;Yemen;Shabwah;DAY;Unclassified;CO2:1;1;L2_0034;CO2
2026-08-13;17.38856;44.44558;2026-08-13 06:08:46;17.388557;44.445576;Yemen;Sa`dah;DAY;Unclassified;CO2:1;1;L2_0035;CO2
2026-08-13;17.65644;54.36923;2026-08-13 06:08:46;21.562761;55.748608;Oman;Al Wusta;DAY;Unclassified;CaCO3:1,CO2:1,NH3:3,SO2:2;7;L2_0036;CaCO3
2026-08-13;19.99386;50.51;2026-08-13 06:05:50;21.009007;49.29748;Saudi Arabia;Ash-Sharqīyah;DAY;Unclassified;CaCO3:1,NH3:1,SO2:2;4;L2_0038;NH3
2026-08-13;20.56154;54.61059;2026-08-13 06:05:50;21.562761;55.748608;Oman;Al Wusta;DAY;Unclassified;CaCO3:1,CO2:1,NH3:3,SO2:2;7;L2_0036;CO2
2026-08-13;21.0133;49.08825;2026-08-13 06:05:50;21.009007;49.29748;Saudi Arabia;Ash-Sharqīyah;DAY;Unclassified;CaCO3:1,NH3:1,SO2:2;4;L2_0038;SO2
2026-08-13;21.41342;55.30348;2026-08-13 06:05:50;21.562761;55.748608;Oman;Al Wusta;DAY;Unclassified;CaCO3:1,CO2:1,NH3:3,SO2:2;7;L2_0036;NH3
2026-08-13;21.50187;50.25401;2026-08-13 06:05:50;21.009007;49.29748;Saudi Arabia;Ash-Sharqīyah;DAY;Unclassified;CaCO3:1,NH3:1,SO2:2;4;L2_0038;SO2
2026-08-13;21.50853;47.32589;2026-08-13 06:05:50;21.009007;49.29748;Saudi Arabia;Ash-Sharqīyah;DAY;Unclassified;CaCO3:1,NH3:1,SO2:2;4;L2_0038;CaCO3
2026-08-13;22.3529;58.8316;2026-08-13 06:05:50;21.562761;55.748608;Oman;Al Wusta;DAY;Unclassified;CaCO3:1,CO2:1,NH3:3,SO2:2;7;L2_0036;SO2
2026-08-13;22.5246;54.62315;2026-08-13 06:05:50;21.562761;55.748608;Oman;Al Wusta;DAY;Unclassified;CaCO3:1,CO2:1,NH3:3,SO2:2;7;L2_0036;SO2
2026-08-13;23.00035;57.24497;2026-08-13 06:05:50;21.562761;55.748608;Oman;Al Wusta;DAY;Unclassified;CaCO3:1,CO2:1,NH3:3,SO2:2;7;L2_0036;NH3
2026-08-13;23.37814;55.31987;2026-08-13 06:05:50;21.562761;55.748608;Oman;Al Wusta;DAY;Unclassified;CaCO3:1,CO2:1,NH3:3,SO2:2;7;L2_0036;NH3
2026-08-13;25.68917;51.40582;2026-08-13 06:05:50;33.717686;52.101772;Iran;Esfahan;DAY;Unclassified;C2H4:5,CaCO3:2,CH3OH:2,HCN:1,HCOOH:1,HNO3:8,CO:6,CO2:12,NH3:6,SO2:2;45;L2_0028;CO2
2026-08-13;26.22176;60.6542;2026-08-13 06:05:50;28.569563;62.37026;Pakistan;Balochistan;DAY;Unclassified;C2H4:1,CH3OH:1,CO:3,SO2:2;7;L2_0039;CO
2026-08-13;26.71022;61.57539;2026-08-13 06:05:50;28.569563;62.37026;Pakistan;Balochistan;DAY;Unclassified;C2H4:1,CH3OH:1,CO:3,SO2:2;7;L2_0039;CO
2026-08-13;27.32966;53.30072;2026-08-13 06:05:50;33.717686;52.101772;Iran;Esfahan;DAY;Unclassified;C2H4:5,CaCO3:2,CH3OH:2,HCN:1,HCOOH:1,HNO3:8,CO:6,CO2:12,NH3:6,SO2:2;45;L2_0028;CaCO3
2026-08-13;27.62477;44.90418;2026-08-13 06:05:50;33.717686;52.101772;Iran;Esfahan;DAY;Unclassified;C2H4:5,CaCO3:2,CH3OH:2,HCN:1,HCOOH:1,HNO3:8,CO:6,CO2:12,NH3:6,SO2:2;45;L2_0028;CO2
2026-08-13;27.85328;48.57941;2026-08-13 06:05:50;33.717686;52.101772;Iran;Esfahan;DAY;Unclassified;C2H4:5,CaCO3:2,CH3OH:2,HCN:1,HCOOH:1,HNO3:8,CO:6,CO2:12,NH3:6,SO2:2;45;L2_0028;CO2
2026-08-13;28.66301;59.43258;2026-08-13 06:05:50;28.569563;62.37026;Pakistan;Balochistan;DAY;Unclassified;C2H4:1,CH3OH:1,CO:3,SO2:2;7;L2_0039;CH3OH
2026-08-13;28.91673;47.76081;2026-08-13 06:05:50;33.717686;52.101772;Iran;Esfahan;DAY;Unclassified;C2H4:5,CaCO3:2,CH3OH:2,HCN:1,HCOOH:1,HNO3:8,CO:6,CO2:12,NH3:6,SO2:2;45;L2_0028;CO2
2026-08-13;29.6815;45.23498;2026-08-13 06:05:50;33.717686;52.101772;Iran;Esfahan;DAY;Unclassified;C2H4:5,CaCO3:2,CH3OH:2,HCN:1,HCOOH:1,HNO3:8,CO:6,CO2:12,NH3:6,SO2:2;45;L2_0028;CO2
2026-08-13;29.85746;52.75341;2026-08-13 06:05:50;33.717686;52.101772;Iran;Esfahan;DAY;Unclassified;C2H4:5,CaCO3:2,CH3OH:2,HCN:1,HCOOH:1,HNO3:8,CO:6,CO2:12,NH3:6,SO2:2;45;L2_0028;NH3
2026-08-13;30.6393;47.34002;2026-08-13 06:05:50;33.717686;52.101772;Iran;Esfahan;DAY;Unclassified;C2H4:5,CaCO3:2,CH3OH:2,HCN:1,HCOOH:1,HNO3:8,CO:6,CO2:12,NH3:6,SO2:2;45;L2_0028;CO
2026-08-13;30.70289;46.87897;2026-08-13 06:05:50;33.717686;52.101772;Iran;Esfahan;DAY;Unclassified;C2H4:5,CaCO3:2,CH3OH:2,HCN:1,HCOOH:1,HNO3:8,CO:6,CO2:12,NH3:6,SO2:2;45;L2_0028;C2H4
2026-08-13;74.78103;-84.20083;2026-08-13 15:59:50;74.64994;-85.92296;Canada;Nunavut;DAY;Unclassified;HNO3:3;3;L2_0041;HNO3
2026-08-13;18.22378;-15.23391;2026-08-13 11:11:50;18.223778;-15.233908;Mauritania;Trarza;DAY;Unclassified;CO2:1;1;L2_0042;CO2
2026-08-13;21.19171;-16.11133;2026-08-13 11:11:50;21.98988;-15.304184;Morocco;Oued el Dahab;DAY;Unclassified;CaCO3:1,NH3:1;2;L2_0044;CaCO3
2026-08-13;22.78406;-14.48793;2026-08-13 11:08:46;21.98988;-15.304184;Morocco;Oued el Dahab;DAY;Unclassified;CaCO3:1,NH3:1;2;L2_0044;NH3
2026-08-13;23.23262;-11.35013;2026-08-13 11:08:46;25.035753;-10.641841;Mauritania;Tiris Zemmour;DAY;Unclassified;C2H2:1,C2H4:1,CO:2,CO2:1,NH3:1;6;L2_0045;CO2
2026-08-13;23.69155;-11.19626;2026-08-13 11:08:46;25.035753;-10.641841;Mauritania;Tiris Zemmour;DAY;Unclassified;C2H2:1,C2H4:1,CO:2,CO2:1,NH3:1;6;L2_0045;NH3
2026-08-13;23.7533;-10.62341;2026-08-13 11:08:46;25.035753;-10.641841;Mauritania;Tiris Zemmour;DAY;Unclassified;C2H2:1,C2H4:1,CO:2,CO2:1,NH3:1;6;L2_0045;CO
2026-08-13;25.52586;-10.56537;2026-08-13 11:08:46;25.035753;-10.641841;Mauritania;Tiris Zemmour;DAY;Unclassified;C2H2:1,C2H4:1,CO:2,CO2:1,NH3:1;6;L2_0045;C2H2
2026-08-13;26.65158;-10.16874;2026-08-13 11:08:46;25.035753;-10.641841;Mauritania;Tiris Zemmour;DAY;Unclassified;C2H2:1,C2H4:1,CO:2,CO2:1,NH3:1;6;L2_0045;CO
2026-08-13;27.35468;-9.91019;2026-08-13 11:08:46;25.035753;-10.641841;Mauritania;Tiris Zemmour;DAY;Unclassified;C2H2:1,C2H4:1,CO:2,CO2:1,NH3:1;6;L2_0045;C2H4
2026-08-13;32.36431;-7.94446;2026-08-13 11:05:50;32.364315;-7.944459;Morocco;Marrakech - Tensift - Al Haouz;DAY;Unclassified;CO2:1;1;L2_0047;CO2
2026-08-13;40.63777;-5.63357;2026-08-13 11:05:50;40.63777;-5.6335697;Spain;Castilla y León;DAY;Unclassified;CH3OH:1;1;L2_0048;CH3OH
2026-08-13;42.39559;-93.72419;2026-08-13 03:50:46;42.79614;-93.363655;United States;Iowa;NIGHT;Unclassified;HCOOH:2;2;L2_0049;HCOOH
2026-08-13;43.19553;-92.99844;2026-08-13 03:53:50;42.79614;-93.363655;United States;Iowa;NIGHT;Unclassified;HCOOH:2;2;L2_0049;HCOOH
2026-08-13;49.27084;-121.86145;2026-08-13 03:56:46;48.560936;-121.23895;United States;Washington;NIGHT;Unclassified;C2H4:1,CO:1;2;L2_0050;C2H4
2026-08-13;29.67797;85.70381;2026-08-13 04:23:50;30.940025;85.599266;China;Xizang;DAY;Unclassified;C2H4:1,CO2:1;2;L2_0051;CO2
2026-08-13;30.4587;71.28163;2026-08-13 04:23:50;31.407988;71.43734;Pakistan;Punjab;DAY;Unclassified;HCOOH:6,NH3:2;8;L2_0052;HCOOH
2026-08-13;30.62474;80.73145;2026-08-13 04:23:50;31.430378;80.297295;China;Xizang;DAY;Unclassified;CO2:2;2;L2_0053;CO2
2026-08-13;30.71903;71.32401;2026-08-13 04:23:50;31.407988;71.43734;Pakistan;Punjab;DAY;Unclassified;HCOOH:6,NH3:2;8;L2_0052;HCOOH,NH3
2026-08-13;31.18348;71.40044;2026-08-13 04:23:50;31.407988;71.43734;Pakistan;Punjab;DAY;Unclassified;HCOOH:6,NH3:2;8;L2_0052;HCOOH
2026-08-13;31.64942;71.47852;2026-08-13 04:23:50;31.407988;71.43734;Pakistan;Punjab;DAY;Unclassified;HCOOH:6,NH3:2;8;L2_0052;HCOOH
2026-08-13;32.11558;71.55538;2026-08-13 04:23:50;31.407988;71.43734;Pakistan;Punjab;DAY;Unclassified;HCOOH:6,NH3:2;8;L2_0052;HCOOH
2026-08-13;32.20199;85.49193;2026-08-13 04:20:46;30.940025;85.599266;China;Xizang;DAY;Unclassified;C2H4:1,CO2:1;2;L2_0051;C2H4
2026-08-13;32.23453;79.85562;2026-08-13 04:20:46;31.430378;80.297295;China;Xizang;DAY;Unclassified;CO2:2;2;L2_0053;CO2
2026-08-13;32.32144;71.58907;2026-08-13 04:23:50;31.407988;71.43734;Pakistan;Punjab;DAY;Unclassified;HCOOH:6,NH3:2;8;L2_0052;HCOOH
2026-08-13;35.36398;87.8657;2026-08-13 04:20:46;36.271442;87.10181;China;Xizang;DAY;Unclassified;CO2:2;2;L2_0054;CO2
2026-08-13;37.17393;86.32001;2026-08-13 04:20:46;36.271442;87.10181;China;Xizang;DAY;Unclassified;CO2:2;2;L2_0054;CO2
2026-08-13;45.57678;79.04421;2026-08-13 04:17:50;45.576786;79.044205;Kazakhstan;Almaty;DAY;Unclassified;C2H4:1;1;L2_0055;C2H4
2026-08-13;65.76046;116.89363;2026-08-13 04:11:50;66.06011;117.10372;Russian Federation;Sakha;DAY;Unclassified;HCOOH:3,CO:6,CO2:1,NH3:1;11;L2_0056;HCOOH,CO,CO2
2026-08-13;66.13273;117.64251;2026-08-13 04:11:50;66.06011;117.10372;Russian Federation;Sakha;DAY;Unclassified;HCOOH:3,CO:6,CO2:1,NH3:1;11;L2_0056;HCOOH
2026-08-13;2.11461;-43.22732;2026-08-13 00:17:50;2.6404092;-43.122986;North Atlantic Ocean;;NIGHT;Unclassified;C2H4:2;2;L2_0057;C2H4
2026-08-13;3.1662;-43.01856;2026-08-13 00:17:50;2.6404092;-43.122986;North Atlantic Ocean;;NIGHT;Unclassified;C2H4:2;2;L2_0057;C2H4
2026-08-13;20.64515;-54.21521;2026-08-13 00:23:50;22.119055;-54.349686;North Atlantic Ocean;;NIGHT;Unclassified;C2H4:3;3;L2_0058;C2H4
2026-08-13;22.28315;-53.77701;2026-08-13 00:23:50;22.119055;-54.349686;North Atlantic Ocean;;NIGHT;Unclassified;C2H4:3;3;L2_0058;C2H4
2026-08-13;23.42623;-55.06435;2026-08-13 00:23:50;22.119055;-54.349686;North Atlantic Ocean;;NIGHT;Unclassified;C2H4:3;3;L2_0058;C2H4
2026-08-13;80.29099;-67.0219;2026-08-13 00:41:50;80.33745;-66.28498;Greenland;Qaasuitsup;DAY;Unclassified;HNO3:2;2;L2_0059;HNO3
2026-08-13;80.38235;-65.54114;2026-08-13 00:41:50;80.33745;-66.28498;Greenland;Qaasuitsup;DAY;Unclassified;HNO3:2;2;L2_0059;HNO3
2026-08-13;19.02061;54.57799;2026-08-13 17:17:50;19.020609;54.57799;Oman;Dhofar;NIGHT;Unclassified;CaCO3:1;1;L2_0037;CaCO3
2026-08-13;25.58479;48.40303;2026-08-13 17:20:46;28.887794;48.6569;Persian Gulf;;NIGHT;Unclassified;HNO3:1,CO2:1,SO2:1;3;L2_0029;HNO3
2026-08-13;27.47277;58.96709;2026-08-13 17:17:50;27.528173;59.20644;Iran;Sistan and Baluchestan;NIGHT;Unclassified;HNO3:1,CO2:1;2;L2_0040;CO2
2026-08-13;27.58317;59.44603;2026-08-13 17:17:50;27.528173;59.20644;Iran;Sistan and Baluchestan;NIGHT;Unclassified;HNO3:1,CO2:1;2;L2_0040;HNO3
2026-08-13;28.12909;51.83962;2026-08-13 17:20:46;28.887794;48.6569;Persian Gulf;;NIGHT;Unclassified;HNO3:1,CO2:1,SO2:1;3;L2_0029;SO2
2026-08-13;30.69462;-129.2803;2026-08-13 17:53:50;31.094072;-128.68025;North Pacific Ocean;;DAY;Unclassified;NH3:2;2;L2_0060;NH3
2026-08-13;31.49073;-128.07516;2026-08-13 17:53:50;31.094072;-128.68025;North Pacific Ocean;;DAY;Unclassified;NH3:2;2;L2_0060;NH3
2026-08-13;32.87964;45.58764;2026-08-13 17:20:46;28.887794;48.6569;Persian Gulf;;NIGHT;Unclassified;HNO3:1,CO2:1,SO2:1;3;L2_0029;CO2
2026-08-13;74.51557;-86.96044;2026-08-13 17:41:50;74.64994;-85.92296;Canada;Nunavut;DAY;Unclassified;HNO3:3;3;L2_0041;HNO3
2026-08-13;74.64329;-86.58394;2026-08-13 17:41:50;74.64994;-85.92296;Canada;Nunavut;DAY;Unclassified;HNO3:3;3;L2_0041;HNO3
2026-08-13;-55.35195;78.51297;2026-08-13 16:56:46;-54.56436;79.19178;Indian Ocean;;NIGHT;Unclassified;SO2:2;2;L2_0061;SO2
2026-08-13;-53.77312;79.84482;2026-08-13 16:56:46;-54.56436;79.19178;Indian Ocean;;NIGHT;Unclassified;SO2:2;2;L2_0061;SO2
2026-08-13;-38.10883;72.79702;2026-08-13 16:59:50;-38.071915;73.35819;Indian Ocean;;NIGHT;Unclassified;NH3:2;2;L2_0062;NH3
2026-08-13;-38.03233;73.9188;2026-08-13 16:59:50;-38.071915;73.35819;Indian Ocean;;NIGHT;Unclassified;NH3:2;2;L2_0062;NH3
2026-08-13;18.78783;-98.16085;2026-08-13 16:14:46;18.86801;-98.29741;Mexico;Puebla;DAY;Unclassified;SO2:7;7;L2_0063;SO2
2026-08-13;18.87081;-98.60805;2026-08-13 16:14:46;18.86801;-98.29741;Mexico;Puebla;DAY;Unclassified;SO2:7;7;L2_0063;SO2
2026-08-13;18.94501;-98.12333;2026-08-13 16:14:46;18.86801;-98.29741;Mexico;Puebla;DAY;Unclassified;SO2:7;7;L2_0063;SO2
2026-08-13;25.72736;-103.54405;2026-08-13 16:14:46;27.246208;-103.1469;Mexico;Coahuila;DAY;Unclassified;HCOOH:1,CO:1,CO2:2;4;L2_0064;HCOOH
2026-08-13;26.93746;-101.96294;2026-08-13 16:14:46;27.246208;-103.1469;Mexico;Coahuila;DAY;Unclassified;HCOOH:1,CO:1,CO2:2;4;L2_0064;CO2
2026-08-13;27.39196;-103.20915;2026-08-13 16:11:50;27.246208;-103.1469;Mexico;Coahuila;DAY;Unclassified;HCOOH:1,CO:1,CO2:2;4;L2_0064;CO
2026-08-13;28.92065;-103.88083;2026-08-13 16:11:50;27.246208;-103.1469;Mexico;Coahuila;DAY;Unclassified;HCOOH:1,CO:1,CO2:2;4;L2_0064;CO2
2026-08-13;32.45653;-100.01618;2026-08-13 16:11:50;33.20958;-100.101715;United States;Texas;DAY;Unclassified;C2H4:2,NH3:1;3;L2_0065;NH3
2026-08-13;32.83925;-100.6939;2026-08-13 16:11:50;33.20958;-100.101715;United States;Texas;DAY;Unclassified;C2H4:2,NH3:1;3;L2_0065;C2H4
2026-08-13;34.33054;-99.58665;2026-08-13 16:11:50;33.20958;-100.101715;United States;Texas;DAY;Unclassified;C2H4:2,NH3:1;3;L2_0065;C2H4
2026-08-13;43.24572;-81.67299;2026-08-13 16:08:46;43.40907;-81.33589;Canada;Ontario;DAY;Unclassified;HCOOH:2;2;L2_0066;HCOOH
2026-08-13;43.57142;-80.99697;2026-08-13 16:08:46;43.40907;-81.33589;Canada;Ontario;DAY;Unclassified;HCOOH:2;2;L2_0066;HCOOH
2026-08-13;-18.56783;-58.58495;2026-08-13 13:02:46;-18.017426;-58.44453;Bolivia;Santa Cruz;DAY;Unclassified;NH3:2;2;L2_0067;NH3
2026-08-13;-17.46692;-58.30499;2026-08-13 13:02:46;-18.017426;-58.44453;Bolivia;Santa Cruz;DAY;Unclassified;NH3:2;2;L2_0067;NH3
2026-08-13;43.52849;131.31206;2026-08-13 12:20:46;44.399353;131.14572;China;Heilongjiang;NIGHT;Unclassified;NH3:2;2;L2_0068;NH3
2026-08-13;45.26996;130.97437;2026-08-13 12:20:46;44.399353;131.14572;China;Heilongjiang;NIGHT;Unclassified;NH3:2;2;L2_0068;NH3
2026-08-13;17.82091;-10.32139;2026-08-13 22:20:45;17.82091;-10.321388;Mauritania;Tagant;NIGHT;Unclassified;HCOOH:1;1;L2_0069;HCOOH
2026-08-13;18.77871;-13.46469;2026-08-13 22:20:45;18.778708;-13.464689;Mauritania;Trarza;NIGHT;Unclassified;CO2:1;1;L2_0043;CO2
2026-08-13;24.6863;-10.12021;2026-08-13 22:20:45;27.760357;-11.552451;Morocco;Guelmim - Es-Semara;NIGHT;Unclassified;C2H4:1,NH3:3;4;L2_0046;C2H4
2026-08-13;27.97884;-13.43486;2026-08-13 22:23:50;27.760357;-11.552451;Morocco;Guelmim - Es-Semara;NIGHT;Unclassified;C2H4:1,NH3:3;4;L2_0046;NH3
2026-08-13;28.8129;-12.63646;2026-08-13 22:23:50;27.760357;-11.552451;Morocco;Guelmim - Es-Semara;NIGHT;Unclassified;C2H4:1,NH3:3;4;L2_0046;NH3
2026-08-13;29.52976;-10.04598;2026-08-13 22:23:50;27.760357;-11.552451;Morocco;Guelmim - Es-Semara;NIGHT;Unclassified;C2H4:1,NH3:3;4;L2_0046;NH3
2026-08-13;-68.21691;-114.44564;2026-08-13 14:59:50;-67.81835;-115.851295;Southern Ocean;;NIGHT;Unclassified;HNO3:2,NH3:2;4;L2_0070;NH3
2026-08-13;-68.19248;-118.21086;2026-08-13 14:59:50;-67.81835;-115.851295;Southern Ocean;;NIGHT;Unclassified;HNO3:2,NH3:2;4;L2_0070;HNO3
2026-08-13;-68.03443;-115.22972;2026-08-13 14:59:50;-67.81835;-115.851295;Southern Ocean;;NIGHT;Unclassified;HNO3:2,NH3:2;4;L2_0070;NH3
2026-08-13;-66.80545;-115.54098;2026-08-13 14:59:50;-67.81835;-115.851295;Southern Ocean;;NIGHT;Unclassified;HNO3:2,NH3:2;4;L2_0070;HNO3
2026-08-13;9.87637;-73.05254;2026-08-13 14:35:50;9.87637;-73.052536;Colombia;Cesar;DAY;Unclassified;CO:1;1;L2_0071;CO
2026-08-13;53.41104;88.93952;2026-08-13 14:05:50;53.67971;87.62013;Russian Federation;Kemerovo;NIGHT;Unclassified;NH3:2;2;L2_0072;NH3
2026-08-13;53.93371;86.28429;2026-08-13 14:05:50;53.67971;87.62013;Russian Federation;Kemerovo;NIGHT;Unclassified;NH3:2;2;L2_0072;NH3
2026-08-13;63.55203;107.04505;2026-08-13 14:05:50;64.39608;107.09434;Russian Federation;Sakha;NIGHT;Unclassified;C2H4:1,CO:2;3;L2_0073;C2H4
2026-08-13;65.24012;107.14676;2026-08-13 14:05:50;64.39608;107.09434;Russian Federation;Sakha;NIGHT;Unclassified;C2H4:1,CO:2;3;L2_0073;CO
2026-08-13;38.73453;104.46039;2026-08-13 02:38:46;38.734535;104.46038;China;Nei Mongol;DAY;Unclassified;CO2:1;1;L2_0074;CO2
2026-08-13;65.87649;116.89246;2026-08-13 02:29:50;66.06011;117.10372;Russian Federation;Sakha;DAY;Unclassified;HCOOH:3,CO:6,CO2:1,NH3:1;11;L2_0056;HCOOH,NH3
2026-08-13;66.21557;116.64049;2026-08-13 02:29:50;66.06011;117.10372;Russian Federation;Sakha;DAY;Unclassified;HCOOH:3,CO:6,CO2:1,NH3:1;11;L2_0056;CO
2026-08-13;-7.71443;-167.5765;2026-08-13 08:41:50;-7.6351647;-167.59352;South Pacific Ocean;;NIGHT;Unclassified;CO2:2;2;L2_0075;CO2
2026-08-13;-7.5559;-167.61053;2026-08-13 08:41:50;-7.6351647;-167.59352;South Pacific Ocean;;NIGHT;Unclassified;CO2:2;2;L2_0075;CO2
2026-08-13;53.10695;163.02245;2026-08-13 08:59:50;53.20936;162.93475;North Pacific Ocean;;NIGHT;Unclassified;SO2:3;3;L2_0076;SO2
2026-08-13;53.31171;162.84666;2026-08-13 08:59:50;53.20936;162.93475;North Pacific Ocean;;NIGHT;Unclassified;SO2:3;3;L2_0076;SO2
2026-08-13;14.92081;3.50178;2026-08-13 09:29:50;15.391207;3.6150234;Niger;Tillabéry;DAY;Unclassified;NH3:2;2;L2_0077;NH3
2026-08-13;15.64848;12.17004;2026-08-13 09:29:50;20.718306;10.144477;Niger;Agadez;DAY;Unclassified;CH3OH:1,HNO3:2,CO:2,CO2:3,NH3:3,SO2:4;15;L2_0005;NH3
2026-08-13;15.86155;3.72878;2026-08-13 09:29:50;15.391207;3.6150234;Niger;Tillabéry;DAY;Unclassified;NH3:2;2;L2_0077;NH3
2026-08-13;17.04718;-0.08369;2026-08-13 09:29:50;17.88233;0.75434357;Mali;Gao;DAY;Unclassified;CO2:1,NH3:1;2;L2_0078;CO2
2026-08-13;17.16046;12.09074;2026-08-13 09:29:50;20.718306;10.144477;Niger;Agadez;DAY;Unclassified;CH3OH:1,HNO3:2,CO:2,CO2:3,NH3:3,SO2:4;15;L2_0005;HNO3
2026-08-13;17.37306;12.14935;2026-08-13 09:29:50;20.718306;10.144477;Niger;Agadez;DAY;Unclassified;CH3OH:1,HNO3:2,CO:2,CO2:3,NH3:3,SO2:4;15;L2_0005;CO2
2026-08-13;17.67719;10.99393;2026-08-13 09:29:50;20.718306;10.144477;Niger;Agadez;DAY;Unclassified;CH3OH:1,HNO3:2,CO:2,CO2:3,NH3:3,SO2:4;15;L2_0005;HNO3
2026-08-13;18.58526;4.89329;2026-08-13 09:29:50;20.718306;10.144477;Niger;Agadez;DAY;Unclassified;CH3OH:1,HNO3:2,CO:2,CO2:3,NH3:3,SO2:4;15;L2_0005;CO2
2026-08-13;18.71387;1.60028;2026-08-13 09:29:50;17.88233;0.75434357;Mali;Gao;DAY;Unclassified;CO2:1,NH3:1;2;L2_0078;NH3
2026-08-13;18.90916;6.59824;2026-08-13 09:29:50;20.718306;10.144477;Niger;Agadez;DAY;Unclassified;CH3OH:1,HNO3:2,CO:2,CO2:3,NH3:3,SO2:4;15;L2_0005;CO2
2026-08-13;19.9292;12.92747;2026-08-13 09:29:50;20.718306;10.144477;Niger;Agadez;DAY;Unclassified;CH3OH:1,HNO3:2,CO:2,CO2:3,NH3:3,SO2:4;15;L2_0005;NH3
2026-08-13;20.19169;7.55433;2026-08-13 09:29:50;20.718306;10.144477;Niger;Agadez;DAY;Unclassified;CH3OH:1,HNO3:2,CO:2,CO2:3,NH3:3,SO2:4;15;L2_0005;CO
2026-08-13;20.92737;10.89471;2026-08-13 09:29:50;20.718306;10.144477;Niger;Agadez;DAY;Unclassified;CH3OH:1,HNO3:2,CO:2,CO2:3,NH3:3,SO2:4;15;L2_0005;SO2
2026-08-13;21.14312;-4.39744;2026-08-13 09:29:50;22.57468;-5.38892;Mali;Timbuktu;DAY;Unclassified;C2H4:1,CaCO3:1,HNO3:1,CO:1,CO2:1,NH3:1;6;L2_0079;NH3
2026-08-13;21.35856;8.11382;2026-08-13 09:29:50;20.718306;10.144477;Niger;Agadez;DAY;Unclassified;CH3OH:1,HNO3:2,CO:2,CO2:3,NH3:3,SO2:4;15;L2_0005;CO
2026-08-13;22.01064;-5.36222;2026-08-13 09:29:50;22.57468;-5.38892;Mali;Timbuktu;DAY;Unclassified;C2H4:1,CaCO3:1,HNO3:1,CO:1,CO2:1,NH3:1;6;L2_0079;C2H4
2026-08-13;22.04824;3.04705;2026-08-13 09:29:50;25.911053;2.321932;Algeria;Tamanghasset;DAY;Unclassified;C2H4:1,CaCO3:1,HNO3:1,CO:2,CO2:4,NH3:3,SO2:1;13;L2_0007;CO
2026-08-13;22.33811;-6.13687;2026-08-13 09:29:50;22.57468;-5.38892;Mali;Timbuktu;DAY;Unclassified;C2H4:1,CaCO3:1,HNO3:1,CO:1,CO2:1,NH3:1;6;L2_0079;CO
2026-08-13;22.6352;-4.80523;2026-08-13 09:29:50;22.57468;-5.38892;Mali;Timbuktu;DAY;Unclassified;C2H4:1,CaCO3:1,HNO3:1,CO:1,CO2:1,NH3:1;6;L2_0079;CO2
2026-08-13;22.90115;10.02282;2026-08-13 09:29:50;20.718306;10.144477;Niger;Agadez;DAY;Unclassified;CH3OH:1,HNO3:2,CO:2,CO2:3,NH3:3,SO2:4;15;L2_0005;SO2
2026-08-13;22.93975;3.56941;2026-08-13 09:29:50;25.911053;2.321932;Algeria;Tamanghasset;DAY;Unclassified;C2H4:1,CaCO3:1,HNO3:1,CO:2,CO2:4,NH3:3,SO2:1;13;L2_0007;HNO3
2026-08-13;23.4916;11.67741;2026-08-13 09:26:46;20.718306;10.144477;Niger;Agadez;DAY;Unclassified;CH3OH:1,HNO3:2,CO:2,CO2:3,NH3:3,SO2:4;15;L2_0005;NH3
2026-08-13;24.15924;-1.96511;2026-08-13 09:29:50;25.911053;2.321932;Algeria;Tamanghasset;DAY;Unclassified;C2H4:1,CaCO3:1,HNO3:1,CO:2,CO2:4,NH3:3,SO2:1;13;L2_0007;CO2
2026-08-13;24.21479;8.68319;2026-08-13 09:26:46;20.718306;10.144477;Niger;Agadez;DAY;Unclassified;CH3OH:1,HNO3:2,CO:2,CO2:3,NH3:3,SO2:4;15;L2_0005;SO2
2026-08-13;24.21652;1.88276;2026-08-13 09:29:50;25.911053;2.321932;Algeria;Tamanghasset;DAY;Unclassified;C2H4:1,CaCO3:1,HNO3:1,CO:2,CO2:4,NH3:3,SO2:1;13;L2_0007;CO2,NH3
2026-08-13;24.73849;-6.26579;2026-08-13 09:29:50;22.57468;-5.38892;Mali;Timbuktu;DAY;Unclassified;C2H4:1,CaCO3:1,HNO3:1,CO:1,CO2:1,NH3:1;6;L2_0079;CaCO3,HNO3
2026-08-13;24.84391;11.15599;2026-08-13 09:26:46;20.718306;10.144477;Niger;Agadez;DAY;Unclassified;CH3OH:1,HNO3:2,CO:2,CO2:3,NH3:3,SO2:4;15;L2_0005;SO2
2026-08-13;25.08044;5.26301;2026-08-13 09:26:46;25.911053;2.321932;Algeria;Tamanghasset;DAY;Unclassified;C2H4:1,CaCO3:1,HNO3:1,CO:2,CO2:4,NH3:3,SO2:1;13;L2_0007;
2026-08-13;25.42581;2.36306;2026-08-13 09:26:46;25.911053;2.321932;Algeria;Tamanghasset;DAY;Unclassified;C2H4:1,CaCO3:1,HNO3:1,CO:2,CO2:4,NH3:3,SO2:1;13;L2_0007;SO2
2026-08-13;25.6471;3.93801;2026-08-13 09:26:46;25.911053;2.321932;Algeria;Tamanghasset;DAY;Unclassified;C2H4:1,CaCO3:1,HNO3:1,CO:2,CO2:4,NH3:3,SO2:1;13;L2_0007;CO
2026-08-13;25.84017;3.80482;2026-08-13 09:26:46;25.911053;2.321932;Algeria;Tamanghasset;DAY;Unclassified;C2H4:1,CaCO3:1,HNO3:1,CO:2,CO2:4,NH3:3,SO2:1;13;L2_0007;CO2
2026-08-13;25.88873;3.50115;2026-08-13 09:26:46;25.911053;2.321932;Algeria;Tamanghasset;DAY;Unclassified;C2H4:1,CaCO3:1,HNO3:1,CO:2,CO2:4,NH3:3,SO2:1;13;L2_0007;CO2
2026-08-13;25.92425;3.32553;2026-08-13 09:26:46;25.911053;2.321932;Algeria;Tamanghasset;DAY;Unclassified;C2H4:1,CaCO3:1,HNO3:1,CO:2,CO2:4,NH3:3,SO2:1;13;L2_0007;C2H4
2026-08-13;27.33327;12.30335;2026-08-13 09:26:46;20.718306;10.144477;Niger;Agadez;DAY;Unclassified;CH3OH:1,HNO3:2,CO:2,CO2:3,NH3:3,SO2:4;15;L2_0005;CH3OH
2026-08-13;27.92923;5.84196;2026-08-13 09:26:46;28.950468;7.1751833;Algeria;Illizi;DAY;Unclassified;C2H2:1,CO2:3;4;L2_0080;CO2
2026-08-13;27.94808;-0.11326;2026-08-13 09:26:46;25.911053;2.321932;Algeria;Tamanghasset;DAY;Unclassified;C2H4:1,CaCO3:1,HNO3:1,CO:2,CO2:4,NH3:3,SO2:1;13;L2_0007;CaCO3
2026-08-13;29.08598;6.67117;2026-08-13 09:26:46;28.950468;7.1751833;Algeria;Illizi;DAY;Unclassified;C2H2:1,CO2:3;4;L2_0080;C2H2
2026-08-13;29.35753;7.81406;2026-08-13 09:26:46;28.950468;7.1751833;Algeria;Illizi;DAY;Unclassified;C2H2:1,CO2:3;4;L2_0080;CO2
2026-08-13;29.41456;8.39382;2026-08-13 09:26:46;28.950468;7.1751833;Algeria;Illizi;DAY;Unclassified;C2H2:1,CO2:3;4;L2_0080;CO2
2026-08-13;30.41906;1.56801;2026-08-13 09:26:46;25.911053;2.321932;Algeria;Tamanghasset;DAY;Unclassified;C2H4:1,CaCO3:1,HNO3:1,CO:2,CO2:4,NH3:3,SO2:1;13;L2_0007;NH3
2026-08-13;30.45102;15.69806;2026-08-13 09:26:46;30.451023;15.698058;Libya;Surt;DAY;Unclassified;SO2:1;1;L2_0081;SO2
2026-08-13;31.1446;-0.20963;2026-08-13 09:26:46;25.911053;2.321932;Algeria;Tamanghasset;DAY;Unclassified;C2H4:1,CaCO3:1,HNO3:1,CO:2,CO2:4,NH3:3,SO2:1;13;L2_0007;NH3
2026-08-13;33.66023;8.56535;2026-08-13 09:26:46;34.400764;8.770599;Tunisia;Gafsa;DAY;Unclassified;CO2:2,NH3:1,SO2:1;4;L2_0082;NH3
2026-08-13;33.8192;8.61689;2026-08-13 09:26:46;34.400764;8.770599;Tunisia;Gafsa;DAY;Unclassified;CO2:2,NH3:1,SO2:1;4;L2_0082;SO2
2026-08-13;34.25191;3.13499;2026-08-13 09:26:46;34.251915;3.13499;Algeria;Djelfa;DAY;Unclassified;SO2:1;1;L2_0083;SO2
2026-08-13;34.44019;9.60224;2026-08-13 09:26:46;34.400764;8.770599;Tunisia;Gafsa;DAY;Unclassified;CO2:2,NH3:1,SO2:1;4;L2_0082;CO2
2026-08-13;35.67952;8.29379;2026-08-13 09:23:50;34.400764;8.770599;Tunisia;Gafsa;DAY;Unclassified;CO2:2,NH3:1,SO2:1;4;L2_0082;CO2
2026-08-13;36.27377;15.63655;2026-08-13 09:23:50;36.699963;15.181549;Ionian Sea;;DAY;Unclassified;SO2:11;11;L2_0009;SO2
2026-08-13;36.36489;15.29103;2026-08-13 09:23:50;36.699963;15.181549;Ionian Sea;;DAY;Unclassified;SO2:11;11;L2_0009;SO2
2026-08-13;36.62181;15.39485;2026-08-13 09:23:50;36.699963;15.181549;Ionian Sea;;DAY;Unclassified;SO2:11;11;L2_0009;SO2
2026-08-13;36.76114;14.83138;2026-08-13 09:23:50;36.699963;15.181549;Ionian Sea;;DAY;Unclassified;SO2:11;11;L2_0009;SO2
2026-08-13;36.95599;14.90991;2026-08-13 09:23:50;36.699963;15.181549;Ionian Sea;;DAY;Unclassified;SO2:11;11;L2_0009;SO2
2026-08-13;37.22015;15.02009;2026-08-13 09:23:50;36.699963;15.181549;Ionian Sea;;DAY;Unclassified;SO2:11;11;L2_0009;SO2
2026-08-13;47.39415;-0.97051;2026-08-13 09:20:46;46.72688;-0.19186474;France;Nouvelle-Aquitaine;DAY;Unclassified;HCOOH:6;6;L2_0084;HCOOH
2026-08-13;47.81672;-0.28939;2026-08-13 09:20:46;46.72688;-0.19186474;France;Nouvelle-Aquitaine;DAY;Unclassified;HCOOH:6;6;L2_0084;HCOOH
2026-08-13;-51.75431;-103.47819;2026-08-13 05:05:50;-51.69267;-102.38775;South Pacific Ocean;;NIGHT;Unclassified;NH3:2;2;L2_0085;NH3
2026-08-13;-51.62096;-101.30052;2026-08-13 05:05:50;-51.69267;-102.38775;South Pacific Ocean;;NIGHT;Unclassified;NH3:2;2;L2_0085;NH3
2026-08-13;8.34968;-123.61618;2026-08-13 05:23:50;8.949853;-123.21897;North Pacific Ocean;;NIGHT;Unclassified;NH3:2;2;L2_0086;NH3
2026-08-13;9.5496;-122.82044;2026-08-13 05:23:50;8.949853;-123.21897;North Pacific Ocean;;NIGHT;Unclassified;NH3:2;2;L2_0086;NH3
2026-08-13;28.63429;63.07179;2026-08-13 06:02:46;28.569563;62.37026;Pakistan;Balochistan;DAY;Unclassified;C2H4:1,CH3OH:1,CO:3,SO2:2;7;L2_0039;C2H4
2026-08-13;29.07581;64.224;2026-08-13 06:02:46;28.569563;62.37026;Pakistan;Balochistan;DAY;Unclassified;C2H4:1,CH3OH:1,CO:3,SO2:2;7;L2_0039;SO2
2026-08-13;29.99434;64.55161;2026-08-13 06:02:46;28.569563;62.37026;Pakistan;Balochistan;DAY;Unclassified;C2H4:1,CH3OH:1,CO:3,SO2:2;7;L2_0039;CO
2026-08-13;30.50212;50.33313;2026-08-13 06:02:46;33.717686;52.101772;Iran;Esfahan;DAY;Unclassified;C2H4:5,CaCO3:2,CH3OH:2,HCN:1,HCOOH:1,HNO3:8,CO:6,CO2:12,NH3:6,SO2:2;45;L2_0028;CH3OH
2026-08-13;30.60823;63.18536;2026-08-13 06:02:46;28.569563;62.37026;Pakistan;Balochistan;DAY;Unclassified;C2H4:1,CH3OH:1,CO:3,SO2:2;7;L2_0039;SO2
2026-08-13;31.05481;53.26355;2026-08-13 06:02:46;33.717686;52.101772;Iran;Esfahan;DAY;Unclassified;C2H4:5,CaCO3:2,CH3OH:2,HCN:1,HCOOH:1,HNO3:8,CO:6,CO2:12,NH3:6,SO2:2;45;L2_0028;HNO3
2026-08-13;31.68522;50.26913;2026-08-13 06:02:46;33.717686;52.101772;Iran;Esfahan;DAY;Unclassified;C2H4:5,CaCO3:2,CH3OH:2,HCN:1,HCOOH:1,HNO3:8,CO:6,CO2:12,NH3:6,SO2:2;45;L2_0028;NH3
2026-08-13;31.81026;49.36827;2026-08-13 06:02:46;33.717686;52.101772;Iran;Esfahan;DAY;Unclassified;C2H4:5,CaCO3:2,CH3OH:2,HCN:1,HCOOH:1,HNO3:8,CO:6,CO2:12,NH3:6,SO2:2;45;L2_0028;HCN
2026-08-13;31.83091;52.57661;2026-08-13 06:02:46;33.717686;52.101772;Iran;Esfahan;DAY;Unclassified;C2H4:5,CaCO3:2,CH3OH:2,HCN:1,HCOOH:1,HNO3:8,CO:6,CO2:12,NH3:6,SO2:2;45;L2_0028;HNO3
2026-08-13;32.10967;53.90257;2026-08-13 06:02:46;33.717686;52.101772;Iran;Esfahan;DAY;Unclassified;C2H4:5,CaCO3:2,CH3OH:2,HCN:1,HCOOH:1,HNO3:8,CO:6,CO2:12,NH3:6,SO2:2;45;L2_0028;HNO3
2026-08-13;32.27532;45.65593;2026-08-13 06:02:46;33.717686;52.101772;Iran;Esfahan;DAY;Unclassified;C2H4:5,CaCO3:2,CH3OH:2,HCN:1,HCOOH:1,HNO3:8,CO:6,CO2:12,NH3:6,SO2:2;45;L2_0028;CO
2026-08-13;32.32187;47.15668;2026-08-13 06:02:46;33.717686;52.101772;Iran;Esfahan;DAY;Unclassified;C2H4:5,CaCO3:2,CH3OH:2,HCN:1,HCOOH:1,HNO3:8,CO:6,CO2:12,NH3:6,SO2:2;45;L2_0028;CaCO3
2026-08-13;32.56825;47.20463;2026-08-13 06:02:46;33.717686;52.101772;Iran;Esfahan;DAY;Unclassified;C2H4:5,CaCO3:2,CH3OH:2,HCN:1,HCOOH:1,HNO3:8,CO:6,CO2:12,NH3:6,SO2:2;45;L2_0028;CO
2026-08-13;33.20637;45.80018;2026-08-13 06:02:46;33.717686;52.101772;Iran;Esfahan;DAY;Unclassified;C2H4:5,CaCO3:2,CH3OH:2,HCN:1,HCOOH:1,HNO3:8,CO:6,CO2:12,NH3:6,SO2:2;45;L2_0028;NH3
2026-08-13;33.25422;47.31863;2026-08-13 06:02:46;33.717686;52.101772;Iran;Esfahan;DAY;Unclassified;C2H4:5,CaCO3:2,CH3OH:2,HCN:1,HCOOH:1,HNO3:8,CO:6,CO2:12,NH3:6,SO2:2;45;L2_0028;C2H4
2026-08-13;33.43918;56.68645;2026-08-13 06:02:46;33.717686;52.101772;Iran;Esfahan;DAY;Unclassified;C2H4:5,CaCO3:2,CH3OH:2,HCN:1,HCOOH:1,HNO3:8,CO:6,CO2:12,NH3:6,SO2:2;45;L2_0028;HNO3
2026-08-13;33.54731;57.0536;2026-08-13 06:02:46;33.717686;52.101772;Iran;Esfahan;DAY;Unclassified;C2H4:5,CaCO3:2,CH3OH:2,HCN:1,HCOOH:1,HNO3:8,CO:6,CO2:12,NH3:6,SO2:2;45;L2_0028;HNO3
2026-08-13;33.63308;56.54392;2026-08-13 06:02:46;33.717686;52.101772;Iran;Esfahan;DAY;Unclassified;C2H4:5,CaCO3:2,CH3OH:2,HCN:1,HCOOH:1,HNO3:8,CO:6,CO2:12,NH3:6,SO2:2;45;L2_0028;HNO3
2026-08-13;33.89427;54.94605;2026-08-13 06:02:46;33.717686;52.101772;Iran;Esfahan;DAY;Unclassified;C2H4:5,CaCO3:2,CH3OH:2,HCN:1,HCOOH:1,HNO3:8,CO:6,CO2:12,NH3:6,SO2:2;45;L2_0028;HNO3
2026-08-13;33.92645;57.69667;2026-08-13 06:02:46;33.717686;52.101772;Iran;Esfahan;DAY;Unclassified;C2H4:5,CaCO3:2,CH3OH:2,HCN:1,HCOOH:1,HNO3:8,CO:6,CO2:12,NH3:6,SO2:2;45;L2_0028;CO2
2026-08-13;34.0652;56.86231;2026-08-13 06:02:46;33.717686;52.101772;Iran;Esfahan;DAY;Unclassified;C2H4:5,CaCO3:2,CH3OH:2,HCN:1,HCOOH:1,HNO3:8,CO:6,CO2:12,NH3:6,SO2:2;45;L2_0028;HCOOH
2026-08-13;34.23653;57.78757;2026-08-13 06:02:46;33.717686;52.101772;Iran;Esfahan;DAY;Unclassified;C2H4:5,CaCO3:2,CH3OH:2,HCN:1,HCOOH:1,HNO3:8,CO:6,CO2:12,NH3:6,SO2:2;45;L2_0028;SO2
2026-08-13;34.53484;59.73035;2026-08-13 06:02:46;33.717686;52.101772;Iran;Esfahan;DAY;Unclassified;C2H4:5,CaCO3:2,CH3OH:2,HCN:1,HCOOH:1,HNO3:8,CO:6,CO2:12,NH3:6,SO2:2;45;L2_0028;CO
2026-08-13;35.04256;59.6847;2026-08-13 06:02:46;33.717686;52.101772;Iran;Esfahan;DAY;Unclassified;C2H4:5,CaCO3:2,CH3OH:2,HCN:1,HCOOH:1,HNO3:8,CO:6,CO2:12,NH3:6,SO2:2;45;L2_0028;CO2
2026-08-13;35.43352;56.4996;2026-08-13 06:02:46;33.717686;52.101772;Iran;Esfahan;DAY;Unclassified;C2H4:5,CaCO3:2,CH3OH:2,HCN:1,HCOOH:1,HNO3:8,CO:6,CO2:12,NH3:6,SO2:2;45;L2_0028;HNO3
2026-08-13;36.02091;50.20969;2026-08-13 06:02:46;36.02091;50.209686;Iran;Qazvin;DAY;Unclassified;SO2:1;1;L2_0087;SO2
2026-08-13;36.686;61.42672;2026-08-13 06:02:46;33.717686;52.101772;Iran;Esfahan;DAY;Unclassified;C2H4:5,CaCO3:2,CH3OH:2,HCN:1,HCOOH:1,HNO3:8,CO:6,CO2:12,NH3:6,SO2:2;45;L2_0028;CO2
2026-08-13;36.98663;67.78152;2026-08-13 06:02:46;36.99865;68.20362;Afghanistan;Kunduz;DAY;Unclassified;CO:1,CO2:1;2;L2_0088;CO
2026-08-13;37.00918;68.62587;2026-08-13 06:02:46;36.99865;68.20362;Afghanistan;Kunduz;DAY;Unclassified;CO:1,CO2:1;2;L2_0088;CO2
2026-08-13;37.43967;62.59138;2026-08-13 06:02:46;33.717686;52.101772;Iran;Esfahan;DAY;Unclassified;C2H4:5,CaCO3:2,CH3OH:2,HCN:1,HCOOH:1,HNO3:8,CO:6,CO2:12,NH3:6,SO2:2;45;L2_0028;CO
2026-08-13;38.38682;54.16463;2026-08-13 06:02:46;33.717686;52.101772;Iran;Esfahan;DAY;Unclassified;C2H4:5,CaCO3:2,CH3OH:2,HCN:1,HCOOH:1,HNO3:8,CO:6,CO2:12,NH3:6,SO2:2;45;L2_0028;CO2
2026-08-13;38.84052;56.51439;2026-08-13 06:02:46;33.717686;52.101772;Iran;Esfahan;DAY;Unclassified;C2H4:5,CaCO3:2,CH3OH:2,HCN:1,HCOOH:1,HNO3:8,CO:6,CO2:12,NH3:6,SO2:2;45;L2_0028;NH3
2026-08-13;39.23079;60.13327;2026-08-13 06:02:46;33.717686;52.101772;Iran;Esfahan;DAY;Unclassified;C2H4:5,CaCO3:2,CH3OH:2,HCN:1,HCOOH:1,HNO3:8,CO:6,CO2:12,NH3:6,SO2:2;45;L2_0028;CO
2026-08-13;39.53219;61.20419;2026-08-13 05:59:50;33.717686;52.101772;Iran;Esfahan;DAY;Unclassified;C2H4:5,CaCO3:2,CH3OH:2,HCN:1,HCOOH:1,HNO3:8,CO:6,CO2:12,NH3:6,SO2:2;45;L2_0028;CO2
2026-08-13;39.59959;57.93811;2026-08-13 06:02:46;33.717686;52.101772;Iran;Esfahan;DAY;Unclassified;C2H4:5,CaCO3:2,CH3OH:2,HCN:1,HCOOH:1,HNO3:8,CO:6,CO2:12,NH3:6,SO2:2;45;L2_0028;CO2,NH3
2026-08-13;41.01467;54.83818;2026-08-13 05:59:50;33.717686;52.101772;Iran;Esfahan;DAY;Unclassified;C2H4:5,CaCO3:2,CH3OH:2,HCN:1,HCOOH:1,HNO3:8,CO:6,CO2:12,NH3:6,SO2:2;45;L2_0028;C2H4
2026-08-13;41.2134;56.97154;2026-08-13 05:59:50;33.717686;52.101772;Iran;Esfahan;DAY;Unclassified;C2H4:5,CaCO3:2,CH3OH:2,HCN:1,HCOOH:1,HNO3:8,CO:6,CO2:12,NH3:6,SO2:2;45;L2_0028;C2H4
2026-08-13;41.64586;63.97535;2026-08-13 05:59:50;42.714043;64.13177;Uzbekistan;Navoiy;DAY;Unclassified;CO:2,SO2:1;3;L2_0089;CO
2026-08-13;42.3425;64.53359;2026-08-13 05:59:50;42.714043;64.13177;Uzbekistan;Navoiy;DAY;Unclassified;CO:2,SO2:1;3;L2_0089;SO2
2026-08-13;42.7774;60.55986;2026-08-13 05:59:50;42.777397;60.559856;Uzbekistan;Qaraqalpaqstan;DAY;Unclassified;CO:1;1;L2_0090;CO
2026-08-13;43.29705;71.82885;2026-08-13 05:59:50;43.532787;73.18712;Kazakhstan;Zhambyl;DAY;Unclassified;CH3OH:1,CO:1;2;L2_0091;CO
2026-08-13;43.75232;74.55569;2026-08-13 05:59:50;43.532787;73.18712;Kazakhstan;Zhambyl;DAY;Unclassified;CH3OH:1,CO:1;2;L2_0091;CH3OH
2026-08-13;44.15277;63.88073;2026-08-13 05:59:50;42.714043;64.13177;Uzbekistan;Navoiy;DAY;Unclassified;CO:2,SO2:1;3;L2_0089;CO
2026-08-13;47.84776;-120.63374;2026-08-13 05:35:50;48.560936;-121.23895;United States;Washington;NIGHT;Unclassified;C2H4:1,CO:1;2;L2_0050;CO
2026-08-13;65.4464;76.39919;2026-08-13 05:53:50;65.69777;76.467834;Russian Federation;Yamal-Nenets;DAY;Unclassified;CO:2;2;L2_0092;CO
2026-08-13;65.94912;76.53784;2026-08-13 05:53:50;65.69777;76.467834;Russian Federation;Yamal-Nenets;DAY;Unclassified;CO:2;2;L2_0092;CO
2026-08-13;-61.73073;148.3896;2026-08-13 23:23:50;-61.728554;146.85367;Southern Ocean;;DAY;Unclassified;HNO3:2;2;L2_0093;HNO3
2026-08-13;-61.7092;145.31882;2026-08-13 23:23:50;-61.728554;146.85367;Southern Ocean;;DAY;Unclassified;HNO3:2;2;L2_0093;HNO3
2026-08-13;-13.56517;-28.85856;2026-08-13 23:53:49;-13.425395;-28.893972;South Atlantic Ocean;;NIGHT;Unclassified;NH3:2;2;L2_0094;NH3
2026-08-13;-13.28562;-28.92935;2026-08-13 23:53:49;-13.425395;-28.893972;South Atlantic Ocean;;NIGHT;Unclassified;NH3:2;2;L2_0094;NH3
2026-08-13;-9.74863;154.91083;2026-08-13 23:08:45;-9.741574;154.00868;Solomon Sea;;DAY;Unclassified;NH3:2;2;L2_0095;NH3
2026-08-13;-9.73215;153.10658;2026-08-13 23:08:45;-9.741574;154.00868;Solomon Sea;;DAY;Unclassified;NH3:2;2;L2_0095;NH3
2026-08-13;-15.59432;-160.62337;2026-08-13 19:47:50;-15.482149;-160.70348;South Pacific Ocean;;DAY;Unclassified;CO:2;2;L2_0096;CO
2026-08-13;-15.36995;-160.78351;2026-08-13 19:47:50;-15.482149;-160.70348;South Pacific Ocean;;DAY;Unclassified;CO:2;2;L2_0096;CO
2026-08-13;62.19715;-108.60572;2026-08-13 19:23:50;62.45543;-108.10961;Canada;Northwest Territories;DAY;Unclassified;HCOOH:4;4;L2_0097;HCOOH
2026-08-13;62.35379;-108.30224;2026-08-13 19:23:50;62.45543;-108.10961;Canada;Northwest Territories;DAY;Unclassified;HCOOH:4;4;L2_0097;HCOOH
2026-08-13;62.55684;-107.91572;2026-08-13 19:23:50;62.45543;-108.10961;Canada;Northwest Territories;DAY;Unclassified;HCOOH:4;4;L2_0097;HCOOH
2026-08-13;62.60823;-120.91901;2026-08-13 19:23:50;62.60823;-120.919;Canada;Northwest Territories;DAY;Unclassified;NH3:1;1;L2_0098;NH3
2026-08-13;62.71188;-107.60489;2026-08-13 19:23:50;62.45543;-108.10961;Canada;Northwest Territories;DAY;Unclassified;HCOOH:4;4;L2_0097;HCOOH
2026-08-13;44.86764;-0.74392;2026-08-13 11:02:46;46.72688;-0.19186474;France;Nouvelle-Aquitaine;DAY;Unclassified;HCOOH:6;6;L2_0084;HCOOH
2026-08-13;45.30318;-0.45284;2026-08-13 11:02:46;46.72688;-0.19186474;France;Nouvelle-Aquitaine;DAY;Unclassified;HCOOH:6;6;L2_0084;HCOOH
2026-08-13;47.25472;0.10663;2026-08-13 11:02:46;46.72688;-0.19186474;France;Nouvelle-Aquitaine;DAY;Unclassified;HCOOH:6;6;L2_0084;HCOOH
2026-08-13;47.71099;1.24213;2026-08-13 11:02:46;46.72688;-0.19186474;France;Nouvelle-Aquitaine;DAY;Unclassified;HCOOH:6;6;L2_0084;HCOOH
2026-08-13;66.31299;117.45576;2026-08-13 10:47:50;66.06011;117.10372;Russian Federation;Sakha;DAY;Unclassified;HCOOH:3,CO:6,CO2:1,NH3:1;11;L2_0056;CO
2026-08-13;-57.11908;74.09191;2026-08-13 18:35:50;-56.40143;73.270874;Indian Ocean;;NIGHT;Unclassified;NH3:2;2;L2_0099;NH3
2026-08-13;-55.67855;72.48034;2026-08-13 18:35:50;-56.40143;73.270874;Indian Ocean;;NIGHT;Unclassified;NH3:2;2;L2_0099;NH3
2026-08-13;19.17884;24.6353;2026-08-13 18:59:50;19.178839;24.635298;Sudan;North Darfur;NIGHT;Unclassified;NH3:1;1;L2_0021;NH3
2026-08-13;23.48506;32.00691;2026-08-13 18:59:50;23.951803;31.66508;Egypt;Al Wadi al Jadid;NIGHT;Unclassified;HNO3:3;3;L2_0024;HNO3
2026-08-13;24.03182;31.53552;2026-08-13 18:59:50;23.951803;31.66508;Egypt;Al Wadi al Jadid;NIGHT;Unclassified;HNO3:3;3;L2_0024;HNO3
2026-08-13;24.33795;31.45087;2026-08-13 18:59:50;23.951803;31.66508;Egypt;Al Wadi al Jadid;NIGHT;Unclassified;HNO3:3;3;L2_0024;HNO3
2026-08-13;25.4045;24.45356;2026-08-13 18:59:50;25.404497;24.453556;Libya;Al Kufrah;NIGHT;Unclassified;C2H4:1;1;L2_0100;C2H4
2026-08-13;25.44797;42.56859;2026-08-13 18:59:50;25.44797;42.568584;Saudi Arabia;Al Qassim;NIGHT;Unclassified;CH3OH:1;1;L2_0101;CH3OH
2026-08-13;28.68377;32.11901;2026-08-13 18:59:50;29.542461;31.884779;Egypt;As Suways;NIGHT;Unclassified;NH3:2;2;L2_0026;NH3
2026-08-13;30.40074;31.64654;2026-08-13 19:02:46;29.542461;31.884779;Egypt;As Suways;NIGHT;Unclassified;NH3:2;2;L2_0026;NH3
2026-08-14;-13.37276;26.48008;2026-08-14 07:35:49;-13.372759;26.480076;Zambia;North-Western;DAY;extrem;;4;L3_0002;CO,CO2
2026-08-14;-1.44955;29.1597;2026-08-14 07:32:45;-1.4495499;29.159698;Congo DRC;Nord-Kivu;DAY;extrem;;6;L3_0001;CO,CO2
2026-08-14;16.27257;48.15167;2026-08-14 05:47:49;19.973595;52.83072;Saudi Arabia;Ash-Sharqīyah;DAY;fire_type_1;C2H4:5,CO:6,CO2:43,HCOOH:32,HNO3:79;165;L3_0005;HNO3
2026-08-14;16.47063;48.1835;2026-08-14 05:47:49;19.973595;52.83072;Saudi Arabia;Ash-Sharqīyah;DAY;fire_type_1;C2H4:5,CO:6,CO2:43,HCOOH:32,HNO3:79;165;L3_0005;HNO3
2026-08-14;16.73804;48.2383;2026-08-14 05:47:49;19.973595;52.83072;Saudi Arabia;Ash-Sharqīyah;DAY;fire_type_1;C2H4:5,CO:6,CO2:43,HCOOH:32,HNO3:79;165;L3_0005;HNO3
2026-08-14;16.91405;52.75285;2026-08-14 05:47:49;19.973595;52.83072;Saudi Arabia;Ash-Sharqīyah;DAY;fire_type_1;C2H4:5,CO:6,CO2:43,HCOOH:32,HNO3:79;165;L3_0005;HNO3
2026-08-14;16.96629;52.48395;2026-08-14 05:47:49;19.973595;52.83072;Saudi Arabia;Ash-Sharqīyah;DAY;fire_type_1;C2H4:5,CO:6,CO2:43,HCOOH:32,HNO3:79;165;L3_0005;HNO3
2026-08-14;16.98425;49.61468;2026-08-14 05:47:49;19.973595;52.83072;Saudi Arabia;Ash-Sharqīyah;DAY;fire_type_1;C2H4:5,CO:6,CO2:43,HCOOH:32,HNO3:79;165;L3_0005;HNO3
2026-08-14;17.05004;51.9942;2026-08-14 05:47:49;19.973595;52.83072;Saudi Arabia;Ash-Sharqīyah;DAY;fire_type_1;C2H4:5,CO:6,CO2:43,HCOOH:32,HNO3:79;165;L3_0005;HNO3
2026-08-14;17.10786;51.69105;2026-08-14 05:47:49;19.973595;52.83072;Saudi Arabia;Ash-Sharqīyah;DAY;fire_type_1;C2H4:5,CO:6,CO2:43,HCOOH:32,HNO3:79;165;L3_0005;HNO3
2026-08-14;17.1378;50.07216;2026-08-14 05:47:49;19.973595;52.83072;Saudi Arabia;Ash-Sharqīyah;DAY;fire_type_1;C2H4:5,CO:6,CO2:43,HCOOH:32,HNO3:79;165;L3_0005;HNO3
2026-08-14;17.18548;52.81111;2026-08-14 05:47:49;19.973595;52.83072;Saudi Arabia;Ash-Sharqīyah;DAY;fire_type_1;C2H4:5,CO:6,CO2:43,HCOOH:32,HNO3:79;165;L3_0005;HNO3
2026-08-14;17.20364;48.32443;2026-08-14 05:47:49;19.973595;52.83072;Saudi Arabia;Ash-Sharqīyah;DAY;fire_type_1;C2H4:5,CO:6,CO2:43,HCOOH:32,HNO3:79;165;L3_0005;HNO3
2026-08-14;17.2062;49.65309;2026-08-14 05:47:49;19.973595;52.83072;Saudi Arabia;Ash-Sharqīyah;DAY;fire_type_1;C2H4:5,CO:6,CO2:43,HCOOH:32,HNO3:79;165;L3_0005;HNO3
2026-08-14;17.22372;49.34012;2026-08-14 18:35:49;20.584812;49.476963;Saudi Arabia;Ash-Sharqīyah;NIGHT;others;HCOOH:18,HNO3:1;19;L3_0006;HNO3
2026-08-14;17.23414;52.53776;2026-08-14 05:47:49;19.973595;52.83072;Saudi Arabia;Ash-Sharqīyah;DAY;fire_type_1;C2H4:5,CO:6,CO2:43,HCOOH:32,HNO3:79;165;L3_0005;HNO3
2026-08-14;17.264;53.53879;2026-08-14 05:47:49;19.973595;52.83072;Saudi Arabia;Ash-Sharqīyah;DAY;fire_type_1;C2H4:5,CO:6,CO2:43,HCOOH:32,HNO3:79;165;L3_0005;HNO3
2026-08-14;17.26724;50.77366;2026-08-14 05:47:49;19.973595;52.83072;Saudi Arabia;Ash-Sharqīyah;DAY;fire_type_1;C2H4:5,CO:6,CO2:43,HCOOH:32,HNO3:79;165;L3_0005;HNO3
2026-08-14;17.31179;53.29574;2026-08-14 05:47:49;19.973595;52.83072;Saudi Arabia;Ash-Sharqīyah;DAY;fire_type_1;C2H4:5,CO:6,CO2:43,HCOOH:32,HNO3:79;165;L3_0005;HNO3
2026-08-14;17.32152;48.86877;2026-08-14 05:47:49;19.973595;52.83072;Saudi Arabia;Ash-Sharqīyah;DAY;fire_type_1;C2H4:5,CO:6,CO2:43,HCOOH:32,HNO3:79;165;L3_0005;HNO3
2026-08-14;17.43807;54.22764;2026-08-14 05:47:49;19.973595;52.83072;Saudi Arabia;Ash-Sharqīyah;DAY;fire_type_1;C2H4:5,CO:6,CO2:43,HCOOH:32,HNO3:79;165;L3_0005;HNO3
2026-08-14;17.4595;55.19323;2026-08-14 05:47:49;19.973595;52.83072;Saudi Arabia;Ash-Sharqīyah;DAY;fire_type_1;C2H4:5,CO:6,CO2:43,HCOOH:32,HNO3:79;165;L3_0005;HNO3
2026-08-14;17.54198;53.5984;2026-08-14 05:47:49;19.973595;52.83072;Saudi Arabia;Ash-Sharqīyah;DAY;fire_type_1;C2H4:5,CO:6,CO2:43,HCOOH:32,HNO3:79;165;L3_0005;HNO3
2026-08-14;17.5868;53.35131;2026-08-14 05:47:49;19.973595;52.83072;Saudi Arabia;Ash-Sharqīyah;DAY;fire_type_1;C2H4:5,CO:6,CO2:43,HCOOH:32,HNO3:79;165;L3_0005;HNO3
2026-08-14;17.65464;52.90843;2026-08-14 05:47:49;19.973595;52.83072;Saudi Arabia;Ash-Sharqīyah;DAY;fire_type_1;C2H4:5,CO:6,CO2:43,HCOOH:32,HNO3:79;165;L3_0005;HNO3
2026-08-14;17.67318;49.74216;2026-08-14 05:47:49;19.973595;52.83072;Saudi Arabia;Ash-Sharqīyah;DAY;fire_type_1;C2H4:5,CO:6,CO2:43,HCOOH:32,HNO3:79;165;L3_0005;HNO3
2026-08-14;17.73131;53.63763;2026-08-14 05:47:49;19.973595;52.83072;Saudi Arabia;Ash-Sharqīyah;DAY;fire_type_1;C2H4:5,CO:6,CO2:43,HCOOH:32,HNO3:79;165;L3_0005;CaCO3,HNO3
2026-08-14;17.73501;50.86535;2026-08-14 05:47:49;19.973595;52.83072;Saudi Arabia;Ash-Sharqīyah;DAY;fire_type_1;C2H4:5,CO:6,CO2:43,HCOOH:32,HNO3:79;165;L3_0005;HNO3
2026-08-14;17.77895;53.39394;2026-08-14 05:47:49;19.973595;52.83072;Saudi Arabia;Ash-Sharqīyah;DAY;fire_type_1;C2H4:5,CO:6,CO2:43,HCOOH:32,HNO3:79;165;L3_0005;HNO3
2026-08-14;17.83156;51.83012;2026-08-14 05:47:49;19.973595;52.83072;Saudi Arabia;Ash-Sharqīyah;DAY;fire_type_1;C2H4:5,CO:6,CO2:43,HCOOH:32,HNO3:79;165;L3_0005;HNO3
2026-08-14;17.83785;10.45832;2026-08-14 09:08:45;19.800688;9.575327;Niger;Agadez;DAY;fire_type_1;CO:6,CO2:2,HCOOH:1;9;L3_0007;CO
2026-08-14;17.85038;54.70035;2026-08-14 05:47:49;19.973595;52.83072;Saudi Arabia;Ash-Sharqīyah;DAY;fire_type_1;C2H4:5,CO:6,CO2:43,HCOOH:32,HNO3:79;165;L3_0005;HNO3
2026-08-14;17.85286;52.94872;2026-08-14 05:47:49;19.973595;52.83072;Saudi Arabia;Ash-Sharqīyah;DAY;fire_type_1;C2H4:5,CO:6,CO2:43,HCOOH:32,HNO3:79;165;L3_0005;HNO3
2026-08-14;17.90478;52.67844;2026-08-14 05:47:49;19.973595;52.83072;Saudi Arabia;Ash-Sharqīyah;DAY;fire_type_1;C2H4:5,CO:6,CO2:43,HCOOH:32,HNO3:79;165;L3_0005;HNO3
2026-08-14;17.93073;55.29868;2026-08-14 05:47:49;19.973595;52.83072;Saudi Arabia;Ash-Sharqīyah;DAY;fire_type_1;C2H4:5,CO:6,CO2:43,HCOOH:32,HNO3:79;165;L3_0005;HNO3
2026-08-14;17.94988;54.10167;2026-08-14 05:47:49;19.973595;52.83072;Saudi Arabia;Ash-Sharqīyah;DAY;fire_type_1;C2H4:5,CO:6,CO2:43,HCOOH:32,HNO3:79;165;L3_0005;HNO3
2026-08-14;17.98661;54.94805;2026-08-14 05:47:49;19.973595;52.83072;Saudi Arabia;Ash-Sharqīyah;DAY;fire_type_1;C2H4:5,CO:6,CO2:43,HCOOH:32,HNO3:79;165;L3_0005;HNO3
2026-08-14;17.98734;52.18096;2026-08-14 05:47:49;19.973595;52.83072;Saudi Arabia;Ash-Sharqīyah;DAY;fire_type_1;C2H4:5,CO:6,CO2:43,HCOOH:32,HNO3:79;165;L3_0005;HNO3
2026-08-14;18.01162;53.6974;2026-08-14 05:47:49;19.973595;52.83072;Saudi Arabia;Ash-Sharqīyah;DAY;fire_type_1;C2H4:5,CO:6,CO2:43,HCOOH:32,HNO3:79;165;L3_0005;HNO3
2026-08-14;18.02815;54.74085;2026-08-14 05:47:49;19.973595;52.83072;Saudi Arabia;Ash-Sharqīyah;DAY;fire_type_1;C2H4:5,CO:6,CO2:43,HCOOH:32,HNO3:79;165;L3_0005;HNO3
2026-08-14;18.04474;51.87599;2026-08-14 05:47:49;19.973595;52.83072;Saudi Arabia;Ash-Sharqīyah;DAY;fire_type_1;C2H4:5,CO:6,CO2:43,HCOOH:32,HNO3:79;165;L3_0005;HNO3
2026-08-14;18.05633;53.44964;2026-08-14 05:47:49;19.973595;52.83072;Saudi Arabia;Ash-Sharqīyah;DAY;fire_type_1;C2H4:5,CO:6,CO2:43,HCOOH:32,HNO3:79;165;L3_0005;HNO3
2026-08-14;18.09817;10.01476;2026-08-14 09:08:45;19.800688;9.575327;Niger;Agadez;DAY;fire_type_1;CO:6,CO2:2,HCOOH:1;9;L3_0007;CO
2026-08-14;18.24726;52.23438;2026-08-14 05:47:49;19.973595;52.83072;Saudi Arabia;Ash-Sharqīyah;DAY;fire_type_1;C2H4:5,CO:6,CO2:43,HCOOH:32,HNO3:79;165;L3_0005;HNO3
2026-08-14;18.24849;53.49228;2026-08-14 05:47:49;19.973595;52.83072;Saudi Arabia;Ash-Sharqīyah;DAY;fire_type_1;C2H4:5,CO:6,CO2:43,HCOOH:32,HNO3:79;165;L3_0005;HNO3
2026-08-14;18.28096;55.01271;2026-08-14 05:47:49;19.973595;52.83072;Saudi Arabia;Ash-Sharqīyah;DAY;fire_type_1;C2H4:5,CO:6,CO2:43,HCOOH:32,HNO3:79;165;L3_0005;HNO3
2026-08-14;18.32053;54.80212;2026-08-14 05:47:49;19.973595;52.83072;Saudi Arabia;Ash-Sharqīyah;DAY;fire_type_1;C2H4:5,CO:6,CO2:43,HCOOH:32,HNO3:79;165;L3_0005;HNO3
2026-08-14;18.32224;53.04574;2026-08-14 05:47:49;19.973595;52.83072;Saudi Arabia;Ash-Sharqīyah;DAY;fire_type_1;C2H4:5,CO:6,CO2:43,HCOOH:32,HNO3:79;165;L3_0005;HNO3
2026-08-14;18.374;52.7747;2026-08-14 05:47:49;19.973595;52.83072;Saudi Arabia;Ash-Sharqīyah;DAY;fire_type_1;C2H4:5,CO:6,CO2:43,HCOOH:32,HNO3:79;165;L3_0005;HNO3
2026-08-14;18.3843;51.35794;2026-08-14 05:47:49;19.973595;52.83072;Saudi Arabia;Ash-Sharqīyah;DAY;fire_type_1;C2H4:5,CO:6,CO2:43,HCOOH:32,HNO3:79;165;L3_0005;HNO3
2026-08-14;18.38506;49.88156;2026-08-14 05:47:49;19.973595;52.83072;Saudi Arabia;Ash-Sharqīyah;DAY;fire_type_1;C2H4:5,CO:6,CO2:43,HCOOH:32,HNO3:79;165;L3_0005;HNO3
2026-08-14;18.39934;55.40054;2026-08-14 05:47:49;19.973595;52.83072;Saudi Arabia;Ash-Sharqīyah;DAY;fire_type_1;C2H4:5,CO:6,CO2:43,HCOOH:32,HNO3:79;165;L3_0005;HNO3
2026-08-14;18.44337;51.00055;2026-08-14 05:47:49;19.973595;52.83072;Saudi Arabia;Ash-Sharqīyah;DAY;fire_type_1;C2H4:5,CO:6,CO2:43,HCOOH:32,HNO3:79;165;L3_0005;HNO3,CO
2026-08-14;18.51346;51.97006;2026-08-14 05:47:49;19.973595;52.83072;Saudi Arabia;Ash-Sharqīyah;DAY;fire_type_1;C2H4:5,CO:6,CO2:43,HCOOH:32,HNO3:79;165;L3_0005;HNO3
2026-08-14;18.52603;53.54783;2026-08-14 05:47:49;19.973595;52.83072;Saudi Arabia;Ash-Sharqīyah;DAY;fire_type_1;C2H4:5,CO:6,CO2:43,HCOOH:32,HNO3:79;165;L3_0005;CO2
2026-08-14;18.56662;10.13244;2026-08-14 09:08:45;19.800688;9.575327;Niger;Agadez;DAY;fire_type_1;CO:6,CO2:2,HCOOH:1;9;L3_0007;CO2
2026-08-14;18.59335;53.10249;2026-08-14 05:47:49;19.973595;52.83072;Saudi Arabia;Ash-Sharqīyah;DAY;fire_type_1;C2H4:5,CO:6,CO2:43,HCOOH:32,HNO3:79;165;L3_0005;HNO3
2026-08-14;18.60022;48.58039;2026-08-14 05:47:49;19.973595;52.83072;Saudi Arabia;Ash-Sharqīyah;DAY;fire_type_1;C2H4:5,CO:6,CO2:43,HCOOH:32,HNO3:79;165;L3_0005;HCOOH
2026-08-14;18.60402;54.24331;2026-08-14 05:47:49;19.973595;52.83072;Saudi Arabia;Ash-Sharqīyah;DAY;fire_type_1;C2H4:5,CO:6,CO2:43,HCOOH:32,HNO3:79;165;L3_0005;HNO3
2026-08-14;18.6065;51.40091;2026-08-14 05:47:49;19.973595;52.83072;Saudi Arabia;Ash-Sharqīyah;DAY;fire_type_1;C2H4:5,CO:6,CO2:43,HCOOH:32,HNO3:79;165;L3_0005;HNO3
2026-08-14;18.64151;52.82686;2026-08-14 05:47:49;19.973595;52.83072;Saudi Arabia;Ash-Sharqīyah;DAY;fire_type_1;C2H4:5,CO:6,CO2:43,HCOOH:32,HNO3:79;165;L3_0005;HNO3
2026-08-14;18.71821;53.59048;2026-08-14 05:47:49;19.973595;52.83072;Saudi Arabia;Ash-Sharqīyah;DAY;fire_type_1;C2H4:5,CO:6,CO2:43,HCOOH:32,HNO3:79;165;L3_0005;HNO3
2026-08-14;18.85212;49.96984;2026-08-14 05:47:49;19.973595;52.83072;Saudi Arabia;Ash-Sharqīyah;DAY;fire_type_1;C2H4:5,CO:6,CO2:43,HCOOH:32,HNO3:79;165;L3_0005;HCOOH
2026-08-14;18.95106;53.8954;2026-08-14 05:47:49;19.973595;52.83072;Saudi Arabia;Ash-Sharqīyah;DAY;fire_type_1;C2H4:5,CO:6,CO2:43,HCOOH:32,HNO3:79;165;L3_0005;HNO3
2026-08-14;18.95954;41.26848;2026-08-14 07:26:45;27.339714;43.106003;Saudi Arabia;Ḥaʼil;DAY;fire_type_1;C2H4:22,CO:15,CO2:33,HCOOH:5,HNO3:10,SO2:2;87;L3_0009;CO2
2026-08-14;18.96825;54.9446;2026-08-14 05:47:49;19.973595;52.83072;Saudi Arabia;Ash-Sharqīyah;DAY;fire_type_1;C2H4:5,CO:6,CO2:43,HCOOH:32,HNO3:79;165;L3_0005;HNO3,CO
2026-08-14;18.99552;53.64623;2026-08-14 05:47:49;19.973595;52.83072;Saudi Arabia;Ash-Sharqīyah;DAY;fire_type_1;C2H4:5,CO:6,CO2:43,HCOOH:32,HNO3:79;165;L3_0005;HNO3
2026-08-14;18.99751;7.85474;2026-08-14 09:08:45;19.800688;9.575327;Niger;Agadez;DAY;fire_type_1;CO:6,CO2:2,HCOOH:1;9;L3_0007;CO2
2026-08-14;19.06968;50.32833;2026-08-14 18:35:49;20.584812;49.476963;Saudi Arabia;Ash-Sharqīyah;NIGHT;others;HCOOH:18,HNO3:1;19;L3_0006;HCOOH
2026-08-14;19.07379;50.0075;2026-08-14 05:47:49;19.973595;52.83072;Saudi Arabia;Ash-Sharqīyah;DAY;fire_type_1;C2H4:5,CO:6,CO2:43,HCOOH:32,HNO3:79;165;L3_0005;CO2
2026-08-14;19.07827;56.09683;2026-08-14 05:47:49;19.973595;52.83072;Saudi Arabia;Ash-Sharqīyah;DAY;fire_type_1;C2H4:5,CO:6,CO2:43,HCOOH:32,HNO3:79;165;L3_0005;HNO3
2026-08-14;19.14043;53.93467;2026-08-14 05:47:49;19.973595;52.83072;Saudi Arabia;Ash-Sharqīyah;DAY;fire_type_1;C2H4:5,CO:6,CO2:43,HCOOH:32,HNO3:79;165;L3_0005;HNO3
2026-08-14;19.18772;53.6889;2026-08-14 05:47:49;19.973595;52.83072;Saudi Arabia;Ash-Sharqīyah;DAY;fire_type_1;C2H4:5,CO:6,CO2:43,HCOOH:32,HNO3:79;165;L3_0005;HNO3
2026-08-14;19.24608;49.76962;2026-08-14 18:35:49;20.584812;49.476963;Saudi Arabia;Ash-Sharqīyah;NIGHT;others;HCOOH:18,HNO3:1;19;L3_0006;HCOOH
2026-08-14;19.24623;56.13621;2026-08-14 05:47:49;19.973595;52.83072;Saudi Arabia;Ash-Sharqīyah;DAY;fire_type_1;C2H4:5,CO:6,CO2:43,HCOOH:32,HNO3:79;165;L3_0005;HNO3
2026-08-14;19.2605;55.00585;2026-08-14 05:47:49;19.973595;52.83072;Saudi Arabia;Ash-Sharqīyah;DAY;fire_type_1;C2H4:5,CO:6,CO2:43,HCOOH:32,HNO3:79;165;L3_0005;HNO3
2026-08-14;19.26348;48.6953;2026-08-14 05:47:49;19.973595;52.83072;Saudi Arabia;Ash-Sharqīyah;DAY;fire_type_1;C2H4:5,CO:6,CO2:43,HCOOH:32,HNO3:79;165;L3_0005;CO2
2026-08-14;19.30027;55.80364;2026-08-14 05:47:49;19.973595;52.83072;Saudi Arabia;Ash-Sharqīyah;DAY;fire_type_1;C2H4:5,CO:6,CO2:43,HCOOH:32,HNO3:79;165;L3_0005;HNO3
2026-08-14;19.30195;10.50582;2026-08-14 09:08:45;19.800688;9.575327;Niger;Agadez;DAY;fire_type_1;CO:6,CO2:2,HCOOH:1;9;L3_0007;CO
2026-08-14;19.31246;52.96714;2026-08-14 05:47:49;19.973595;52.83072;Saudi Arabia;Ash-Sharqīyah;DAY;fire_type_1;C2H4:5,CO:6,CO2:43,HCOOH:32,HNO3:79;165;L3_0005;HCOOH
2026-08-14;19.31307;48.94;2026-08-14 18:35:49;20.584812;49.476963;Saudi Arabia;Ash-Sharqīyah;NIGHT;others;HCOOH:18,HNO3:1;19;L3_0006;HCOOH
2026-08-14;19.32078;51.54249;2026-08-14 05:47:49;19.973595;52.83072;Saudi Arabia;Ash-Sharqīyah;DAY;fire_type_1;C2H4:5,CO:6,CO2:43,HCOOH:32,HNO3:79;165;L3_0005;CO2
2026-08-14;19.37925;51.18299;2026-08-14 05:47:49;19.973595;52.83072;Saudi Arabia;Ash-Sharqīyah;DAY;fire_type_1;C2H4:5,CO:6,CO2:43,HCOOH:32,HNO3:79;165;L3_0005;HCOOH
2026-08-14;19.41619;43.34734;2026-08-14 07:26:45;27.339714;43.106003;Saudi Arabia;Ḥaʼil;DAY;fire_type_1;C2H4:22,CO:15,CO2:33,HCOOH:5,HNO3:10,SO2:2;87;L3_0009;HCOOH
2026-08-14;19.4383;55.0465;2026-08-14 05:47:49;19.973595;52.83072;Saudi Arabia;Ash-Sharqīyah;DAY;fire_type_1;C2H4:5,CO:6,CO2:43,HCOOH:32,HNO3:79;165;L3_0005;HNO3
2026-08-14;19.53122;48.74887;2026-08-14 05:47:49;19.973595;52.83072;Saudi Arabia;Ash-Sharqīyah;DAY;fire_type_1;C2H4:5,CO:6,CO2:43,HCOOH:32,HNO3:79;165;L3_0005;CO2
2026-08-14;19.53516;50.24455;2026-08-14 18:35:49;20.584812;49.476963;Saudi Arabia;Ash-Sharqīyah;NIGHT;others;HCOOH:18,HNO3:1;19;L3_0006;HCOOH
2026-08-14;19.54371;54.44376;2026-08-14 05:47:49;19.973595;52.83072;Saudi Arabia;Ash-Sharqīyah;DAY;fire_type_1;C2H4:5,CO:6,CO2:43,HCOOH:32,HNO3:79;165;L3_0005;HNO3
2026-08-14;19.61068;33.8087;2026-08-14 07:26:45;21.593248;35.197884;Sudan;Red Sea;DAY;fire_type_1;C2H4:2,CO:3,CO2:6,SO2:3;14;L3_0010;CO
2026-08-14;19.65382;52.51855;2026-08-14 05:47:49;19.973595;52.83072;Saudi Arabia;Ash-Sharqīyah;DAY;fire_type_1;C2H4:5,CO:6,CO2:43,HCOOH:32,HNO3:79;165;L3_0005;HCOOH
2026-08-14;19.66588;43.42842;2026-08-14 07:26:45;27.339714;43.106003;Saudi Arabia;Ḥaʼil;DAY;fire_type_1;C2H4:22,CO:15,CO2:33,HCOOH:5,HNO3:10,SO2:2;87;L3_0009;HCOOH
2026-08-14;19.71301;50.56488;2026-08-14 05:47:49;19.973595;52.83072;Saudi Arabia;Ash-Sharqīyah;DAY;fire_type_1;C2H4:5,CO:6,CO2:43,HCOOH:32,HNO3:79;165;L3_0005;HCOOH
2026-08-14;19.72897;48.77908;2026-08-14 05:47:49;19.973595;52.83072;Saudi Arabia;Ash-Sharqīyah;DAY;fire_type_1;C2H4:5,CO:6,CO2:43,HCOOH:32,HNO3:79;165;L3_0005;HCOOH
2026-08-14;19.73049;55.10795;2026-08-14 05:44:45;19.973595;52.83072;Saudi Arabia;Ash-Sharqīyah;DAY;fire_type_1;C2H4:5,CO:6,CO2:43,HCOOH:32,HNO3:79;165;L3_0005;HNO3
2026-08-14;19.78592;50.14564;2026-08-14 05:47:49;19.973595;52.83072;Saudi Arabia;Ash-Sharqīyah;DAY;fire_type_1;C2H4:5,CO:6,CO2:43,HCOOH:32,HNO3:79;165;L3_0005;C2H4
2026-08-14;19.78758;54.73175;2026-08-14 05:44:45;19.973595;52.83072;Saudi Arabia;Ash-Sharqīyah;DAY;fire_type_1;C2H4:5,CO:6,CO2:43,HCOOH:32,HNO3:79;165;L3_0005;HNO3
2026-08-14;19.80415;50.20137;2026-08-14 18:35:49;20.584812;49.476963;Saudi Arabia;Ash-Sharqīyah;NIGHT;others;HCOOH:18,HNO3:1;19;L3_0006;HCOOH
2026-08-14;19.8097;55.71152;2026-08-14 05:44:45;19.973595;52.83072;Saudi Arabia;Ash-Sharqīyah;DAY;fire_type_1;C2H4:5,CO:6,CO2:43,HCOOH:32,HNO3:79;165;L3_0005;HNO3
2026-08-14;19.84711;51.27376;2026-08-14 05:47:49;19.973595;52.83072;Saudi Arabia;Ash-Sharqīyah;DAY;fire_type_1;C2H4:5,CO:6,CO2:43,HCOOH:32,HNO3:79;165;L3_0005;HCOOH
2026-08-14;19.91112;49.34575;2026-08-14 05:47:49;19.973595;52.83072;Saudi Arabia;Ash-Sharqīyah;DAY;fire_type_1;C2H4:5,CO:6,CO2:43,HCOOH:32,HNO3:79;165;L3_0005;CO2
2026-08-14;19.97548;57.50936;2026-08-14 05:44:45;19.973595;52.83072;Saudi Arabia;Ash-Sharqīyah;DAY;fire_type_1;C2H4:5,CO:6,CO2:43,HCOOH:32,HNO3:79;165;L3_0005;HNO3
2026-08-14;20.00764;50.1829;2026-08-14 05:47:49;19.973595;52.83072;Saudi Arabia;Ash-Sharqīyah;DAY;fire_type_1;C2H4:5,CO:6,CO2:43,HCOOH:32,HNO3:79;165;L3_0005;CO2
2026-08-14;20.01343;54.54409;2026-08-14 05:44:45;19.973595;52.83072;Saudi Arabia;Ash-Sharqīyah;DAY;fire_type_1;C2H4:5,CO:6,CO2:43,HCOOH:32,HNO3:79;165;L3_0005;CO2
2026-08-14;20.11784;49.38462;2026-08-14 05:47:49;19.973595;52.83072;Saudi Arabia;Ash-Sharqīyah;DAY;fire_type_1;C2H4:5,CO:6,CO2:43,HCOOH:32,HNO3:79;165;L3_0005;HCOOH
2026-08-14;20.1785;49.59926;2026-08-14 18:35:49;20.584812;49.476963;Saudi Arabia;Ash-Sharqīyah;NIGHT;others;HCOOH:18,HNO3:1;19;L3_0006;HCOOH
2026-08-14;20.24054;56.01265;2026-08-14 05:44:45;19.973595;52.83072;Saudi Arabia;Ash-Sharqīyah;DAY;fire_type_1;C2H4:5,CO:6,CO2:43,HCOOH:32,HNO3:79;165;L3_0005;HNO3
2026-08-14;20.24724;48.7649;2026-08-14 18:35:49;20.584812;49.476963;Saudi Arabia;Ash-Sharqīyah;NIGHT;others;HCOOH:18,HNO3:1;19;L3_0006;HCOOH
2026-08-14;20.2507;53.15935;2026-08-14 05:44:45;19.973595;52.83072;Saudi Arabia;Ash-Sharqīyah;DAY;fire_type_1;C2H4:5,CO:6,CO2:43,HCOOH:32,HNO3:79;165;L3_0005;CO2
2026-08-14;20.25706;51.72616;2026-08-14 05:44:45;19.973595;52.83072;Saudi Arabia;Ash-Sharqīyah;DAY;fire_type_1;C2H4:5,CO:6,CO2:43,HCOOH:32,HNO3:79;165;L3_0005;CO2
2026-08-14;20.25901;36.42208;2026-08-14 07:26:45;21.593248;35.197884;Sudan;Red Sea;DAY;fire_type_1;C2H4:2,CO:3,CO2:6,SO2:3;14;L3_0010;SO2
2026-08-14;20.26986;50.11783;2026-08-14 18:35:49;20.584812;49.476963;Saudi Arabia;Ash-Sharqīyah;NIGHT;others;HCOOH:18,HNO3:1;19;L3_0006;HCOOH
2026-08-14;20.27979;55.81554;2026-08-14 05:44:45;19.973595;52.83072;Saudi Arabia;Ash-Sharqīyah;DAY;fire_type_1;C2H4:5,CO:6,CO2:43,HCOOH:32,HNO3:79;165;L3_0005;HNO3
2026-08-14;20.29885;54.60284;2026-08-14 05:44:45;19.973595;52.83072;Saudi Arabia;Ash-Sharqīyah;DAY;fire_type_1;C2H4:5,CO:6,CO2:43,HCOOH:32,HNO3:79;165;L3_0005;CO2
2026-08-14;20.31494;51.36441;2026-08-14 05:44:45;19.973595;52.83072;Saudi Arabia;Ash-Sharqīyah;DAY;fire_type_1;C2H4:5,CO:6,CO2:43,HCOOH:32,HNO3:79;165;L3_0005;CO2
2026-08-14;20.338;43.63493;2026-08-14 07:26:45;27.339714;43.106003;Saudi Arabia;Ḥaʼil;DAY;fire_type_1;C2H4:22,CO:15,CO2:33,HCOOH:5,HNO3:10,SO2:2;87;L3_0009;C2H4
2026-08-14;20.39751;57.9167;2026-08-14 05:44:45;19.973595;52.83072;Saudi Arabia;Ash-Sharqīyah;DAY;fire_type_1;C2H4:5,CO:6,CO2:43,HCOOH:32,HNO3:79;165;L3_0005;CO2
2026-08-14;20.40323;56.92024;2026-08-14 05:44:45;19.973595;52.83072;Saudi Arabia;Ash-Sharqīyah;DAY;fire_type_1;C2H4:5,CO:6,CO2:43,HCOOH:32,HNO3:79;165;L3_0005;HNO3
2026-08-14;20.40902;50.69791;2026-08-14 05:44:45;19.973595;52.83072;Saudi Arabia;Ash-Sharqīyah;DAY;fire_type_1;C2H4:5,CO:6,CO2:43,HCOOH:32,HNO3:79;165;L3_0005;CO2
2026-08-14;20.44882;35.45167;2026-08-14 07:26:45;21.593248;35.197884;Sudan;Red Sea;DAY;fire_type_1;C2H4:2,CO:3,CO2:6,SO2:3;14;L3_0010;SO2
2026-08-14;20.46638;9.62723;2026-08-14 09:08:45;19.800688;9.575327;Niger;Agadez;DAY;fire_type_1;CO:6,CO2:2,HCOOH:1;9;L3_0007;CO
2026-08-14;20.46638;50.07756;2026-08-14 18:35:49;20.584812;49.476963;Saudi Arabia;Ash-Sharqīyah;NIGHT;others;HCOOH:18,HNO3:1;19;L3_0006;HCOOH
2026-08-14;20.4832;54.6445;2026-08-14 05:44:45;19.973595;52.83072;Saudi Arabia;Ash-Sharqīyah;DAY;fire_type_1;C2H4:5,CO:6,CO2:43,HCOOH:32,HNO3:79;165;L3_0005;CO2
2026-08-14;20.49345;48.72309;2026-08-14 18:35:49;20.584812;49.476963;Saudi Arabia;Ash-Sharqīyah;NIGHT;others;HCOOH:18,HNO3:1;19;L3_0006;HCOOH
2026-08-14;20.51794;53.2113;2026-08-14 05:44:45;19.973595;52.83072;Saudi Arabia;Ash-Sharqīyah;DAY;fire_type_1;C2H4:5,CO:6,CO2:43,HCOOH:32,HNO3:79;165;L3_0005;CO2
2026-08-14;20.53755;34.98666;2026-08-14 07:26:45;21.593248;35.197884;Sudan;Red Sea;DAY;fire_type_1;C2H4:2,CO:3,CO2:6,SO2:3;14;L3_0010;CO
2026-08-14;20.5398;56.07993;2026-08-14 05:44:45;19.973595;52.83072;Saudi Arabia;Ash-Sharqīyah;DAY;fire_type_1;C2H4:5,CO:6,CO2:43,HCOOH:32,HNO3:79;165;L3_0005;HNO3
2026-08-14;20.57308;41.74459;2026-08-14 07:26:45;27.339714;43.106003;Saudi Arabia;Ḥaʼil;DAY;fire_type_1;C2H4:22,CO:15,CO2:33,HCOOH:5,HNO3:10,SO2:2;87;L3_0009;HNO3
2026-08-14;20.64571;48.256;2026-08-14 18:35:49;20.584812;49.476963;Saudi Arabia;Ash-Sharqīyah;NIGHT;others;HCOOH:18,HNO3:1;19;L3_0006;HCOOH
2026-08-14;20.64768;50.74208;2026-08-14 05:44:45;19.973595;52.83072;Saudi Arabia;Ash-Sharqīyah;DAY;fire_type_1;C2H4:5,CO:6,CO2:43,HCOOH:32,HNO3:79;165;L3_0005;HCOOH
2026-08-14;20.71972;53.25536;2026-08-14 05:44:45;19.973595;52.83072;Saudi Arabia;Ash-Sharqīyah;DAY;fire_type_1;C2H4:5,CO:6,CO2:43,HCOOH:32,HNO3:79;165;L3_0005;HCOOH
2026-08-14;20.71978;50.32014;2026-08-14 05:44:45;19.973595;52.83072;Saudi Arabia;Ash-Sharqīyah;DAY;fire_type_1;C2H4:5,CO:6,CO2:43,HCOOH:32,HNO3:79;165;L3_0005;HCOOH
2026-08-14;20.75914;8.92358;2026-08-14 09:08:45;19.800688;9.575327;Niger;Agadez;DAY;fire_type_1;CO:6,CO2:2,HCOOH:1;9;L3_0007;CO
2026-08-14;20.77818;42.94343;2026-08-14 07:26:45;27.339714;43.106003;Saudi Arabia;Ḥaʼil;DAY;fire_type_1;C2H4:22,CO:15,CO2:33,HCOOH:5,HNO3:10,SO2:2;87;L3_0009;C2H4
2026-08-14;20.78285;51.45489;2026-08-14 05:44:45;19.973595;52.83072;Saudi Arabia;Ash-Sharqīyah;DAY;fire_type_1;C2H4:5,CO:6,CO2:43,HCOOH:32,HNO3:79;165;L3_0005;HCOOH
2026-08-14;20.875;57.02787;2026-08-14 05:44:45;19.973595;52.83072;Saudi Arabia;Ash-Sharqīyah;DAY;fire_type_1;C2H4:5,CO:6,CO2:43,HCOOH:32,HNO3:79;165;L3_0005;HNO3
2026-08-14;20.87636;50.78622;2026-08-14 05:44:45;19.973595;52.83072;Saudi Arabia;Ash-Sharqīyah;DAY;fire_type_1;C2H4:5,CO:6,CO2:43,HCOOH:32,HNO3:79;165;L3_0005;C2H4,HCOOH
2026-08-14;20.91258;44.35551;2026-08-14 07:26:45;27.339714;43.106003;Saudi Arabia;Ḥaʼil;DAY;fire_type_1;C2H4:22,CO:15,CO2:33,HCOOH:5,HNO3:10,SO2:2;87;L3_0009;HNO3,CO
2026-08-14;20.92341;37.1402;2026-08-14 07:26:45;21.593248;35.197884;Sudan;Red Sea;DAY;fire_type_1;C2H4:2,CO:3,CO2:6,SO2:3;14;L3_0010;CO2
2026-08-14;20.93203;49.99498;2026-08-14 18:35:49;20.584812;49.476963;Saudi Arabia;Ash-Sharqīyah;NIGHT;others;HCOOH:18,HNO3:1;19;L3_0006;HCN,HCOOH
2026-08-14;20.98703;53.3073;2026-08-14 05:44:45;19.973595;52.83072;Saudi Arabia;Ash-Sharqīyah;DAY;fire_type_1;C2H4:5,CO:6,CO2:43,HCOOH:32,HNO3:79;165;L3_0005;CO2
2026-08-14;21.08899;56.74705;2026-08-14 05:44:45;19.973595;52.83072;Saudi Arabia;Ash-Sharqīyah;DAY;fire_type_1;C2H4:5,CO:6,CO2:43,HCOOH:32,HNO3:79;165;L3_0005;HNO3
2026-08-14;21.09074;36.30794;2026-08-14 07:26:45;21.593248;35.197884;Sudan;Red Sea;DAY;fire_type_1;C2H4:2,CO:3,CO2:6,SO2:3;14;L3_0010;CO2
2026-08-14;21.11097;49.43044;2026-08-14 18:35:49;20.584812;49.476963;Saudi Arabia;Ash-Sharqīyah;NIGHT;others;HCOOH:18,HNO3:1;19;L3_0006;HCOOH
2026-08-14;21.11506;50.83028;2026-08-14 05:44:45;19.973595;52.83072;Saudi Arabia;Ash-Sharqīyah;DAY;fire_type_1;C2H4:5,CO:6,CO2:43,HCOOH:32,HNO3:79;165;L3_0005;CO2
2026-08-14;21.12425;41.53612;2026-08-14 07:26:45;27.339714;43.106003;Saudi Arabia;Ḥaʼil;DAY;fire_type_1;C2H4:22,CO:15,CO2:33,HCOOH:5,HNO3:10,SO2:2;87;L3_0009;CO2
2026-08-14;21.13799;53.62746;2026-08-14 05:44:45;19.973595;52.83072;Saudi Arabia;Ash-Sharqīyah;DAY;fire_type_1;C2H4:5,CO:6,CO2:43,HCOOH:32,HNO3:79;165;L3_0005;HCOOH,CO
2026-08-14;21.18676;50.40694;2026-08-14 05:44:45;19.973595;52.83072;Saudi Arabia;Ash-Sharqīyah;DAY;fire_type_1;C2H4:5,CO:6,CO2:43,HCOOH:32,HNO3:79;165;L3_0005;CO
2026-08-14;21.18883;53.35138;2026-08-14 05:44:45;19.973595;52.83072;Saudi Arabia;Ash-Sharqīyah;DAY;fire_type_1;C2H4:5,CO:6,CO2:43,HCOOH:32,HNO3:79;165;L3_0005;CO2
2026-08-14;21.25721;43.92427;2026-08-14 07:26:45;27.339714;43.106003;Saudi Arabia;Ḥaʼil;DAY;fire_type_1;C2H4:22,CO:15,CO2:33,HCOOH:5,HNO3:10,SO2:2;87;L3_0009;CO,CO2
2026-08-14;21.26039;33.73967;2026-08-14 07:26:45;21.593248;35.197884;Sudan;Red Sea;DAY;fire_type_1;C2H4:2,CO:3,CO2:6,SO2:3;14;L3_0010;C2H4
2026-08-14;21.27483;13.7635;2026-08-14 09:08:45;22.83587;14.375744;Libya;Murzuq;DAY;others;CO2:6,SO2:2;8;L3_0012;CO2
2026-08-14;21.37885;55.07385;2026-08-14 05:44:45;19.973595;52.83072;Saudi Arabia;Ash-Sharqīyah;DAY;fire_type_1;C2H4:5,CO:6,CO2:43,HCOOH:32,HNO3:79;165;L3_0005;CO2
2026-08-14;21.40521;9.86415;2026-08-14 09:08:45;19.800688;9.575327;Niger;Agadez;DAY;fire_type_1;CO:6,CO2:2,HCOOH:1;9;L3_0007;CO
2026-08-14;21.40892;53.68412;2026-08-14 05:44:45;19.973595;52.83072;Saudi Arabia;Ash-Sharqīyah;DAY;fire_type_1;C2H4:5,CO:6,CO2:43,HCOOH:32,HNO3:79;165;L3_0005;CO2
2026-08-14;21.42245;54.84548;2026-08-14 05:44:45;19.973595;52.83072;Saudi Arabia;Ash-Sharqīyah;DAY;fire_type_1;C2H4:5,CO:6,CO2:43,HCOOH:32,HNO3:79;165;L3_0005;CO2
2026-08-14;21.45615;53.40331;2026-08-14 05:44:45;19.973595;52.83072;Saudi Arabia;Ash-Sharqīyah;DAY;fire_type_1;C2H4:5,CO:6,CO2:43,HCOOH:32,HNO3:79;165;L3_0005;HCOOH
2026-08-14;21.48306;59.13084;2026-08-14 05:44:45;19.973595;52.83072;Saudi Arabia;Ash-Sharqīyah;DAY;fire_type_1;C2H4:5,CO:6,CO2:43,HCOOH:32,HNO3:79;165;L3_0005;CO2
2026-08-14;21.53789;33.98181;2026-08-14 07:26:45;21.593248;35.197884;Sudan;Red Sea;DAY;fire_type_1;C2H4:2,CO:3,CO2:6,SO2:3;14;L3_0010;CO
2026-08-14;21.58232;50.91826;2026-08-14 05:44:45;19.973595;52.83072;Saudi Arabia;Ash-Sharqīyah;DAY;fire_type_1;C2H4:5,CO:6,CO2:43,HCOOH:32,HNO3:79;165;L3_0005;CO2
2026-08-14;21.59046;49.11013;2026-08-14 05:44:45;19.973595;52.83072;Saudi Arabia;Ash-Sharqīyah;DAY;fire_type_1;C2H4:5,CO:6,CO2:43,HCOOH:32,HNO3:79;165;L3_0005;CO2
2026-08-14;21.65652;39.21264;2026-08-14 07:26:45;27.339714;43.106003;Saudi Arabia;Ḥaʼil;DAY;fire_type_1;C2H4:22,CO:15,CO2:33,HCOOH:5,HNO3:10,SO2:2;87;L3_0009;CO2
2026-08-14;21.65797;53.4474;2026-08-14 05:44:45;19.973595;52.83072;Saudi Arabia;Ash-Sharqīyah;DAY;fire_type_1;C2H4:5,CO:6,CO2:43,HCOOH:32,HNO3:79;165;L3_0005;CO,CO2
2026-08-14;21.66139;52.00066;2026-08-14 05:44:45;19.973595;52.83072;Saudi Arabia;Ash-Sharqīyah;DAY;fire_type_1;C2H4:5,CO:6,CO2:43,HCOOH:32,HNO3:79;165;L3_0005;CO2
2026-08-14;21.66746;49.86756;2026-08-14 18:38:45;20.584812;49.476963;Saudi Arabia;Ash-Sharqīyah;NIGHT;others;HCOOH:18,HNO3:1;19;L3_0006;HCOOH
2026-08-14;21.69511;57.91177;2026-08-14 05:44:45;19.973595;52.83072;Saudi Arabia;Ash-Sharqīyah;DAY;fire_type_1;C2H4:5,CO:6,CO2:43,HCOOH:32,HNO3:79;165;L3_0005;CO
2026-08-14;21.71841;51.63533;2026-08-14 05:44:45;19.973595;52.83072;Saudi Arabia;Ash-Sharqīyah;DAY;fire_type_1;C2H4:5,CO:6,CO2:43,HCOOH:32,HNO3:79;165;L3_0005;CO2
2026-08-14;21.74149;37.94057;2026-08-14 07:26:45;21.593248;35.197884;Sudan;Red Sea;DAY;fire_type_1;C2H4:2,CO:3,CO2:6,SO2:3;14;L3_0010;CO2
2026-08-14;21.75779;-9.88494;2026-08-14 10:47:49;24.301954;-8.624859;Mauritania;Tiris Zemmour;DAY;fire_type_1;C2H4:6,CO:6,CO2:19;31;L3_0011;CO2
2026-08-14;21.79345;52.62494;2026-08-14 05:44:45;19.973595;52.83072;Saudi Arabia;Ash-Sharqīyah;DAY;fire_type_1;C2H4:5,CO:6,CO2:43,HCOOH:32,HNO3:79;165;L3_0005;HCOOH
2026-08-14;21.81278;33.39638;2026-08-14 07:26:45;21.593248;35.197884;Sudan;Red Sea;DAY;fire_type_1;C2H4:2,CO:3,CO2:6,SO2:3;14;L3_0010;SO2
2026-08-14;21.85848;49.16274;2026-08-14 05:44:45;19.973595;52.83072;Saudi Arabia;Ash-Sharqīyah;DAY;fire_type_1;C2H4:5,CO:6,CO2:43,HCOOH:32,HNO3:79;165;L3_0005;C2H4,CO2
2026-08-14;21.92511;53.49939;2026-08-14 05:44:45;19.973595;52.83072;Saudi Arabia;Ash-Sharqīyah;DAY;fire_type_1;C2H4:5,CO:6,CO2:43,HCOOH:32,HNO3:79;165;L3_0005;HCOOH
2026-08-14;21.96826;36.87131;2026-08-14 07:26:45;21.593248;35.197884;Sudan;Red Sea;DAY;fire_type_1;C2H4:2,CO:3,CO2:6,SO2:3;14;L3_0010;CO2
2026-08-14;21.97204;41.1887;2026-08-14 07:26:45;27.339714;43.106003;Saudi Arabia;Ḥaʼil;DAY;fire_type_1;C2H4:22,CO:15,CO2:33,HCOOH:5,HNO3:10,SO2:2;87;L3_0009;CO2
2026-08-14;21.99727;52.99035;2026-08-14 05:44:45;19.973595;52.83072;Saudi Arabia;Ash-Sharqīyah;DAY;fire_type_1;C2H4:5,CO:6,CO2:43,HCOOH:32,HNO3:79;165;L3_0005;CO2
2026-08-14;22.04808;47.99203;2026-08-14 18:38:45;20.584812;49.476963;Saudi Arabia;Ash-Sharqīyah;NIGHT;others;HCOOH:18,HNO3:1;19;L3_0006;HCOOH
2026-08-14;22.12046;50.57963;2026-08-14 05:44:45;19.973595;52.83072;Saudi Arabia;Ash-Sharqīyah;DAY;fire_type_1;C2H4:5,CO:6,CO2:43,HCOOH:32,HNO3:79;165;L3_0005;HCOOH
2026-08-14;22.12695;53.5435;2026-08-14 05:44:45;19.973595;52.83072;Saudi Arabia;Ash-Sharqīyah;DAY;fire_type_1;C2H4:5,CO:6,CO2:43,HCOOH:32,HNO3:79;165;L3_0005;HCOOH
2026-08-14;22.12954;52.09178;2026-08-14 05:44:45;19.973595;52.83072;Saudi Arabia;Ash-Sharqīyah;DAY;fire_type_1;C2H4:5,CO:6,CO2:43,HCOOH:32,HNO3:79;165;L3_0005;CO2
2026-08-14;22.22397;-9.74767;2026-08-14 10:47:49;24.301954;-8.624859;Mauritania;Tiris Zemmour;DAY;fire_type_1;C2H4:6,CO:6,CO2:19;31;L3_0011;CO2
2026-08-14;22.26199;52.71791;2026-08-14 05:44:45;19.973595;52.83072;Saudi Arabia;Ash-Sharqīyah;DAY;fire_type_1;C2H4:5,CO:6,CO2:43,HCOOH:32,HNO3:79;165;L3_0005;HCOOH
2026-08-14;22.27791;51.04957;2026-08-14 05:44:45;19.973595;52.83072;Saudi Arabia;Ash-Sharqīyah;DAY;fire_type_1;C2H4:5,CO:6,CO2:43,HCOOH:32,HNO3:79;165;L3_0005;HCOOH
2026-08-14;22.28363;57.35236;2026-08-14 05:44:45;19.973595;52.83072;Saudi Arabia;Ash-Sharqīyah;DAY;fire_type_1;C2H4:5,CO:6,CO2:43,HCOOH:32,HNO3:79;165;L3_0005;HNO3
2026-08-14;22.32394;49.24427;2026-08-14 05:44:45;19.973595;52.83072;Saudi Arabia;Ash-Sharqīyah;DAY;fire_type_1;C2H4:5,CO:6,CO2:43,HCOOH:32,HNO3:79;165;L3_0005;HCOOH,CO2
2026-08-14;22.34178;50.61593;2026-08-14 05:44:45;19.973595;52.83072;Saudi Arabia;Ash-Sharqīyah;DAY;fire_type_1;C2H4:5,CO:6,CO2:43,HCOOH:32,HNO3:79;165;L3_0005;HCOOH,CO2
2026-08-14;22.34723;53.87803;2026-08-14 05:44:45;19.973595;52.83072;Saudi Arabia;Ash-Sharqīyah;DAY;fire_type_1;C2H4:5,CO:6,CO2:43,HCOOH:32,HNO3:79;165;L3_0005;C2H4,CO2
2026-08-14;22.41394;51.77261;2026-08-14 05:44:45;19.973595;52.83072;Saudi Arabia;Ash-Sharqīyah;DAY;fire_type_1;C2H4:5,CO:6,CO2:43,HCOOH:32,HNO3:79;165;L3_0005;HCOOH
2026-08-14;22.42549;59.36213;2026-08-14 05:44:45;19.973595;52.83072;Saudi Arabia;Ash-Sharqīyah;DAY;fire_type_1;C2H4:5,CO:6,CO2:43,HCOOH:32,HNO3:79;165;L3_0005;CO
2026-08-14;22.46012;-5.81727;2026-08-14 10:47:49;24.301954;-8.624859;Mauritania;Tiris Zemmour;DAY;fire_type_1;C2H4:6,CO:6,CO2:19;31;L3_0011;C2H4,CO2
2026-08-14;22.48843;14.10709;2026-08-14 09:08:45;22.83587;14.375744;Libya;Murzuq;DAY;others;CO2:6,SO2:2;8;L3_0012;CO2
2026-08-14;22.51074;55.94029;2026-08-14 05:44:45;19.973595;52.83072;Saudi Arabia;Ash-Sharqīyah;DAY;fire_type_1;C2H4:5,CO:6,CO2:43,HCOOH:32,HNO3:79;165;L3_0005;CO
2026-08-14;22.51672;51.09331;2026-08-14 05:44:45;19.973595;52.83072;Saudi Arabia;Ash-Sharqīyah;DAY;fire_type_1;C2H4:5,CO:6,CO2:43,HCOOH:32,HNO3:79;165;L3_0005;HCOOH
2026-08-14;22.51705;52.76552;2026-08-14 05:44:45;19.973595;52.83072;Saudi Arabia;Ash-Sharqīyah;DAY;fire_type_1;C2H4:5,CO:6,CO2:43,HCOOH:32,HNO3:79;165;L3_0005;CO2
2026-08-14;22.53666;-10.18427;2026-08-14 10:47:49;24.301954;-8.624859;Mauritania;Tiris Zemmour;DAY;fire_type_1;C2H4:6,CO:6,CO2:19;31;L3_0011;CO2
2026-08-14;22.54562;53.91835;2026-08-14 05:44:45;19.973595;52.83072;Saudi Arabia;Ash-Sharqīyah;DAY;fire_type_1;C2H4:5,CO:6,CO2:43,HCOOH:32,HNO3:79;165;L3_0005;CO2
2026-08-14;22.59601;53.63942;2026-08-14 05:44:45;19.973595;52.83072;Saudi Arabia;Ash-Sharqīyah;DAY;fire_type_1;C2H4:5,CO:6,CO2:43,HCOOH:32,HNO3:79;165;L3_0005;CO2
2026-08-14;22.59977;49.70607;2026-08-14 18:38:45;20.584812;49.476963;Saudi Arabia;Ash-Sharqīyah;NIGHT;others;HCOOH:18,HNO3:1;19;L3_0006;HCOOH
2026-08-14;22.67396;14.16268;2026-08-14 09:08:45;22.83587;14.375744;Libya;Murzuq;DAY;others;CO2:6,SO2:2;8;L3_0012;CO2
2026-08-14;22.70725;49.84945;2026-08-14 05:44:45;19.973595;52.83072;Saudi Arabia;Ash-Sharqīyah;DAY;fire_type_1;C2H4:5,CO:6,CO2:43,HCOOH:32,HNO3:79;165;L3_0005;HCOOH,SO2
2026-08-14;22.72122;41.08454;2026-08-14 07:26:45;27.339714;43.106003;Saudi Arabia;Ḥaʼil;DAY;fire_type_1;C2H4:22,CO:15,CO2:33,HCOOH:5,HNO3:10,SO2:2;87;L3_0009;CO2
2026-08-14;22.7567;8.7664;2026-08-14 09:08:45;19.800688;9.575327;Niger;Agadez;DAY;fire_type_1;CO:6,CO2:2,HCOOH:1;9;L3_0007;HCOOH
2026-08-14;22.78937;49.32556;2026-08-14 05:44:45;19.973595;52.83072;Saudi Arabia;Ash-Sharqīyah;DAY;fire_type_1;C2H4:5,CO:6,CO2:43,HCOOH:32,HNO3:79;165;L3_0005;HCOOH,HNO3
2026-08-14;22.79086;14.9367;2026-08-14 09:08:45;22.83587;14.375744;Libya;Murzuq;DAY;others;CO2:6,SO2:2;8;L3_0012;SO2
2026-08-14;22.83661;-8.2423;2026-08-14 10:47:49;24.301954;-8.624859;Mauritania;Tiris Zemmour;DAY;fire_type_1;C2H4:6,CO:6,CO2:19;31;L3_0011;CO2
2026-08-14;22.8857;44.45763;2026-08-14 07:26:45;27.339714;43.106003;Saudi Arabia;Ḥaʼil;DAY;fire_type_1;C2H4:22,CO:15,CO2:33,HCOOH:5,HNO3:10,SO2:2;87;L3_0009;CO
2026-08-14;22.89137;-9.54345;2026-08-14 10:47:49;24.301954;-8.624859;Mauritania;Tiris Zemmour;DAY;fire_type_1;C2H4:6,CO:6,CO2:19;31;L3_0011;CO2
2026-08-14;22.89689;54.72856;2026-08-14 05:44:45;19.973595;52.83072;Saudi Arabia;Ash-Sharqīyah;DAY;fire_type_1;C2H4:5,CO:6,CO2:43,HCOOH:32,HNO3:79;165;L3_0005;CO2
2026-08-14;22.89884;34.61965;2026-08-14 07:26:45;21.593248;35.197884;Sudan;Red Sea;DAY;fire_type_1;C2H4:2,CO:3,CO2:6,SO2:3;14;L3_0010;CO2
2026-08-14;22.91366;49.88725;2026-08-14 05:44:45;19.973595;52.83072;Saudi Arabia;Ash-Sharqīyah;DAY;fire_type_1;C2H4:5,CO:6,CO2:43,HCOOH:32,HNO3:79;165;L3_0005;HNO3
2026-08-14;22.93473;53.17871;2026-08-14 05:44:45;19.973595;52.83072;Saudi Arabia;Ash-Sharqīyah;DAY;fire_type_1;C2H4:5,CO:6,CO2:43,HCOOH:32,HNO3:79;165;L3_0005;CO2
2026-08-14;22.97592;49.09664;2026-08-14 18:38:45;20.584812;49.476963;Saudi Arabia;Ash-Sharqīyah;NIGHT;others;HCOOH:18,HNO3:1;19;L3_0006;HCOOH
2026-08-14;22.98403;51.18073;2026-08-14 05:44:45;19.973595;52.83072;Saudi Arabia;Ash-Sharqīyah;DAY;fire_type_1;C2H4:5,CO:6,CO2:43,HCOOH:32,HNO3:79;165;L3_0005;HCOOH
2026-08-14;22.9845;14.99629;2026-08-14 09:08:45;22.83587;14.375744;Libya;Murzuq;DAY;others;CO2:6,SO2:2;8;L3_0012;SO2
2026-08-14;23.05413;50.7514;2026-08-14 05:44:45;19.973595;52.83072;Saudi Arabia;Ash-Sharqīyah;DAY;fire_type_1;C2H4:5,CO:6,CO2:43,HCOOH:32,HNO3:79;165;L3_0005;HCOOH
2026-08-14;23.0657;52.27378;2026-08-14 05:44:45;19.973595;52.83072;Saudi Arabia;Ash-Sharqīyah;DAY;fire_type_1;C2H4:5,CO:6,CO2:43,HCOOH:32,HNO3:79;165;L3_0005;HCOOH
2026-08-14;23.06897;-10.3187;2026-08-14 10:47:49;24.301954;-8.624859;Mauritania;Tiris Zemmour;DAY;fire_type_1;C2H4:6,CO:6,CO2:19;31;L3_0011;C2H4
2026-08-14;23.08017;14.54475;2026-08-14 09:08:45;22.83587;14.375744;Libya;Murzuq;DAY;others;CO2:6,SO2:2;8;L3_0012;CO2
2026-08-14;23.09646;44.52336;2026-08-14 07:26:45;27.339714;43.106003;Saudi Arabia;Ḥaʼil;DAY;fire_type_1;C2H4:22,CO:15,CO2:33,HCOOH:5,HNO3:10,SO2:2;87;L3_0009;CO2
2026-08-14;23.09963;13.60455;2026-08-14 09:08:45;22.83587;14.375744;Libya;Murzuq;DAY;others;CO2:6,SO2:2;8;L3_0012;CO2
2026-08-14;23.14396;53.21999;2026-08-14 05:44:45;19.973595;52.83072;Saudi Arabia;Ash-Sharqīyah;DAY;fire_type_1;C2H4:5,CO:6,CO2:43,HCOOH:32,HNO3:79;165;L3_0005;CO2
2026-08-14;23.18177;58.75904;2026-08-14 05:44:45;19.973595;52.83072;Saudi Arabia;Ash-Sharqīyah;DAY;fire_type_1;C2H4:5,CO:6,CO2:43,HCOOH:32,HNO3:79;165;L3_0005;HNO3
2026-08-14;23.25991;49.58705;2026-08-14 18:38:45;20.584812;49.476963;Saudi Arabia;Ash-Sharqīyah;NIGHT;others;HCOOH:18,HNO3:1;19;L3_0006;HCOOH
2026-08-14;23.26331;-12.08911;2026-08-14 10:47:49;24.301954;-8.624859;Mauritania;Tiris Zemmour;DAY;fire_type_1;C2H4:6,CO:6,CO2:19;31;L3_0011;CO
2026-08-14;23.27528;50.78724;2026-08-14 05:44:45;19.973595;52.83072;Saudi Arabia;Ash-Sharqīyah;DAY;fire_type_1;C2H4:5,CO:6,CO2:43,HCOOH:32,HNO3:79;165;L3_0005;HCOOH
2026-08-14;23.27822;-9.09535;2026-08-14 10:47:49;24.301954;-8.624859;Mauritania;Tiris Zemmour;DAY;fire_type_1;C2H4:6,CO:6,CO2:19;31;L3_0011;CO2,NH3
2026-08-14;23.36169;-7.36774;2026-08-14 10:47:49;24.301954;-8.624859;Mauritania;Tiris Zemmour;DAY;fire_type_1;C2H4:6,CO:6,CO2:19;31;L3_0011;CO2
2026-08-14;23.39574;-8.44838;2026-08-14 10:47:49;24.301954;-8.624859;Mauritania;Tiris Zemmour;DAY;fire_type_1;C2H4:6,CO:6,CO2:19;31;L3_0011;CO2
2026-08-14;23.40331;53.27295;2026-08-14 05:44:45;19.973595;52.83072;Saudi Arabia;Ash-Sharqīyah;DAY;fire_type_1;C2H4:5,CO:6,CO2:43,HCOOH:32,HNO3:79;165;L3_0005;CO
2026-08-14;23.47662;57.09384;2026-08-14 05:44:45;19.973595;52.83072;Saudi Arabia;Ash-Sharqīyah;DAY;fire_type_1;C2H4:5,CO:6,CO2:43,HCOOH:32,HNO3:79;165;L3_0005;CO
2026-08-14;23.48365;54.1123;2026-08-14 05:44:45;19.973595;52.83072;Saudi Arabia;Ash-Sharqīyah;DAY;fire_type_1;C2H4:5,CO:6,CO2:43,HCOOH:32,HNO3:79;165;L3_0005;CO2
2026-08-14;23.53375;53.83135;2026-08-14 05:44:45;19.973595;52.83072;Saudi Arabia;Ash-Sharqīyah;DAY;fire_type_1;C2H4:5,CO:6,CO2:43,HCOOH:32,HNO3:79;165;L3_0005;CO2
2026-08-14;23.5339;-10.18011;2026-08-14 10:47:49;24.301954;-8.624859;Mauritania;Tiris Zemmour;DAY;fire_type_1;C2H4:6,CO:6,CO2:19;31;L3_0011;CO2
2026-08-14;23.65011;41.36836;2026-08-14 07:26:45;27.339714;43.106003;Saudi Arabia;Ḥaʼil;DAY;fire_type_1;C2H4:22,CO:15,CO2:33,HCOOH:5,HNO3:10,SO2:2;87;L3_0009;CO
2026-08-14;23.65311;43.40832;2026-08-14 07:26:45;27.339714;43.106003;Saudi Arabia;Ḥaʼil;DAY;fire_type_1;C2H4:22,CO:15,CO2:33,HCOOH:5,HNO3:10,SO2:2;87;L3_0009;CO2
2026-08-14;23.76603;43.89722;2026-08-14 07:26:45;27.339714;43.106003;Saudi Arabia;Ḥaʼil;DAY;fire_type_1;C2H4:22,CO:15,CO2:33,HCOOH:5,HNO3:10,SO2:2;87;L3_0009;CO2
2026-08-14;23.81965;-9.26009;2026-08-14 10:47:49;24.301954;-8.624859;Mauritania;Tiris Zemmour;DAY;fire_type_1;C2H4:6,CO:6,CO2:19;31;L3_0011;CO2
2026-08-14;23.82222;-7.21676;2026-08-14 10:47:49;24.301954;-8.624859;Mauritania;Tiris Zemmour;DAY;fire_type_1;C2H4:6,CO:6,CO2:19;31;L3_0011;C2H4
2026-08-14;23.88183;54.67366;2026-08-14 05:44:45;19.973595;52.83072;Saudi Arabia;Ash-Sharqīyah;DAY;fire_type_1;C2H4:5,CO:6,CO2:43,HCOOH:32,HNO3:79;165;L3_0005;CO2
2026-08-14;23.97237;-5.85876;2026-08-14 10:47:49;24.301954;-8.624859;Mauritania;Tiris Zemmour;DAY;fire_type_1;C2H4:6,CO:6,CO2:19;31;L3_0011;CO2
2026-08-14;23.98165;-7.88002;2026-08-14 10:47:49;24.301954;-8.624859;Mauritania;Tiris Zemmour;DAY;fire_type_1;C2H4:6,CO:6,CO2:19;31;L3_0011;CO2
2026-08-14;24.04283;34.60332;2026-08-14 07:26:45;21.593248;35.197884;Sudan;Red Sea;DAY;fire_type_1;C2H4:2,CO:3,CO2:6,SO2:3;14;L3_0010;CO2
2026-08-14;24.05336;-7.14462;2026-08-14 10:47:49;24.301954;-8.624859;Mauritania;Tiris Zemmour;DAY;fire_type_1;C2H4:6,CO:6,CO2:19;31;L3_0011;CO,CO2
2026-08-14;24.08593;33.45604;2026-08-14 07:26:45;21.593248;35.197884;Sudan;Red Sea;DAY;fire_type_1;C2H4:2,CO:3,CO2:6,SO2:3;14;L3_0010;C2H4
2026-08-14;24.11419;43.55866;2026-08-14 07:26:45;27.339714;43.106003;Saudi Arabia;Ḥaʼil;DAY;fire_type_1;C2H4:22,CO:15,CO2:33,HCOOH:5,HNO3:10,SO2:2;87;L3_0009;C2H4,HNO3,CO2
2026-08-14;24.22258;-7.801;2026-08-14 10:47:49;24.301954;-8.624859;Mauritania;Tiris Zemmour;DAY;fire_type_1;C2H4:6,CO:6,CO2:19;31;L3_0011;CO
2026-08-14;24.26278;44.92014;2026-08-14 07:26:45;27.339714;43.106003;Saudi Arabia;Ḥaʼil;DAY;fire_type_1;C2H4:22,CO:15,CO2:33,HCOOH:5,HNO3:10,SO2:2;87;L3_0009;CO
2026-08-14;24.28802;14.9032;2026-08-14 09:05:49;22.83587;14.375744;Libya;Murzuq;DAY;others;CO2:6,SO2:2;8;L3_0012;CO2
2026-08-14;24.32328;45.49591;2026-08-14 07:26:45;27.339714;43.106003;Saudi Arabia;Ḥaʼil;DAY;fire_type_1;C2H4:22,CO:15,CO2:33,HCOOH:5,HNO3:10,SO2:2;87;L3_0009;CO,CO2
2026-08-14;24.44358;-7.73114;2026-08-14 10:47:49;24.301954;-8.624859;Mauritania;Tiris Zemmour;DAY;fire_type_1;C2H4:6,CO:6,CO2:19;31;L3_0011;C2H4
2026-08-14;24.49866;41.96438;2026-08-14 07:26:45;27.339714;43.106003;Saudi Arabia;Ḥaʼil;DAY;fire_type_1;C2H4:22,CO:15,CO2:33,HCOOH:5,HNO3:10,SO2:2;87;L3_0009;CO2
2026-08-14;24.62857;54.82731;2026-08-14 05:44:45;19.973595;52.83072;Saudi Arabia;Ash-Sharqīyah;DAY;fire_type_1;C2H4:5,CO:6,CO2:43,HCOOH:32,HNO3:79;165;L3_0005;C2H4
2026-08-14;24.70729;-11.02336;2026-08-14 10:47:49;24.301954;-8.624859;Mauritania;Tiris Zemmour;DAY;fire_type_1;C2H4:6,CO:6,CO2:19;31;L3_0011;CO
2026-08-14;24.75571;11.23704;2026-08-14 09:05:49;30.037367;12.084543;Libya;Al Jabal al Gharbi;DAY;volcano;CO:5,CO2:17,HNO3:9,SO2:10;41;L3_0013;CO2
2026-08-14;24.75823;40.87033;2026-08-14 07:26:45;27.339714;43.106003;Saudi Arabia;Ḥaʼil;DAY;fire_type_1;C2H4:22,CO:15,CO2:33,HCOOH:5,HNO3:10,SO2:2;87;L3_0009;SO2
2026-08-14;24.83905;-11.63855;2026-08-14 10:47:49;24.301954;-8.624859;Mauritania;Tiris Zemmour;DAY;fire_type_1;C2H4:6,CO:6,CO2:19;31;L3_0011;C2H4
2026-08-14;24.97705;43.12399;2026-08-14 07:26:45;27.339714;43.106003;Saudi Arabia;Ḥaʼil;DAY;fire_type_1;C2H4:22,CO:15,CO2:33,HCOOH:5,HNO3:10,SO2:2;87;L3_0009;CO
2026-08-14;25.00784;-8.89248;2026-08-14 10:47:49;24.301954;-8.624859;Mauritania;Tiris Zemmour;DAY;fire_type_1;C2H4:6,CO:6,CO2:19;31;L3_0011;CO2
2026-08-14;25.348;-5.38493;2026-08-14 10:47:49;24.301954;-8.624859;Mauritania;Tiris Zemmour;DAY;fire_type_1;C2H4:6,CO:6,CO2:19;31;L3_0011;CO2
2026-08-14;25.40611;-4.80366;2026-08-14 10:47:49;24.301954;-8.624859;Mauritania;Tiris Zemmour;DAY;fire_type_1;C2H4:6,CO:6,CO2:19;31;L3_0011;CO2
2026-08-14;25.59702;11.98569;2026-08-14 09:05:49;30.037367;12.084543;Libya;Al Jabal al Gharbi;DAY;volcano;CO:5,CO2:17,HNO3:9,SO2:10;41;L3_0013;CO2
2026-08-14;25.63798;45.39679;2026-08-14 07:23:49;27.339714;43.106003;Saudi Arabia;Ḥaʼil;DAY;fire_type_1;C2H4:22,CO:15,CO2:33,HCOOH:5,HNO3:10,SO2:2;87;L3_0009;CO
2026-08-14;25.68005;42.34248;2026-08-14 07:23:49;27.339714;43.106003;Saudi Arabia;Ḥaʼil;DAY;fire_type_1;C2H4:22,CO:15,CO2:33,HCOOH:5,HNO3:10,SO2:2;87;L3_0009;HCOOH
2026-08-14;25.76505;10.19305;2026-08-14 09:05:49;30.037367;12.084543;Libya;Al Jabal al Gharbi;DAY;volcano;CO:5,CO2:17,HNO3:9,SO2:10;41;L3_0013;CO
2026-08-14;25.84735;40.44459;2026-08-14 07:26:45;27.339714;43.106003;Saudi Arabia;Ḥaʼil;DAY;fire_type_1;C2H4:22,CO:15,CO2:33,HCOOH:5,HNO3:10,SO2:2;87;L3_0009;C2H4
2026-08-14;25.91454;36.88929;2026-08-14 07:26:45;27.339714;43.106003;Saudi Arabia;Ḥaʼil;DAY;fire_type_1;C2H4:22,CO:15,CO2:33,HCOOH:5,HNO3:10,SO2:2;87;L3_0009;CO2
2026-08-14;25.92202;10.23351;2026-08-14 09:05:49;30.037367;12.084543;Libya;Al Jabal al Gharbi;DAY;volcano;CO:5,CO2:17,HNO3:9,SO2:10;41;L3_0013;CO2
2026-08-14;25.92215;-7.6342;2026-08-14 10:47:49;24.301954;-8.624859;Mauritania;Tiris Zemmour;DAY;fire_type_1;C2H4:6,CO:6,CO2:19;31;L3_0011;CO2
2026-08-14;25.95638;44.17534;2026-08-14 07:23:49;27.339714;43.106003;Saudi Arabia;Ḥaʼil;DAY;fire_type_1;C2H4:22,CO:15,CO2:33,HCOOH:5,HNO3:10,SO2:2;87;L3_0009;C2H4
2026-08-14;26.06551;44.67481;2026-08-14 07:23:49;27.339714;43.106003;Saudi Arabia;Ḥaʼil;DAY;fire_type_1;C2H4:22,CO:15,CO2:33,HCOOH:5,HNO3:10,SO2:2;87;L3_0009;CO2
2026-08-14;26.09586;45.55904;2026-08-14 07:23:49;27.339714;43.106003;Saudi Arabia;Ḥaʼil;DAY;fire_type_1;C2H4:22,CO:15,CO2:33,HCOOH:5,HNO3:10,SO2:2;87;L3_0009;C2H4
2026-08-14;26.16562;61.28977;2026-08-14 05:44:45;30.036247;63.941673;Afghanistan;Hilmand;DAY;others;C2H4:3,CO2:58,SO2:12;73;L3_0014;CO2
2026-08-14;26.22773;42.17664;2026-08-14 07:23:49;27.339714;43.106003;Saudi Arabia;Ḥaʼil;DAY;fire_type_1;C2H4:22,CO:15,CO2:33,HCOOH:5,HNO3:10,SO2:2;87;L3_0009;CO
2026-08-14;26.23849;-12.06321;2026-08-14 10:47:49;24.301954;-8.624859;Mauritania;Tiris Zemmour;DAY;fire_type_1;C2H4:6,CO:6,CO2:19;31;L3_0011;CO
2026-08-14;26.30216;44.75523;2026-08-14 07:23:49;27.339714;43.106003;Saudi Arabia;Ḥaʼil;DAY;fire_type_1;C2H4:22,CO:15,CO2:33,HCOOH:5,HNO3:10,SO2:2;87;L3_0009;CO2
2026-08-14;26.31962;-4.475;2026-08-14 10:47:49;24.301954;-8.624859;Mauritania;Tiris Zemmour;DAY;fire_type_1;C2H4:6,CO:6,CO2:19;31;L3_0011;CO
2026-08-14;26.40449;37.7473;2026-08-14 07:26:45;27.339714;43.106003;Saudi Arabia;Ḥaʼil;DAY;fire_type_1;C2H4:22,CO:15,CO2:33,HCOOH:5,HNO3:10,SO2:2;87;L3_0009;CO2
2026-08-14;26.60134;38.35837;2026-08-14 07:23:49;27.339714;43.106003;Saudi Arabia;Ḥaʼil;DAY;fire_type_1;C2H4:22,CO:15,CO2:33,HCOOH:5,HNO3:10,SO2:2;87;L3_0009;CO2
2026-08-14;26.64704;44.40951;2026-08-14 07:23:49;27.339714;43.106003;Saudi Arabia;Ḥaʼil;DAY;fire_type_1;C2H4:22,CO:15,CO2:33,HCOOH:5,HNO3:10,SO2:2;87;L3_0009;C2H4
2026-08-14;26.67959;63.71946;2026-08-14 05:44:45;30.036247;63.941673;Afghanistan;Hilmand;DAY;others;C2H4:3,CO2:58,SO2:12;73;L3_0014;CO2
2026-08-14;26.721;11.26043;2026-08-14 09:05:49;30.037367;12.084543;Libya;Al Jabal al Gharbi;DAY;volcano;CO:5,CO2:17,HNO3:9,SO2:10;41;L3_0013;CO2
2026-08-14;26.85965;10.4803;2026-08-14 09:05:49;30.037367;12.084543;Libya;Al Jabal al Gharbi;DAY;volcano;CO:5,CO2:17,HNO3:9,SO2:10;41;L3_0013;HNO3
2026-08-14;26.94444;36.65938;2026-08-14 07:23:49;27.339714;43.106003;Saudi Arabia;Ḥaʼil;DAY;fire_type_1;C2H4:22,CO:15,CO2:33,HCOOH:5,HNO3:10,SO2:2;87;L3_0009;CO2
2026-08-14;26.94768;-9.89538;2026-08-14 10:47:49;24.301954;-8.624859;Mauritania;Tiris Zemmour;DAY;fire_type_1;C2H4:6,CO:6,CO2:19;31;L3_0011;CO
2026-08-14;26.99678;36.35639;2026-08-14 07:23:49;27.339714;43.106003;Saudi Arabia;Ḥaʼil;DAY;fire_type_1;C2H4:22,CO:15,CO2:33,HCOOH:5,HNO3:10,SO2:2;87;L3_0009;CO2
2026-08-14;27.01004;37.19274;2026-08-14 07:23:49;27.339714;43.106003;Saudi Arabia;Ḥaʼil;DAY;fire_type_1;C2H4:22,CO:15,CO2:33,HCOOH:5,HNO3:10,SO2:2;87;L3_0009;CO2
2026-08-14;27.03401;64.40788;2026-08-14 05:44:45;30.036247;63.941673;Afghanistan;Hilmand;DAY;others;C2H4:3,CO2:58,SO2:12;73;L3_0014;SO2
2026-08-14;27.06501;9.35678;2026-08-14 09:05:49;30.037367;12.084543;Libya;Al Jabal al Gharbi;DAY;volcano;CO:5,CO2:17,HNO3:9,SO2:10;41;L3_0013;CO2
2026-08-14;27.22074;45.9609;2026-08-14 07:23:49;27.339714;43.106003;Saudi Arabia;Ḥaʼil;DAY;fire_type_1;C2H4:22,CO:15,CO2:33,HCOOH:5,HNO3:10,SO2:2;87;L3_0009;CO2
2026-08-14;27.37625;9.43467;2026-08-14 09:05:49;30.037367;12.084543;Libya;Al Jabal al Gharbi;DAY;volcano;CO:5,CO2:17,HNO3:9,SO2:10;41;L3_0013;CO
2026-08-14;27.37974;64.2894;2026-08-14 05:44:45;30.036247;63.941673;Afghanistan;Hilmand;DAY;others;C2H4:3,CO2:58,SO2:12;73;L3_0014;SO2
2026-08-14;27.44572;-8.65854;2026-08-14 10:47:49;24.301954;-8.624859;Mauritania;Tiris Zemmour;DAY;fire_type_1;C2H4:6,CO:6,CO2:19;31;L3_0011;CO2
2026-08-14;27.4679;46.05585;2026-08-14 07:23:49;27.339714;43.106003;Saudi Arabia;Ḥaʼil;DAY;fire_type_1;C2H4:22,CO:15,CO2:33,HCOOH:5,HNO3:10,SO2:2;87;L3_0009;CO2
2026-08-14;27.4994;58.23703;2026-08-14 05:44:45;29.886324;56.957504;Iran;Kerman;DAY;fire_type_1;C2H4:1,CO:4,CO2:4,HCOOH:2,HNO3:5;16;L3_0015;CO2
2026-08-14;27.55716;-10.41148;2026-08-14 10:47:49;24.301954;-8.624859;Mauritania;Tiris Zemmour;DAY;fire_type_1;C2H4:6,CO:6,CO2:19;31;L3_0011;C2H4
2026-08-14;27.79684;64.63572;2026-08-14 05:44:45;30.036247;63.941673;Afghanistan;Hilmand;DAY;others;C2H4:3,CO2:58,SO2:12;73;L3_0014;CO2
2026-08-14;27.80694;38.14735;2026-08-14 07:23:49;27.339714;43.106003;Saudi Arabia;Ḥaʼil;DAY;fire_type_1;C2H4:22,CO:15,CO2:33,HCOOH:5,HNO3:10,SO2:2;87;L3_0009;CO2
2026-08-14;27.9114;55.5244;2026-08-14 05:44:45;29.886324;56.957504;Iran;Kerman;DAY;fire_type_1;C2H4:1,CO:4,CO2:4,HCOOH:2,HNO3:5;16;L3_0015;HCOOH
2026-08-14;27.91213;62.45455;2026-08-14 05:44:45;30.036247;63.941673;Afghanistan;Hilmand;DAY;others;C2H4:3,CO2:58,SO2:12;73;L3_0014;CO2
2026-08-14;27.97464;55.04558;2026-08-14 05:44:45;29.886324;56.957504;Iran;Kerman;DAY;fire_type_1;C2H4:1,CO:4,CO2:4,HCOOH:2,HNO3:5;16;L3_0015;CO
2026-08-14;28.02514;44.89568;2026-08-14 07:23:49;27.339714;43.106003;Saudi Arabia;Ḥaʼil;DAY;fire_type_1;C2H4:22,CO:15,CO2:33,HCOOH:5,HNO3:10,SO2:2;87;L3_0009;CO2
2026-08-14;28.09051;61.4882;2026-08-14 05:44:45;30.036247;63.941673;Afghanistan;Hilmand;DAY;others;C2H4:3,CO2:58,SO2:12;73;L3_0014;CO2
2026-08-14;28.12518;63.03892;2026-08-14 05:44:45;30.036247;63.941673;Afghanistan;Hilmand;DAY;others;C2H4:3,CO2:58,SO2:12;73;L3_0014;CO2
2026-08-14;28.14452;35.47636;2026-08-14 07:23:49;27.339714;43.106003;Saudi Arabia;Ḥaʼil;DAY;fire_type_1;C2H4:22,CO:15,CO2:33,HCOOH:5,HNO3:10,SO2:2;87;L3_0009;CO2
2026-08-14;28.1455;57.20555;2026-08-14 05:44:45;29.886324;56.957504;Iran;Kerman;DAY;fire_type_1;C2H4:1,CO:4,CO2:4,HCOOH:2,HNO3:5;16;L3_0015;CO
2026-08-14;28.16617;62.85456;2026-08-14 05:44:45;30.036247;63.941673;Afghanistan;Hilmand;DAY;others;C2H4:3,CO2:58,SO2:12;73;L3_0014;CO2,NH3
2026-08-14;28.17306;58.18969;2026-08-14 05:44:45;29.886324;56.957504;Iran;Kerman;DAY;fire_type_1;C2H4:1,CO:4,CO2:4,HCOOH:2,HNO3:5;16;L3_0015;CO2
2026-08-14;28.1882;65.14417;2026-08-14 05:44:45;30.036247;63.941673;Afghanistan;Hilmand;DAY;others;C2H4:3,CO2:58,SO2:12;73;L3_0014;CO2
2026-08-14;28.28553;63.08397;2026-08-14 05:44:45;30.036247;63.941673;Afghanistan;Hilmand;DAY;others;C2H4:3,CO2:58,SO2:12;73;L3_0014;CO2
2026-08-14;28.30918;65.41886;2026-08-14 05:44:45;30.036247;63.941673;Afghanistan;Hilmand;DAY;others;C2H4:3,CO2:58,SO2:12;73;L3_0014;CO2
2026-08-14;28.36081;65.19896;2026-08-14 05:44:45;30.036247;63.941673;Afghanistan;Hilmand;DAY;others;C2H4:3,CO2:58,SO2:12;73;L3_0014;CO2
2026-08-14;28.38003;62.58557;2026-08-14 05:44:45;30.036247;63.941673;Afghanistan;Hilmand;DAY;others;C2H4:3,CO2:58,SO2:12;73;L3_0014;C2H4
2026-08-14;28.48403;45.06109;2026-08-14 07:23:49;27.339714;43.106003;Saudi Arabia;Ḥaʼil;DAY;fire_type_1;C2H4:22,CO:15,CO2:33,HCOOH:5,HNO3:10,SO2:2;87;L3_0009;C2H4
2026-08-14;28.50832;61.92134;2026-08-14 05:44:45;30.036247;63.941673;Afghanistan;Hilmand;DAY;others;C2H4:3,CO2:58,SO2:12;73;L3_0014;CO2
2026-08-14;28.5644;8.16332;2026-08-14 09:05:49;30.037367;12.084543;Libya;Al Jabal al Gharbi;DAY;volcano;CO:5,CO2:17,HNO3:9,SO2:10;41;L3_0013;HNO3
2026-08-14;28.57289;55.66849;2026-08-14 05:44:45;29.886324;56.957504;Iran;Kerman;DAY;fire_type_1;C2H4:1,CO:4,CO2:4,HCOOH:2,HNO3:5;16;L3_0015;CO
2026-08-14;28.59271;63.17256;2026-08-14 05:44:45;30.036247;63.941673;Afghanistan;Hilmand;DAY;others;C2H4:3,CO2:58,SO2:12;73;L3_0014;CO2
2026-08-14;28.60176;13.39187;2026-08-14 09:05:49;30.037367;12.084543;Libya;Al Jabal al Gharbi;DAY;volcano;CO:5,CO2:17,HNO3:9,SO2:10;41;L3_0013;HNO3
2026-08-14;28.72875;8.20538;2026-08-14 09:05:49;30.037367;12.084543;Libya;Al Jabal al Gharbi;DAY;volcano;CO:5,CO2:17,HNO3:9,SO2:10;41;L3_0013;HNO3
2026-08-14;28.75303;63.21795;2026-08-14 05:44:45;30.036247;63.941673;Afghanistan;Hilmand;DAY;others;C2H4:3,CO2:58,SO2:12;73;L3_0014;CO2
2026-08-14;28.76737;12.54368;2026-08-14 09:05:49;30.037367;12.084543;Libya;Al Jabal al Gharbi;DAY;volcano;CO:5,CO2:17,HNO3:9,SO2:10;41;L3_0013;HNO3
2026-08-14;28.82843;17.704;2026-08-14 09:05:49;30.037367;12.084543;Libya;Al Jabal al Gharbi;DAY;volcano;CO:5,CO2:17,HNO3:9,SO2:10;41;L3_0013;HNO3
2026-08-14;28.84762;64.35711;2026-08-14 05:41:49;30.036247;63.941673;Afghanistan;Hilmand;DAY;others;C2H4:3,CO2:58,SO2:12;73;L3_0014;CO2
2026-08-14;28.94787;64.76125;2026-08-14 05:41:49;30.036247;63.941673;Afghanistan;Hilmand;DAY;others;C2H4:3,CO2:58,SO2:12;73;L3_0014;CO2
2026-08-14;29.0282;61.74088;2026-08-14 05:44:45;30.036247;63.941673;Afghanistan;Hilmand;DAY;others;C2H4:3,CO2:58,SO2:12;73;L3_0014;CO2
2026-08-14;29.03571;41.72944;2026-08-14 07:23:49;27.339714;43.106003;Saudi Arabia;Ḥaʼil;DAY;fire_type_1;C2H4:22,CO:15,CO2:33,HCOOH:5,HNO3:10,SO2:2;87;L3_0009;HCOOH
2026-08-14;29.05832;64.20827;2026-08-14 05:41:49;30.036247;63.941673;Afghanistan;Hilmand;DAY;others;C2H4:3,CO2:58,SO2:12;73;L3_0014;CO2
2026-08-14;29.12002;65.43207;2026-08-14 05:41:49;30.036247;63.941673;Afghanistan;Hilmand;DAY;others;C2H4:3,CO2:58,SO2:12;73;L3_0014;CO2
2026-08-14;29.13198;10.58553;2026-08-14 09:05:49;30.037367;12.084543;Libya;Al Jabal al Gharbi;DAY;volcano;CO:5,CO2:17,HNO3:9,SO2:10;41;L3_0013;CO2,NH3
2026-08-14;29.15266;40.3435;2026-08-14 07:23:49;27.339714;43.106003;Saudi Arabia;Ḥaʼil;DAY;fire_type_1;C2H4:22,CO:15,CO2:33,HCOOH:5,HNO3:10,SO2:2;87;L3_0009;C2H4
2026-08-14;29.19514;65.06035;2026-08-14 05:41:49;30.036247;63.941673;Afghanistan;Hilmand;DAY;others;C2H4:3,CO2:58,SO2:12;73;L3_0014;CO2
2026-08-14;29.24515;64.84978;2026-08-14 05:41:49;30.036247;63.941673;Afghanistan;Hilmand;DAY;others;C2H4:3,CO2:58,SO2:12;73;L3_0014;CO,CO2
2026-08-14;29.3115;41.82138;2026-08-14 07:23:49;27.339714;43.106003;Saudi Arabia;Ḥaʼil;DAY;fire_type_1;C2H4:22,CO:15,CO2:33,HCOOH:5,HNO3:10,SO2:2;87;L3_0009;C2H4
2026-08-14;29.34286;44.62385;2026-08-14 07:23:49;27.339714;43.106003;Saudi Arabia;Ḥaʼil;DAY;fire_type_1;C2H4:22,CO:15,CO2:33,HCOOH:5,HNO3:10,SO2:2;87;L3_0009;HNO3
2026-08-14;29.36502;65.11188;2026-08-14 05:41:49;30.036247;63.941673;Afghanistan;Hilmand;DAY;others;C2H4:3,CO2:58,SO2:12;73;L3_0014;CO2
2026-08-14;29.3963;42.35796;2026-08-14 07:23:49;27.339714;43.106003;Saudi Arabia;Ḥaʼil;DAY;fire_type_1;C2H4:22,CO:15,CO2:33,HCOOH:5,HNO3:10,SO2:2;87;L3_0009;CO2
2026-08-14;29.40492;59.59516;2026-08-14 05:44:45;29.886324;56.957504;Iran;Kerman;DAY;fire_type_1;C2H4:1,CO:4,CO2:4,HCOOH:2,HNO3:5;16;L3_0015;CO2
2026-08-14;29.41313;64.90303;2026-08-14 05:41:49;30.036247;63.941673;Afghanistan;Hilmand;DAY;others;C2H4:3,CO2:58,SO2:12;73;L3_0014;CO2
2026-08-14;29.46153;61.16472;2026-08-14 05:41:49;30.036247;63.941673;Afghanistan;Hilmand;DAY;others;C2H4:3,CO2:58,SO2:12;73;L3_0014;CO2
2026-08-14;29.4918;59.07205;2026-08-14 05:44:45;29.886324;56.957504;Iran;Kerman;DAY;fire_type_1;C2H4:1,CO:4,CO2:4,HCOOH:2,HNO3:5;16;L3_0015;CO
2026-08-14;29.49485;9.4681;2026-08-14 09:05:49;30.037367;12.084543;Libya;Al Jabal al Gharbi;DAY;volcano;CO:5,CO2:17,HNO3:9,SO2:10;41;L3_0013;CO2
2026-08-14;29.50254;46.82021;2026-08-14 07:23:49;27.339714;43.106003;Saudi Arabia;Ḥaʼil;DAY;fire_type_1;C2H4:22,CO:15,CO2:33,HCOOH:5,HNO3:10,SO2:2;87;L3_0009;C2H4,CO
2026-08-14;29.50993;60.85699;2026-08-14 05:41:49;30.036247;63.941673;Afghanistan;Hilmand;DAY;others;C2H4:3,CO2:58,SO2:12;73;L3_0014;CO2
2026-08-14;29.61785;40.49026;2026-08-14 07:23:49;27.339714;43.106003;Saudi Arabia;Ḥaʼil;DAY;fire_type_1;C2H4:22,CO:15,CO2:33,HCOOH:5,HNO3:10,SO2:2;87;L3_0009;CO
2026-08-14;29.61841;61.20845;2026-08-14 05:41:49;30.036247;63.941673;Afghanistan;Hilmand;DAY;others;C2H4:3,CO2:58,SO2:12;73;L3_0014;CO2
2026-08-14;29.62768;55.08403;2026-08-14 05:44:45;29.886324;56.957504;Iran;Kerman;DAY;fire_type_1;C2H4:1,CO:4,CO2:4,HCOOH:2,HNO3:5;16;L3_0015;HNO3
2026-08-14;29.67504;38.69511;2026-08-14 07:23:49;27.339714;43.106003;Saudi Arabia;Ḥaʼil;DAY;fire_type_1;C2H4:22,CO:15,CO2:33,HCOOH:5,HNO3:10,SO2:2;87;L3_0009;CO
2026-08-14;29.70514;65.85626;2026-08-14 05:41:49;30.036247;63.941673;Afghanistan;Hilmand;DAY;others;C2H4:3,CO2:58,SO2:12;73;L3_0014;CO2
2026-08-14;29.75246;37.44223;2026-08-14 07:23:49;27.339714;43.106003;Saudi Arabia;Ḥaʼil;DAY;fire_type_1;C2H4:22,CO:15,CO2:33,HCOOH:5,HNO3:10,SO2:2;87;L3_0009;CO
2026-08-14;29.78657;42.80261;2026-08-14 07:23:49;27.339714;43.106003;Saudi Arabia;Ḥaʼil;DAY;fire_type_1;C2H4:22,CO:15,CO2:33,HCOOH:5,HNO3:10,SO2:2;87;L3_0009;HNO3
2026-08-14;29.79646;47.52748;2026-08-14 07:23:49;27.339714;43.106003;Saudi Arabia;Ḥaʼil;DAY;fire_type_1;C2H4:22,CO:15,CO2:33,HCOOH:5,HNO3:10,SO2:2;87;L3_0009;C2H4,CO2
2026-08-14;29.82212;62.803;2026-08-14 05:41:49;30.036247;63.941673;Afghanistan;Hilmand;DAY;others;C2H4:3,CO2:58,SO2:12;73;L3_0014;CO2
2026-08-14;29.83481;14.57945;2026-08-14 09:05:49;30.037367;12.084543;Libya;Al Jabal al Gharbi;DAY;volcano;CO:5,CO2:17,HNO3:9,SO2:10;41;L3_0013;HNO3
2026-08-14;29.89402;61.4698;2026-08-14 05:41:49;30.036247;63.941673;Afghanistan;Hilmand;DAY;others;C2H4:3,CO2:58,SO2:12;73;L3_0014;CO2
2026-08-14;29.92563;43.42098;2026-08-14 07:23:49;27.339714;43.106003;Saudi Arabia;Ḥaʼil;DAY;fire_type_1;C2H4:22,CO:15,CO2:33,HCOOH:5,HNO3:10,SO2:2;87;L3_0009;CO2
2026-08-14;29.94622;64.68878;2026-08-14 05:41:49;30.036247;63.941673;Afghanistan;Hilmand;DAY;others;C2H4:3,CO2:58,SO2:12;73;L3_0014;C2H4
2026-08-14;30.05022;65.72414;2026-08-14 05:41:49;30.036247;63.941673;Afghanistan;Hilmand;DAY;others;C2H4:3,CO2:58,SO2:12;73;L3_0014;CO2
2026-08-14;30.05197;47.62686;2026-08-14 07:23:49;27.339714;43.106003;Saudi Arabia;Ḥaʼil;DAY;fire_type_1;C2H4:22,CO:15,CO2:33,HCOOH:5,HNO3:10,SO2:2;87;L3_0009;HCOOH
2026-08-14;30.06536;13.47279;2026-08-14 09:05:49;30.037367;12.084543;Libya;Al Jabal al Gharbi;DAY;volcano;CO:5,CO2:17,HNO3:9,SO2:10;41;L3_0013;CO2
2026-08-14;30.06868;10.83879;2026-08-14 09:05:49;30.037367;12.084543;Libya;Al Jabal al Gharbi;DAY;volcano;CO:5,CO2:17,HNO3:9,SO2:10;41;L3_0013;CO
2026-08-14;30.16491;73.0136;2026-08-14 05:41:49;31.828604;71.65993;Pakistan;Punjab;DAY;fire;HCOOH:8,NH3:9;17;L3_0016;HCOOH
2026-08-14;30.17309;60.84332;2026-08-14 05:41:49;30.036247;63.941673;Afghanistan;Hilmand;DAY;others;C2H4:3,CO2:58,SO2:12;73;L3_0014;CO2
2026-08-14;30.17602;41.0981;2026-08-14 07:23:49;27.339714;43.106003;Saudi Arabia;Ḥaʼil;DAY;fire_type_1;C2H4:22,CO:15,CO2:33,HCOOH:5,HNO3:10,SO2:2;87;L3_0009;CaCO3,HNO3
2026-08-14;30.17693;65.1372;2026-08-14 05:41:49;30.036247;63.941673;Afghanistan;Hilmand;DAY;others;C2H4:3,CO2:58,SO2:12;73;L3_0014;CO2
2026-08-14;30.19942;57.67837;2026-08-14 05:41:49;29.886324;56.957504;Iran;Kerman;DAY;fire_type_1;C2H4:1,CO:4,CO2:4,HCOOH:2,HNO3:5;16;L3_0015;HNO3
2026-08-14;30.2963;65.40209;2026-08-14 05:41:49;30.036247;63.941673;Afghanistan;Hilmand;DAY;others;C2H4:3,CO2:58,SO2:12;73;L3_0014;CO2
2026-08-14;30.3117;37.08213;2026-08-14 07:23:49;27.339714;43.106003;Saudi Arabia;Ḥaʼil;DAY;fire_type_1;C2H4:22,CO:15,CO2:33,HCOOH:5,HNO3:10,SO2:2;87;L3_0009;CO2
2026-08-14;30.36194;61.59794;2026-08-14 05:41:49;30.036247;63.941673;Afghanistan;Hilmand;DAY;others;C2H4:3,CO2:58,SO2:12;73;L3_0014;CO2
2026-08-14;30.39181;16.55571;2026-08-14 09:05:49;30.037367;12.084543;Libya;Al Jabal al Gharbi;DAY;volcano;CO:5,CO2:17,HNO3:9,SO2:10;41;L3_0013;HNO3
2026-08-14;30.42538;12.4904;2026-08-14 09:05:49;30.037367;12.084543;Libya;Al Jabal al Gharbi;DAY;volcano;CO:5,CO2:17,HNO3:9,SO2:10;41;L3_0013;HNO3
2026-08-14;30.45765;64.63147;2026-08-14 05:41:49;30.036247;63.941673;Afghanistan;Hilmand;DAY;others;C2H4:3,CO2:58,SO2:12;73;L3_0014;CO2
2026-08-14;30.563;64.09431;2026-08-14 05:41:49;30.036247;63.941673;Afghanistan;Hilmand;DAY;others;C2H4:3,CO2:58,SO2:12;73;L3_0014;CO2
2026-08-14;30.59179;65.49606;2026-08-14 05:41:49;30.036247;63.941673;Afghanistan;Hilmand;DAY;others;C2H4:3,CO2:58,SO2:12;73;L3_0014;SO2
2026-08-14;30.59948;63.02452;2026-08-14 05:41:49;30.036247;63.941673;Afghanistan;Hilmand;DAY;others;C2H4:3,CO2:58,SO2:12;73;L3_0014;CO2
2026-08-14;30.64241;65.28266;2026-08-14 05:41:49;30.036247;63.941673;Afghanistan;Hilmand;DAY;others;C2H4:3,CO2:58,SO2:12;73;L3_0014;CO2
2026-08-14;30.65317;62.71079;2026-08-14 05:41:49;30.036247;63.941673;Afghanistan;Hilmand;DAY;others;C2H4:3,CO2:58,SO2:12;73;L3_0014;CO2
2026-08-14;30.68771;65.92966;2026-08-14 05:41:49;30.036247;63.941673;Afghanistan;Hilmand;DAY;others;C2H4:3,CO2:58,SO2:12;73;L3_0014;SO2
2026-08-14;30.71254;64.92569;2026-08-14 05:41:49;30.036247;63.941673;Afghanistan;Hilmand;DAY;others;C2H4:3,CO2:58,SO2:12;73;L3_0014;CO2
2026-08-14;30.75719;63.07184;2026-08-14 05:41:49;30.036247;63.941673;Afghanistan;Hilmand;DAY;others;C2H4:3,CO2:58,SO2:12;73;L3_0014;CO2
2026-08-14;30.75957;64.72253;2026-08-14 05:41:49;30.036247;63.941673;Afghanistan;Hilmand;DAY;others;C2H4:3,CO2:58,SO2:12;73;L3_0014;SO2
2026-08-14;30.77409;45.91496;2026-08-14 07:23:49;27.339714;43.106003;Saudi Arabia;Ḥaʼil;DAY;fire_type_1;C2H4:22,CO:15,CO2:33,HCOOH:5,HNO3:10,SO2:2;87;L3_0009;C2H4
2026-08-14;30.81025;65.33731;2026-08-14 05:41:49;30.036247;63.941673;Afghanistan;Hilmand;DAY;others;C2H4:3,CO2:58,SO2:12;73;L3_0014;CO2
2026-08-14;30.8483;62.57517;2026-08-14 05:41:49;30.036247;63.941673;Afghanistan;Hilmand;DAY;others;C2H4:3,CO2:58,SO2:12;73;L3_0014;CO2
2026-08-14;30.86714;47.36063;2026-08-14 07:23:49;27.339714;43.106003;Saudi Arabia;Ḥaʼil;DAY;fire_type_1;C2H4:22,CO:15,CO2:33,HCOOH:5,HNO3:10,SO2:2;87;L3_0009;C2H4
2026-08-14;30.86905;64.18609;2026-08-14 05:41:49;30.036247;63.941673;Afghanistan;Hilmand;DAY;others;C2H4:3,CO2:58,SO2:12;73;L3_0014;SO2
2026-08-14;30.91621;71.31218;2026-08-14 05:41:49;31.828604;71.65993;Pakistan;Punjab;DAY;fire;HCOOH:8,NH3:9;17;L3_0016;HCOOH
2026-08-14;31.02698;63.34562;2026-08-14 05:41:49;30.036247;63.941673;Afghanistan;Hilmand;DAY;others;C2H4:3,CO2:58,SO2:12;73;L3_0014;CO2
2026-08-14;31.06574;44.84536;2026-08-14 07:23:49;27.339714;43.106003;Saudi Arabia;Ḥaʼil;DAY;fire_type_1;C2H4:22,CO:15,CO2:33,HCOOH:5,HNO3:10,SO2:2;87;L3_0009;CO2
2026-08-14;31.06689;63.16037;2026-08-14 05:41:49;30.036247;63.941673;Afghanistan;Hilmand;DAY;others;C2H4:3,CO2:58,SO2:12;73;L3_0014;CO2,SO2
2026-08-14;31.11286;47.46408;2026-08-14 07:23:49;27.339714;43.106003;Saudi Arabia;Ḥaʼil;DAY;fire_type_1;C2H4:22,CO:15,CO2:33,HCOOH:5,HNO3:10,SO2:2;87;L3_0009;C2H4,NH3
2026-08-14;31.15916;62.66228;2026-08-14 05:41:49;30.036247;63.941673;Afghanistan;Hilmand;DAY;others;C2H4:3,CO2:58,SO2:12;73;L3_0014;CO2
2026-08-14;31.18538;63.39151;2026-08-14 05:41:49;30.036247;63.941673;Afghanistan;Hilmand;DAY;others;C2H4:3,CO2:58,SO2:12;73;L3_0014;CO2
2026-08-14;31.21102;9.91183;2026-08-14 09:05:49;30.037367;12.084543;Libya;Al Jabal al Gharbi;DAY;volcano;CO:5,CO2:17,HNO3:9,SO2:10;41;L3_0013;CO2
2026-08-14;31.21737;38.40309;2026-08-14 07:23:49;27.339714;43.106003;Saudi Arabia;Ḥaʼil;DAY;fire_type_1;C2H4:22,CO:15,CO2:33,HCOOH:5,HNO3:10,SO2:2;87;L3_0009;CO2
2026-08-14;31.25077;71.92936;2026-08-14 05:41:49;31.828604;71.65993;Pakistan;Punjab;DAY;fire;HCOOH:8,NH3:9;17;L3_0016;NH3
2026-08-14;31.25502;55.73479;2026-08-14 05:41:49;29.886324;56.957504;Iran;Kerman;DAY;fire_type_1;C2H4:1,CO:4,CO2:4,HCOOH:2,HNO3:5;16;L3_0015;HNO3
2026-08-14;31.299;53.45447;2026-08-14 05:41:49;31.299006;53.454468;Iran;Yazd;DAY;extrem;;4;L3_0004;SO2
2026-08-14;31.31596;62.70888;2026-08-14 05:41:49;30.036247;63.941673;Afghanistan;Hilmand;DAY;others;C2H4:3,CO2:58,SO2:12;73;L3_0014;CO2
2026-08-14;31.31822;16.86937;2026-08-14 09:05:49;30.037367;12.084543;Libya;Al Jabal al Gharbi;DAY;volcano;CO:5,CO2:17,HNO3:9,SO2:10;41;L3_0013;SO2
2026-08-14;31.33521;64.32759;2026-08-14 05:41:49;30.036247;63.941673;Afghanistan;Hilmand;DAY;others;C2H4:3,CO2:58,SO2:12;73;L3_0014;CO2
2026-08-14;31.37028;9.95564;2026-08-14 09:05:49;30.037367;12.084543;Libya;Al Jabal al Gharbi;DAY;volcano;CO:5,CO2:17,HNO3:9,SO2:10;41;L3_0013;CO2
2026-08-14;31.37326;71.48931;2026-08-14 05:41:49;31.828604;71.65993;Pakistan;Punjab;DAY;fire;HCOOH:8,NH3:9;17;L3_0016;HCOOH,NH3
2026-08-14;31.4373;17.19981;2026-08-14 09:05:49;30.037367;12.084543;Libya;Al Jabal al Gharbi;DAY;volcano;CO:5,CO2:17,HNO3:9,SO2:10;41;L3_0013;SO2
2026-08-14;31.47186;72.019;2026-08-14 05:41:49;31.828604;71.65993;Pakistan;Punjab;DAY;fire;HCOOH:8,NH3:9;17;L3_0016;HCOOH,NH3
2026-08-14;31.49066;12.08009;2026-08-14 09:05:49;30.037367;12.084543;Libya;Al Jabal al Gharbi;DAY;volcano;CO:5,CO2:17,HNO3:9,SO2:10;41;L3_0013;CO2
2026-08-14;31.4915;61.71868;2026-08-14 05:41:49;30.036247;63.941673;Afghanistan;Hilmand;DAY;others;C2H4:3,CO2:58,SO2:12;73;L3_0014;CO2
2026-08-14;31.50248;16.9348;2026-08-14 09:05:49;30.037367;12.084543;Libya;Al Jabal al Gharbi;DAY;volcano;CO:5,CO2:17,HNO3:9,SO2:10;41;L3_0013;SO2
2026-08-14;31.50973;11.04304;2026-08-14 09:05:49;30.037367;12.084543;Libya;Al Jabal al Gharbi;DAY;volcano;CO:5,CO2:17,HNO3:9,SO2:10;41;L3_0013;CO2
2026-08-14;31.51051;43.98996;2026-08-14 07:23:49;27.339714;43.106003;Saudi Arabia;Ḥaʼil;DAY;fire_type_1;C2H4:22,CO:15,CO2:33,HCOOH:5,HNO3:10,SO2:2;87;L3_0009;HNO3
2026-08-14;31.56386;66.45814;2026-08-14 05:41:49;30.036247;63.941673;Afghanistan;Hilmand;DAY;others;C2H4:3,CO2:58,SO2:12;73;L3_0014;CO2
2026-08-14;31.5796;11.58427;2026-08-14 09:05:49;30.037367;12.084543;Libya;Al Jabal al Gharbi;DAY;volcano;CO:5,CO2:17,HNO3:9,SO2:10;41;L3_0013;CO2
2026-08-14;31.59712;63.85622;2026-08-14 05:41:49;30.036247;63.941673;Afghanistan;Hilmand;DAY;others;C2H4:3,CO2:58,SO2:12;73;L3_0014;SO2
2026-08-14;31.61036;48.26769;2026-08-14 07:23:49;27.339714;43.106003;Saudi Arabia;Ḥaʼil;DAY;fire_type_1;C2H4:22,CO:15,CO2:33,HCOOH:5,HNO3:10,SO2:2;87;L3_0009;HNO3
2026-08-14;31.66654;11.08812;2026-08-14 09:05:49;30.037367;12.084543;Libya;Al Jabal al Gharbi;DAY;volcano;CO:5,CO2:17,HNO3:9,SO2:10;41;L3_0013;CO2
2026-08-14;31.70676;72.1104;2026-08-14 05:41:49;31.828604;71.65993;Pakistan;Punjab;DAY;fire;HCOOH:8,NH3:9;17;L3_0016;HCOOH,CO
2026-08-14;31.70754;43.15685;2026-08-14 07:23:49;27.339714;43.106003;Saudi Arabia;Ḥaʼil;DAY;fire_type_1;C2H4:22,CO:15,CO2:33,HCOOH:5,HNO3:10,SO2:2;87;L3_0009;HNO3,CO2
2026-08-14;31.71226;17.29665;2026-08-14 09:05:49;30.037367;12.084543;Libya;Al Jabal al Gharbi;DAY;volcano;CO:5,CO2:17,HNO3:9,SO2:10;41;L3_0013;SO2
2026-08-14;31.74751;57.10567;2026-08-14 05:41:49;29.886324;56.957504;Iran;Kerman;DAY;fire_type_1;C2H4:1,CO:4,CO2:4,HCOOH:2,HNO3:5;16;L3_0015;HNO3,CO2
2026-08-14;31.77649;47.72968;2026-08-14 07:23:49;27.339714;43.106003;Saudi Arabia;Ḥaʼil;DAY;fire_type_1;C2H4:22,CO:15,CO2:33,HCOOH:5,HNO3:10,SO2:2;87;L3_0009;C2H4
2026-08-14;31.79223;46.80573;2026-08-14 07:23:49;27.339714;43.106003;Saudi Arabia;Ḥaʼil;DAY;fire_type_1;C2H4:22,CO:15,CO2:33,HCOOH:5,HNO3:10,SO2:2;87;L3_0009;C2H4
2026-08-14;31.83006;71.66846;2026-08-14 05:41:49;31.828604;71.65993;Pakistan;Punjab;DAY;fire;HCOOH:8,NH3:9;17;L3_0016;HCOOH,NH3
2026-08-14;31.8559;65.06591;2026-08-14 05:41:49;30.036247;63.941673;Afghanistan;Hilmand;DAY;others;C2H4:3,CO2:58,SO2:12;73;L3_0014;SO2
2026-08-14;31.89973;17.361;2026-08-14 09:05:49;30.037367;12.084543;Libya;Al Jabal al Gharbi;DAY;volcano;CO:5,CO2:17,HNO3:9,SO2:10;41;L3_0013;SO2
2026-08-14;31.91571;46.36343;2026-08-14 07:23:49;27.339714;43.106003;Saudi Arabia;Ḥaʼil;DAY;fire_type_1;C2H4:22,CO:15,CO2:33,HCOOH:5,HNO3:10,SO2:2;87;L3_0009;C2H4,CH3OH
2026-08-14;31.94467;67.02411;2026-08-14 05:41:49;30.036247;63.941673;Afghanistan;Hilmand;DAY;others;C2H4:3,CO2:58,SO2:12;73;L3_0014;SO2
2026-08-14;31.96526;17.09477;2026-08-14 09:05:49;30.037367;12.084543;Libya;Al Jabal al Gharbi;DAY;volcano;CO:5,CO2:17,HNO3:9,SO2:10;41;L3_0013;SO2
2026-08-14;31.99094;57.42308;2026-08-14 05:41:49;29.886324;56.957504;Iran;Kerman;DAY;fire_type_1;C2H4:1,CO:4,CO2:4,HCOOH:2,HNO3:5;16;L3_0015;HCOOH
2026-08-14;32.02178;47.8355;2026-08-14 07:23:49;27.339714;43.106003;Saudi Arabia;Ḥaʼil;DAY;fire_type_1;C2H4:22,CO:15,CO2:33,HCOOH:5,HNO3:10,SO2:2;87;L3_0009;HNO3,NH3
2026-08-14;32.05914;71.7556;2026-08-14 05:41:49;31.828604;71.65993;Pakistan;Punjab;DAY;fire;HCOOH:8,NH3:9;17;L3_0016;NH3
2026-08-14;32.09498;45.65388;2026-08-14 07:23:49;27.339714;43.106003;Saudi Arabia;Ḥaʼil;DAY;fire_type_1;C2H4:22,CO:15,CO2:33,HCOOH:5,HNO3:10,SO2:2;87;L3_0009;CO
2026-08-14;32.13004;56.43372;2026-08-14 05:41:49;29.886324;56.957504;Iran;Kerman;DAY;fire_type_1;C2H4:1,CO:4,CO2:4,HCOOH:2,HNO3:5;16;L3_0015;HNO3
2026-08-14;32.14475;46.45065;2026-08-14 07:23:49;27.339714;43.106003;Saudi Arabia;Ḥaʼil;DAY;fire_type_1;C2H4:22,CO:15,CO2:33,HCOOH:5,HNO3:10,SO2:2;87;L3_0009;C2H4
2026-08-14;32.15804;42.49926;2026-08-14 07:23:49;27.339714;43.106003;Saudi Arabia;Ḥaʼil;DAY;fire_type_1;C2H4:22,CO:15,CO2:33,HCOOH:5,HNO3:10,SO2:2;87;L3_0009;SO2
2026-08-14;32.23072;47.91837;2026-08-14 07:23:49;27.339714;43.106003;Saudi Arabia;Ḥaʼil;DAY;fire_type_1;C2H4:22,CO:15,CO2:33,HCOOH:5,HNO3:10,SO2:2;87;L3_0009;CO
2026-08-14;32.2478;46.98927;2026-08-14 07:23:49;27.339714;43.106003;Saudi Arabia;Ḥaʼil;DAY;fire_type_1;C2H4:22,CO:15,CO2:33,HCOOH:5,HNO3:10,SO2:2;87;L3_0009;C2H4
2026-08-14;32.25094;62.97944;2026-08-14 05:41:49;30.036247;63.941673;Afghanistan;Hilmand;DAY;others;C2H4:3,CO2:58,SO2:12;73;L3_0014;CO2
2026-08-14;32.26334;15.09529;2026-08-14 20:20:45;34.03373;14.916828;Mediterranean Sea - Eastern Basin;;NIGHT;others;SO2:40;40;L3_0008;SO2
2026-08-14;32.27586;65.4176;2026-08-14 05:41:49;30.036247;63.941673;Afghanistan;Hilmand;DAY;others;C2H4:3,CO2:58,SO2:12;73;L3_0014;CO2
2026-08-14;32.31798;48.56409;2026-08-14 07:23:49;27.339714;43.106003;Saudi Arabia;Ḥaʼil;DAY;fire_type_1;C2H4:22,CO:15,CO2:33,HCOOH:5,HNO3:10,SO2:2;87;L3_0009;C2H4
2026-08-14;32.39551;14.83405;2026-08-14 20:20:45;34.03373;14.916828;Mediterranean Sea - Eastern Basin;;NIGHT;others;SO2:40;40;L3_0008;SO2
2026-08-14;32.43631;15.05539;2026-08-14 20:20:45;34.03373;14.916828;Mediterranean Sea - Eastern Basin;;NIGHT;others;SO2:40;40;L3_0008;SO2
2026-08-14;32.44476;9.34291;2026-08-14 09:05:49;30.037367;12.084543;Libya;Al Jabal al Gharbi;DAY;volcano;CO:5,CO2:17,HNO3:9,SO2:10;41;L3_0013;CO2
2026-08-14;32.46831;63.57406;2026-08-14 05:41:49;30.036247;63.941673;Afghanistan;Hilmand;DAY;others;C2H4:3,CO2:58,SO2:12;73;L3_0014;CO2
2026-08-14;32.48817;64.32889;2026-08-14 05:41:49;30.036247;63.941673;Afghanistan;Hilmand;DAY;others;C2H4:3,CO2:58,SO2:12;73;L3_0014;SO2
2026-08-14;32.56092;15.67662;2026-08-14 20:20:45;34.03373;14.916828;Mediterranean Sea - Eastern Basin;;NIGHT;others;SO2:40;40;L3_0008;SO2
2026-08-14;32.56901;70.75795;2026-08-14 05:41:49;31.828604;71.65993;Pakistan;Punjab;DAY;fire;HCOOH:8,NH3:9;17;L3_0016;NH3
2026-08-14;32.57508;65.51445;2026-08-14 05:41:49;30.036247;63.941673;Afghanistan;Hilmand;DAY;others;C2H4:3,CO2:58,SO2:12;73;L3_0014;CO2
2026-08-14;32.61602;14.39486;2026-08-14 20:23:49;34.03373;14.916828;Mediterranean Sea - Eastern Basin;;NIGHT;others;SO2:40;40;L3_0008;SO2
2026-08-14;32.65155;68.30537;2026-08-14 05:41:49;30.036247;63.941673;Afghanistan;Hilmand;DAY;others;C2H4:3,CO2:58,SO2:12;73;L3_0014;C2H4
2026-08-14;32.74227;72.03197;2026-08-14 05:41:49;31.828604;71.65993;Pakistan;Punjab;DAY;fire;HCOOH:8,NH3:9;17;L3_0016;HCOOH
2026-08-14;32.81179;15.37122;2026-08-14 20:23:49;34.03373;14.916828;Mediterranean Sea - Eastern Basin;;NIGHT;others;SO2:40;40;L3_0008;SO2
2026-08-14;32.81415;70.85012;2026-08-14 05:41:49;31.828604;71.65993;Pakistan;Punjab;DAY;fire;HCOOH:8,NH3:9;17;L3_0016;HCOOH
2026-08-14;32.83411;8.8658;2026-08-14 09:05:49;30.037367;12.084543;Libya;Al Jabal al Gharbi;DAY;volcano;CO:5,CO2:17,HNO3:9,SO2:10;41;L3_0013;CO2
2026-08-14;32.85134;15.60616;2026-08-14 20:23:49;34.03373;14.916828;Mediterranean Sea - Eastern Basin;;NIGHT;others;SO2:40;40;L3_0008;SO2
2026-08-14;32.91652;66.24956;2026-08-14 05:41:49;30.036247;63.941673;Afghanistan;Hilmand;DAY;others;C2H4:3,CO2:58,SO2:12;73;L3_0014;SO2
2026-08-14;32.98738;15.32845;2026-08-14 20:23:49;34.03373;14.916828;Mediterranean Sea - Eastern Basin;;NIGHT;others;SO2:40;40;L3_0008;SO2
2026-08-14;33.0173;43.95341;2026-08-14 07:23:49;27.339714;43.106003;Saudi Arabia;Ḥaʼil;DAY;fire_type_1;C2H4:22,CO:15,CO2:33,HCOOH:5,HNO3:10,SO2:2;87;L3_0009;C2H4
2026-08-14;33.02708;70.93643;2026-08-14 05:41:49;31.828604;71.65993;Pakistan;Punjab;DAY;fire;HCOOH:8,NH3:9;17;L3_0016;NH3
2026-08-14;33.16255;14.64604;2026-08-14 20:23:49;34.03373;14.916828;Mediterranean Sea - Eastern Basin;;NIGHT;others;SO2:40;40;L3_0008;SO2
2026-08-14;33.20085;14.86717;2026-08-14 20:23:49;34.03373;14.916828;Mediterranean Sea - Eastern Basin;;NIGHT;others;SO2:40;40;L3_0008;SO2
2026-08-14;33.25451;9.34001;2026-08-14 09:05:49;30.037367;12.084543;Libya;Al Jabal al Gharbi;DAY;volcano;CO:5,CO2:17,HNO3:9,SO2:10;41;L3_0013;CO2
2026-08-14;33.51614;13.94892;2026-08-14 20:23:49;34.03373;14.916828;Mediterranean Sea - Eastern Basin;;NIGHT;others;SO2:40;40;L3_0008;SO2
2026-08-14;33.55356;14.15925;2026-08-14 20:23:49;34.03373;14.916828;Mediterranean Sea - Eastern Basin;;NIGHT;others;SO2:40;40;L3_0008;SO2
2026-08-14;33.5711;45.81192;2026-08-14 07:23:49;27.339714;43.106003;Saudi Arabia;Ḥaʼil;DAY;fire_type_1;C2H4:22,CO:15,CO2:33,HCOOH:5,HNO3:10,SO2:2;87;L3_0009;CO2
2026-08-14;33.68241;13.9057;2026-08-14 20:23:49;34.03373;14.916828;Mediterranean Sea - Eastern Basin;;NIGHT;others;SO2:40;40;L3_0008;SO2
2026-08-14;33.72198;14.11853;2026-08-14 20:23:49;34.03373;14.916828;Mediterranean Sea - Eastern Basin;;NIGHT;others;SO2:40;40;L3_0008;SO2
2026-08-14;33.78204;65.30812;2026-08-14 05:41:49;30.036247;63.941673;Afghanistan;Hilmand;DAY;others;C2H4:3,CO2:58,SO2:12;73;L3_0014;CO2
2026-08-14;33.80183;14.48694;2026-08-14 20:23:49;34.03373;14.916828;Mediterranean Sea - Eastern Basin;;NIGHT;others;SO2:40;40;L3_0008;SO2
2026-08-14;33.84264;14.71189;2026-08-14 20:23:49;34.03373;14.916828;Mediterranean Sea - Eastern Basin;;NIGHT;others;SO2:40;40;L3_0008;SO2
2026-08-14;33.92494;15.10318;2026-08-14 20:23:49;34.03373;14.916828;Mediterranean Sea - Eastern Basin;;NIGHT;others;SO2:40;40;L3_0008;SO2
2026-08-14;33.96738;15.34348;2026-08-14 20:23:49;34.03373;14.916828;Mediterranean Sea - Eastern Basin;;NIGHT;others;SO2:40;40;L3_0008;SO2
2026-08-14;34.06584;56.33293;2026-08-14 05:41:49;29.886324;56.957504;Iran;Kerman;DAY;fire_type_1;C2H4:1,CO:4,CO2:4,HCOOH:2,HNO3:5;16;L3_0015;C2H4
2026-08-14;34.15106;13.78555;2026-08-14 20:23:49;34.03373;14.916828;Mediterranean Sea - Eastern Basin;;NIGHT;others;SO2:40;40;L3_0008;SO2
2026-08-14;34.25755;15.27182;2026-08-14 20:23:49;34.03373;14.916828;Mediterranean Sea - Eastern Basin;;NIGHT;others;SO2:40;40;L3_0008;SO2
2026-08-14;34.43607;15.23116;2026-08-14 20:23:49;34.03373;14.916828;Mediterranean Sea - Eastern Basin;;NIGHT;others;SO2:40;40;L3_0008;SO2
2026-08-14;34.52116;15.65403;2026-08-14 20:23:49;34.03373;14.916828;Mediterranean Sea - Eastern Basin;;NIGHT;others;SO2:40;40;L3_0008;SO2
2026-08-14;34.53792;10.46175;2026-08-14 09:05:49;30.037367;12.084543;Libya;Al Jabal al Gharbi;DAY;volcano;CO:5,CO2:17,HNO3:9,SO2:10;41;L3_0013;CO
2026-08-14;34.72626;15.15923;2026-08-14 20:23:49;34.03373;14.916828;Mediterranean Sea - Eastern Basin;;NIGHT;others;SO2:40;40;L3_0008;SO2
2026-08-14;34.76978;14.73409;2026-08-14 09:05:49;35.7772;14.534413;Mediterranean Sea - Eastern Basin;;DAY;volcano;SO2:42;43;L3_0017;SO2
2026-08-14;34.83232;14.39025;2026-08-14 09:05:49;35.7772;14.534413;Mediterranean Sea - Eastern Basin;;DAY;volcano;SO2:42;43;L3_0017;SO2
2026-08-14;34.86237;14.8753;2026-08-14 20:23:49;34.03373;14.916828;Mediterranean Sea - Eastern Basin;;NIGHT;others;SO2:40;40;L3_0008;SO2
2026-08-14;34.90479;15.11834;2026-08-14 20:23:49;34.03373;14.916828;Mediterranean Sea - Eastern Basin;;NIGHT;others;SO2:40;40;L3_0008;SO2
2026-08-14;34.93078;14.78869;2026-08-14 09:05:49;35.7772;14.534413;Mediterranean Sea - Eastern Basin;;DAY;volcano;SO2:42;43;L3_0017;SO2
2026-08-14;34.99217;14.44126;2026-08-14 09:05:49;35.7772;14.534413;Mediterranean Sea - Eastern Basin;;DAY;volcano;SO2:42;43;L3_0017;SO2
2026-08-14;35.03429;14.24542;2026-08-14 09:05:49;35.7772;14.534413;Mediterranean Sea - Eastern Basin;;DAY;volcano;SO2:42;43;L3_0017;SO2
2026-08-14;35.20236;44.44979;2026-08-14 07:23:49;35.20236;44.44979;Iraq;At-Ta'mim;DAY;extrem;;4;L3_0003;CO
2026-08-14;35.29772;14.54142;2026-08-14 09:02:45;35.7772;14.534413;Mediterranean Sea - Eastern Basin;;DAY;volcano;SO2:42;43;L3_0017;SO2
2026-08-14;35.34099;14.3427;2026-08-14 09:02:45;35.7772;14.534413;Mediterranean Sea - Eastern Basin;;DAY;volcano;SO2:42;43;L3_0017;SO2
2026-08-14;35.4352;8.90968;2026-08-14 09:05:49;30.037367;12.084543;Libya;Al Jabal al Gharbi;DAY;volcano;CO:5,CO2:17,HNO3:9,SO2:10;41;L3_0013;CO
2026-08-14;35.44473;16.49358;2026-08-14 20:23:49;34.03373;14.916828;Mediterranean Sea - Eastern Basin;;NIGHT;others;SO2:40;40;L3_0008;SO2
2026-08-14;35.66334;14.93252;2026-08-14 20:23:49;34.03373;14.916828;Mediterranean Sea - Eastern Basin;;NIGHT;others;SO2:40;40;L3_0008;SO2
2026-08-14;35.76307;14.694;2026-08-14 09:02:45;35.7772;14.534413;Mediterranean Sea - Eastern Basin;;DAY;volcano;SO2:42;43;L3_0017;SO2
2026-08-14;35.80651;14.49416;2026-08-14 09:02:45;35.7772;14.534413;Mediterranean Sea - Eastern Basin;;DAY;volcano;SO2:42;43;L3_0017;SO2
2026-08-14;35.92283;14.74603;2026-08-14 09:02:45;35.7772;14.534413;Mediterranean Sea - Eastern Basin;;DAY;volcano;SO2:42;43;L3_0017;SO2
2026-08-14;35.9653;14.548;2026-08-14 09:02:45;35.7772;14.534413;Mediterranean Sea - Eastern Basin;;DAY;volcano;SO2:42;43;L3_0017;SO2
2026-08-14;36.1526;65.87448;2026-08-14 05:41:49;38.185795;63.790096;Turkmenistan;Lebap;DAY;fire_type_1;C2H4:2,CO:4,CO2:14,NH3:1;21;L3_0018;CO2
2026-08-14;36.19681;68.07237;2026-08-14 05:41:49;38.185795;63.790096;Turkmenistan;Lebap;DAY;fire_type_1;C2H4:2,CO:4,CO2:14,NH3:1;21;L3_0018;CO
2026-08-14;36.23494;59.5535;2026-08-14 05:41:49;38.185795;63.790096;Turkmenistan;Lebap;DAY;fire_type_1;C2H4:2,CO:4,CO2:14,NH3:1;21;L3_0018;CO2
2026-08-14;36.31001;14.77673;2026-08-14 20:23:49;34.03373;14.916828;Mediterranean Sea - Eastern Basin;;NIGHT;others;SO2:40;40;L3_0008;SO2
2026-08-14;36.33168;14.30572;2026-08-14 09:02:45;35.7772;14.534413;Mediterranean Sea - Eastern Basin;;DAY;volcano;SO2:42;43;L3_0017;SO2
2026-08-14;36.44246;60.2493;2026-08-14 05:41:49;38.185795;63.790096;Turkmenistan;Lebap;DAY;fire_type_1;C2H4:2,CO:4,CO2:14,NH3:1;21;L3_0018;CO,CO2
2026-08-14;36.48969;14.35664;2026-08-14 09:02:45;35.7772;14.534413;Mediterranean Sea - Eastern Basin;;DAY;volcano;SO2:42;43;L3_0017;SO2
2026-08-14;36.72275;62.67412;2026-08-14 05:41:49;38.185795;63.790096;Turkmenistan;Lebap;DAY;fire_type_1;C2H4:2,CO:4,CO2:14,NH3:1;21;L3_0018;CO2
2026-08-14;36.7978;14.4586;2026-08-14 09:02:45;35.7772;14.534413;Mediterranean Sea - Eastern Basin;;DAY;volcano;SO2:42;43;L3_0017;SO2
2026-08-14;36.81088;62.1362;2026-08-14 05:41:49;38.185795;63.790096;Turkmenistan;Lebap;DAY;fire_type_1;C2H4:2,CO:4,CO2:14,NH3:1;21;L3_0018;CO2
2026-08-14;36.95577;14.51005;2026-08-14 09:02:45;35.7772;14.534413;Mediterranean Sea - Eastern Basin;;DAY;volcano;SO2:42;43;L3_0017;SO2
2026-08-14;36.98442;65.781;2026-08-14 05:41:49;38.185795;63.790096;Turkmenistan;Lebap;DAY;fire_type_1;C2H4:2,CO:4,CO2:14,NH3:1;21;L3_0018;CO2
2026-08-14;37.03241;68.8529;2026-08-14 05:41:49;38.185795;63.790096;Turkmenistan;Lebap;DAY;fire_type_1;C2H4:2,CO:4,CO2:14,NH3:1;21;L3_0018;CO2
2026-08-14;37.06894;14.58427;2026-08-14 20:23:49;34.03373;14.916828;Mediterranean Sea - Eastern Basin;;NIGHT;others;SO2:40;40;L3_0008;SO2
2026-08-14;37.14363;67.475;2026-08-14 05:41:49;38.185795;63.790096;Turkmenistan;Lebap;DAY;fire_type_1;C2H4:2,CO:4,CO2:14,NH3:1;21;L3_0018;CO
2026-08-14;37.18701;65.6334;2026-08-14 05:41:49;38.185795;63.790096;Turkmenistan;Lebap;DAY;fire_type_1;C2H4:2,CO:4,CO2:14,NH3:1;21;L3_0018;CO2
2026-08-14;37.20216;14.95823;2026-08-14 09:02:45;35.7772;14.534413;Mediterranean Sea - Eastern Basin;;DAY;volcano;SO2:42;43;L3_0017;SO2
2026-08-14;37.33043;14.98309;2026-08-14 20:23:49;34.03373;14.916828;Mediterranean Sea - Eastern Basin;;NIGHT;others;SO2:40;40;L3_0008;SO2
2026-08-14;37.59634;65.18859;2026-08-14 05:41:49;38.185795;63.790096;Turkmenistan;Lebap;DAY;fire_type_1;C2H4:2,CO:4,CO2:14,NH3:1;21;L3_0018;CO
2026-08-14;37.75907;61.22439;2026-08-14 05:41:49;38.185795;63.790096;Turkmenistan;Lebap;DAY;fire_type_1;C2H4:2,CO:4,CO2:14,NH3:1;21;L3_0018;CO2
2026-08-14;38.07309;66.15422;2026-08-14 05:41:49;38.185795;63.790096;Turkmenistan;Lebap;DAY;fire_type_1;C2H4:2,CO:4,CO2:14,NH3:1;21;L3_0018;CO
2026-08-14;38.46386;63.97466;2026-08-14 05:41:49;38.185795;63.790096;Turkmenistan;Lebap;DAY;fire_type_1;C2H4:2,CO:4,CO2:14,NH3:1;21;L3_0018;C2H4
2026-08-14;38.85838;61.53439;2026-08-14 05:41:49;38.185795;63.790096;Turkmenistan;Lebap;DAY;fire_type_1;C2H4:2,CO:4,CO2:14,NH3:1;21;L3_0018;CO2
2026-08-14;38.87038;60.23331;2026-08-14 05:41:49;38.185795;63.790096;Turkmenistan;Lebap;DAY;fire_type_1;C2H4:2,CO:4,CO2:14,NH3:1;21;L3_0018;NH3
2026-08-14;39.57621;63.17227;2026-08-14 05:41:49;38.185795;63.790096;Turkmenistan;Lebap;DAY;fire_type_1;C2H4:2,CO:4,CO2:14,NH3:1;21;L3_0018;CO2
2026-08-14;40.03453;60.09607;2026-08-14 05:41:49;38.185795;63.790096;Turkmenistan;Lebap;DAY;fire_type_1;C2H4:2,CO:4,CO2:14,NH3:1;21;L3_0018;CO2
2026-08-14;40.14249;-4.17309;2026-08-14 10:44:45;41.21749;-4.411695;Spain;Castilla y León;DAY;fire;CH3OH:1,HCOOH:6;7;L3_0019;HCOOH
2026-08-14;40.2633;-4.71021;2026-08-14 10:44:45;41.21749;-4.411695;Spain;Castilla y León;DAY;fire;CH3OH:1,HCOOH:6;7;L3_0019;HCOOH
2026-08-14;40.79447;-4.80303;2026-08-14 10:44:45;41.21749;-4.411695;Spain;Castilla y León;DAY;fire;CH3OH:1,HCOOH:6;7;L3_0019;HCOOH
2026-08-14;41.4486;-4.17622;2026-08-14 10:44:45;41.21749;-4.411695;Spain;Castilla y León;DAY;fire;CH3OH:1,HCOOH:6;7;L3_0019;CH3OH
2026-08-14;41.4787;63.54775;2026-08-14 05:38:45;38.185795;63.790096;Turkmenistan;Lebap;DAY;fire_type_1;C2H4:2,CO:4,CO2:14,NH3:1;21;L3_0018;CO2
2026-08-14;41.60457;64.7893;2026-08-14 05:38:45;38.185795;63.790096;Turkmenistan;Lebap;DAY;fire_type_1;C2H4:2,CO:4,CO2:14,NH3:1;21;L3_0018;C2H4
2026-08-14;41.77576;-3.42646;2026-08-14 10:44:45;41.21749;-4.411695;Spain;Castilla y León;DAY;fire;CH3OH:1,HCOOH:6;7;L3_0019;HCOOH
2026-08-14;41.81671;-4.89776;2026-08-14 10:44:45;41.21749;-4.411695;Spain;Castilla y León;DAY;fire;CH3OH:1,HCOOH:6;7;L3_0019;HCOOH
2026-08-14;42.03612;63.1026;2026-08-14 05:38:45;38.185795;63.790096;Turkmenistan;Lebap;DAY;fire_type_1;C2H4:2,CO:4,CO2:14,NH3:1;21;L3_0018;CO2
2026-08-14;42.274;-4.69187;2026-08-14 10:44:45;41.21749;-4.411695;Spain;Castilla y León;DAY;fire;CH3OH:1,HCOOH:6;7;L3_0019;HCOOH
2026-08-14;45.1333;4.67532;2026-08-14 10:41:49;47.253872;3.0851629;France;Bourgogne-Franche-Comté;DAY;fire;CH3OH:3,CO2:2,HCOOH:7;12;L3_0020;HCOOH
2026-08-14;46.06483;4.05576;2026-08-14 09:02:45;47.253872;3.0851629;France;Bourgogne-Franche-Comté;DAY;fire;CH3OH:3,CO2:2,HCOOH:7;12;L3_0020;HCOOH
2026-08-14;46.23887;-0.00472;2026-08-14 10:41:49;47.253872;3.0851629;France;Bourgogne-Franche-Comté;DAY;fire;CH3OH:3,CO2:2,HCOOH:7;12;L3_0020;HCOOH
2026-08-14;46.34597;2.98778;2026-08-14 09:02:45;47.253872;3.0851629;France;Bourgogne-Franche-Comté;DAY;fire;CH3OH:3,CO2:2,HCOOH:7;12;L3_0020;CO2
2026-08-14;46.57869;0.65262;2026-08-14 10:41:49;47.253872;3.0851629;France;Bourgogne-Franche-Comté;DAY;fire;CH3OH:3,CO2:2,HCOOH:7;12;L3_0020;HCOOH
2026-08-14;46.85007;2.33134;2026-08-14 09:02:45;47.253872;3.0851629;France;Bourgogne-Franche-Comté;DAY;fire;CH3OH:3,CO2:2,HCOOH:7;12;L3_0020;HCOOH
2026-08-14;47.31414;2.39136;2026-08-14 08:59:49;47.253872;3.0851629;France;Bourgogne-Franche-Comté;DAY;fire;CH3OH:3,CO2:2,HCOOH:7;12;L3_0020;CH3OH
2026-08-14;48.0602;4.68703;2026-08-14 10:41:49;47.253872;3.0851629;France;Bourgogne-Franche-Comté;DAY;fire;CH3OH:3,CO2:2,HCOOH:7;12;L3_0020;HCOOH
2026-08-14;48.14099;4.39401;2026-08-14 08:59:49;47.253872;3.0851629;France;Bourgogne-Franche-Comté;DAY;fire;CH3OH:3,CO2:2,HCOOH:7;12;L3_0020;HCOOH
2026-08-14;48.20172;3.25663;2026-08-14 08:59:49;47.253872;3.0851629;France;Bourgogne-Franche-Comté;DAY;fire;CH3OH:3,CO2:2,HCOOH:7;12;L3_0020;CH3OH
2026-08-14;48.24073;2.51063;2026-08-14 08:59:49;47.253872;3.0851629;France;Bourgogne-Franche-Comté;DAY;fire;CH3OH:3,CO2:2,HCOOH:7;12;L3_0020;CH3OH
2026-08-14;49.74954;5.23733;2026-08-14 10:41:49;47.253872;3.0851629;France;Bourgogne-Franche-Comté;DAY;fire;CH3OH:3,CO2:2,HCOOH:7;12;L3_0020;CO2
2026-08-14;60.53907;103.90087;2026-08-14 03:53:49;61.177784;103.88192;Russian Federation;Krasnoyarsk;DAY;fire;C2H4:10,CO:2;12;L3_0021;C2H4
2026-08-14;60.70512;103.02809;2026-08-14 03:53:49;61.177784;103.88192;Russian Federation;Krasnoyarsk;DAY;fire;C2H4:10,CO:2;12;L3_0021;C2H4
2026-08-14;60.79866;105.19417;2026-08-14 03:53:49;61.177784;103.88192;Russian Federation;Krasnoyarsk;DAY;fire;C2H4:10,CO:2;12;L3_0021;C2H4
2026-08-14;60.85709;103.15968;2026-08-14 03:53:49;61.177784;103.88192;Russian Federation;Krasnoyarsk;DAY;fire;C2H4:10,CO:2;12;L3_0021;CO
2026-08-14;61.06415;104.75657;2026-08-14 03:53:49;61.177784;103.88192;Russian Federation;Krasnoyarsk;DAY;fire;C2H4:10,CO:2;12;L3_0021;C2H4
2026-08-14;61.2436;102.85341;2026-08-14 03:53:49;61.177784;103.88192;Russian Federation;Krasnoyarsk;DAY;fire;C2H4:10,CO:2;12;L3_0021;C2H4
2026-08-14;61.30149;105.31661;2026-08-14 02:11:50;61.177784;103.88192;Russian Federation;Krasnoyarsk;DAY;fire;C2H4:10,CO:2;12;L3_0021;C2H4
2026-08-14;61.3952;102.98123;2026-08-14 03:53:49;61.177784;103.88192;Russian Federation;Krasnoyarsk;DAY;fire;C2H4:10,CO:2;12;L3_0021;C2H4,CO
2026-08-14;61.57415;105.35168;2026-08-14 02:11:50;61.177784;103.88192;Russian Federation;Krasnoyarsk;DAY;fire;C2H4:10,CO:2;12;L3_0021;C2H4
2026-08-14;61.68685;103.23453;2026-08-14 03:53:49;61.177784;103.88192;Russian Federation;Krasnoyarsk;DAY;fire;C2H4:10,CO:2;12;L3_0021;C2H4
2026-08-14;61.74925;102.91318;2026-08-14 03:53:49;61.177784;103.88192;Russian Federation;Krasnoyarsk;DAY;fire;C2H4:10,CO:2;12;L3_0021;C2H4
2026-08-14;65.67739;75.71442;2026-08-14 05:32:45;66.29463;75.99118;Russian Federation;Yamal-Nenets;DAY;fire_type_1;CO:4,CO2:2;6;L3_0023;CO,CO2
2026-08-14;66.28826;75.45531;2026-08-14 07:11:49;66.29463;75.99118;Russian Federation;Yamal-Nenets;DAY;fire_type_1;CO:4,CO2:2;6;L3_0023;CO,CO2
2026-08-14;66.57021;76.53357;2026-08-14 05:32:45;66.29463;75.99118;Russian Federation;Yamal-Nenets;DAY;fire_type_1;CO:4,CO2:2;6;L3_0023;CO
2026-08-14;66.64028;76.27826;2026-08-14 07:11:49;66.29463;75.99118;Russian Federation;Yamal-Nenets;DAY;fire_type_1;CO:4,CO2:2;6;L3_0023;CO
2026-08-14;72.28251;-86.97716;2026-08-14 00:17:49;74.6754;-85.8745;Canada;Nunavut;DAY;others;C2H4:1,HNO3:5,NH3:1;7;L3_0022;HNO3
2026-08-14;73.75005;-86.80895;2026-08-14 00:17:49;74.6754;-85.8745;Canada;Nunavut;DAY;others;C2H4:1,HNO3:5,NH3:1;7;L3_0022;HNO3
2026-08-14;74.92615;-86.19837;2026-08-14 20:38:45;74.6754;-85.8745;Canada;Nunavut;DAY;others;C2H4:1,HNO3:5,NH3:1;7;L3_0022;HNO3
2026-08-14;74.92628;-84.66062;2026-08-14 15:38:45;74.6754;-85.8745;Canada;Nunavut;DAY;others;C2H4:1,HNO3:5,NH3:1;7;L3_0022;C2H4
2026-08-14;75.03035;-85.5467;2026-08-14 18:59:49;74.6754;-85.8745;Canada;Nunavut;DAY;others;C2H4:1,HNO3:5,NH3:1;7;L3_0022;HNO3
2026-08-14;75.08317;-86.29099;2026-08-14 17:20:45;74.6754;-85.8745;Canada;Nunavut;DAY;others;C2H4:1,HNO3:5,NH3:1;7;L3_0022;HNO3
2026-08-14;76.71429;-84.18532;2026-08-14 20:38:45;74.6754;-85.8745;Canada;Nunavut;DAY;others;C2H4:1,HNO3:5,NH3:1;7;L3_0022;NH3
2026-08-14;-13.65091;-148.57277;2026-08-14 19:26:45;-13.27938;-147.94287;South Pacific Ocean;;DAY;Unclassified;C2H4:2;2;L2_0001;C2H4
2026-08-14;-12.90631;-147.3149;2026-08-14 19:26:45;-13.27938;-147.94287;South Pacific Ocean;;DAY;Unclassified;C2H4:2;2;L2_0001;C2H4
2026-08-14;31.03591;-134.98103;2026-08-14 19:14:45;31.346886;-135.25467;North Pacific Ocean;;DAY;Unclassified;NH3:2;2;L2_0002;NH3
2026-08-14;31.65729;-135.53014;2026-08-14 19:11:49;31.346886;-135.25467;North Pacific Ocean;;DAY;Unclassified;NH3:2;2;L2_0002;NH3
2026-08-14;62.0552;-121.22784;2026-08-14 19:05:49;64.573494;-120.24928;Canada;Northwest Territories;DAY;Unclassified;HCOOH:1,CO:2,NH3:2;5;L2_0003;HCOOH
2026-08-14;19.12203;55.7698;2026-08-14 16:56:45;21.274427;55.281017;Saudi Arabia;Ash-Sharqīyah;NIGHT;Unclassified;C2H4:1,CH3OH:1,HCOOH:3,HNO3:1;6;L2_0005;HNO3
2026-08-14;20.25913;56.24218;2026-08-14 16:56:45;21.274427;55.281017;Saudi Arabia;Ash-Sharqīyah;NIGHT;Unclassified;C2H4:1,CH3OH:1,HCOOH:3,HNO3:1;6;L2_0005;CH3OH
2026-08-14;20.94597;56.0313;2026-08-14 16:56:45;21.274427;55.281017;Saudi Arabia;Ash-Sharqīyah;NIGHT;Unclassified;C2H4:1,CH3OH:1,HCOOH:3,HNO3:1;6;L2_0005;HCOOH
2026-08-14;21.94892;54.33391;2026-08-14 16:56:45;21.274427;55.281017;Saudi Arabia;Ash-Sharqīyah;NIGHT;Unclassified;C2H4:1,CH3OH:1,HCOOH:3,HNO3:1;6;L2_0005;HCOOH
2026-08-14;22.0937;54.82727;2026-08-14 16:56:45;21.274427;55.281017;Saudi Arabia;Ash-Sharqīyah;NIGHT;Unclassified;C2H4:1,CH3OH:1,HCOOH:3,HNO3:1;6;L2_0005;HCOOH
2026-08-14;23.26633;54.44794;2026-08-14 16:56:45;21.274427;55.281017;Saudi Arabia;Ash-Sharqīyah;NIGHT;Unclassified;C2H4:1,CH3OH:1,HCOOH:3,HNO3:1;6;L2_0005;C2H4
2026-08-14;29.28665;64.78302;2026-08-14 16:59:49;29.286652;64.78301;Pakistan;Balochistan;NIGHT;Unclassified;CO2:1;1;L2_0007;CO2
2026-08-14;-58.11613;137.30807;2026-08-14 13:11:49;-57.403255;136.62129;Indian Ocean;;NIGHT;Unclassified;SO2:2;2;L2_0008;SO2
2026-08-14;-56.68679;135.96082;2026-08-14 13:11:49;-57.403255;136.62129;Indian Ocean;;NIGHT;Unclassified;SO2:2;2;L2_0008;SO2
2026-08-14;72.00019;-83.49788;2026-08-14 00:17:49;72.12581;-85.52477;The Northwestern Passages;;DAY;Unclassified;C2H4:1,HNO3:2;3;L2_0009;HNO3
2026-08-14;72.71938;-83.32478;2026-08-14 00:17:49;72.12581;-85.52477;The Northwestern Passages;;DAY;Unclassified;C2H4:1,HNO3:2;3;L2_0009;C2H4
2026-08-14;75.7866;-89.71112;2026-08-14 00:20:45;75.86566;-91.51808;Canada;Nunavut;DAY;Unclassified;C2H4:2,HNO3:1,NH3:1;4;L2_0010;HNO3,NH3
2026-08-14;-7.78704;-100.46803;2026-08-14 16:02:45;-7.329111;-100.74738;South Pacific Ocean;;DAY;Unclassified;SO2:2;2;L2_0011;SO2
2026-08-14;-6.87101;-101.02617;2026-08-14 16:02:45;-7.329111;-100.74738;South Pacific Ocean;;DAY;Unclassified;SO2:2;2;L2_0011;SO2
2026-08-14;26.8896;-86.63875;2026-08-14 15:50:45;26.889599;-86.63875;Gulf of Mexico;;DAY;Unclassified;CO2:1;1;L2_0012;CO2
2026-08-14;42.26582;90.93528;2026-08-14 15:20:45;42.362595;90.91325;China;Xinjiang Uygur;NIGHT;Unclassified;NH3:2;2;L2_0014;NH3
2026-08-14;42.45937;90.89118;2026-08-14 15:20:45;42.362595;90.91325;China;Xinjiang Uygur;NIGHT;Unclassified;NH3:2;2;L2_0014;NH3
2026-08-14;71.53382;-29.29667;2026-08-14 15:35:49;71.53381;-29.296675;Greenland;Northeast Greenland National Par;DAY;Unclassified;HCOOH:1,SO2:1;2;L2_0015;HCOOH,SO2
2026-08-14;71.59226;-89.58026;2026-08-14 15:38:45;72.12581;-85.52477;The Northwestern Passages;;DAY;Unclassified;C2H4:1,HNO3:2;3;L2_0009;HNO3
2026-08-14;-0.74271;-133.02933;2026-08-14 06:41:49;-0.06657571;-133.30382;South Pacific Ocean;;NIGHT;Unclassified;HCOOH:2;2;L2_0016;HCOOH
2026-08-14;0.60956;-133.57828;2026-08-14 06:41:49;-0.06657571;-133.30382;South Pacific Ocean;;NIGHT;Unclassified;HCOOH:2;2;L2_0016;HCOOH
2026-08-14;22.23976;-150.20396;2026-08-14 06:47:49;22.812304;-149.94608;North Pacific Ocean;;NIGHT;Unclassified;SO2:2;2;L2_0017;SO2
2026-08-14;23.38443;-149.68604;2026-08-14 06:50:45;22.812304;-149.94608;North Pacific Ocean;;NIGHT;Unclassified;SO2:2;2;L2_0017;SO2
2026-08-14;-27.70354;16.96766;2026-08-14 07:41:49;-27.703539;16.967659;Namibia;!Karas;DAY;Unclassified;HNO3:1;1;L2_0018;HNO3
2026-08-14;12.7686;40.21841;2026-08-14 07:29:49;13.479022;41.063858;Ethiopia;Afar;DAY;Unclassified;C2H4:2,CO:5,CO2:1,NH3:1;9;L2_0019;CO
2026-08-14;12.94567;41.47777;2026-08-14 07:29:49;13.479022;41.063858;Ethiopia;Afar;DAY;Unclassified;C2H4:2,CO:5,CO2:1,NH3:1;9;L2_0019;C2H4
2026-08-14;13.07664;42.02787;2026-08-14 07:29:49;13.479022;41.063858;Ethiopia;Afar;DAY;Unclassified;C2H4:2,CO:5,CO2:1,NH3:1;9;L2_0019;C2H4
2026-08-14;13.59236;40.86336;2026-08-14 07:29:49;13.479022;41.063858;Ethiopia;Afar;DAY;Unclassified;C2H4:2,CO:5,CO2:1,NH3:1;9;L2_0019;CO,CO2,NH3
2026-08-14;13.87212;41.73235;2026-08-14 07:29:49;13.479022;41.063858;Ethiopia;Afar;DAY;Unclassified;C2H4:2,CO:5,CO2:1,NH3:1;9;L2_0019;CO
2026-08-14;13.92988;40.53317;2026-08-14 07:29:49;13.479022;41.063858;Ethiopia;Afar;DAY;Unclassified;C2H4:2,CO:5,CO2:1,NH3:1;9;L2_0019;CO
2026-08-14;14.16232;40.59266;2026-08-14 07:29:49;13.479022;41.063858;Ethiopia;Afar;DAY;Unclassified;C2H4:2,CO:5,CO2:1,NH3:1;9;L2_0019;CO
2026-08-14;16.34502;30.14864;2026-08-14 07:29:49;17.6043;32.709167;Sudan;River Nile;DAY;Unclassified;HCOOH:1,HNO3:1,CO:4,CO2:1,NH3:1;8;L2_0020;HCOOH
2026-08-14;16.7797;34.05984;2026-08-14 07:26:45;17.6043;32.709167;Sudan;River Nile;DAY;Unclassified;HCOOH:1,HNO3:1,CO:4,CO2:1,NH3:1;8;L2_0020;HNO3
2026-08-14;16.99913;29.17585;2026-08-14 07:29:49;17.6043;32.709167;Sudan;River Nile;DAY;Unclassified;HCOOH:1,HNO3:1,CO:4,CO2:1,NH3:1;8;L2_0020;NH3
2026-08-14;17.42362;32.35524;2026-08-14 07:26:45;17.6043;32.709167;Sudan;River Nile;DAY;Unclassified;HCOOH:1,HNO3:1,CO:4,CO2:1,NH3:1;8;L2_0020;CO
2026-08-14;17.69502;33.51956;2026-08-14 07:26:45;17.6043;32.709167;Sudan;River Nile;DAY;Unclassified;HCOOH:1,HNO3:1,CO:4,CO2:1,NH3:1;8;L2_0020;CO2
2026-08-14;18.38351;35.93883;2026-08-14 07:26:45;17.6043;32.709167;Sudan;River Nile;DAY;Unclassified;HCOOH:1,HNO3:1,CO:4,CO2:1,NH3:1;8;L2_0020;CO
2026-08-14;18.55188;34.19329;2026-08-14 07:26:45;17.6043;32.709167;Sudan;River Nile;DAY;Unclassified;HCOOH:1,HNO3:1,CO:4,CO2:1,NH3:1;8;L2_0020;CO
2026-08-14;18.56981;32.32471;2026-08-14 07:26:45;17.6043;32.709167;Sudan;River Nile;DAY;Unclassified;HCOOH:1,HNO3:1,CO:4,CO2:1,NH3:1;8;L2_0020;CO
2026-08-14;21.23758;43.08423;2026-08-14 07:26:45;23.832747;41.654297;Saudi Arabia;Al Madinah;DAY;Unclassified;CO:4,NH3:1;5;L2_0021;CO
2026-08-14;22.49052;44.87342;2026-08-14 07:26:45;23.832747;41.654297;Saudi Arabia;Al Madinah;DAY;Unclassified;CO:4,NH3:1;5;L2_0021;
2026-08-14;22.81608;30.44469;2026-08-14 07:26:45;22.816078;30.444689;Egypt;Al Wadi al Jadid;DAY;Unclassified;CO:1;1;L2_0023;CO
2026-08-14;23.40752;45.18156;2026-08-14 07:26:45;23.832747;41.654297;Saudi Arabia;Al Madinah;DAY;Unclassified;CO:4,NH3:1;5;L2_0021;
2026-08-14;24.1511;42.4683;2026-08-14 07:26:45;23.832747;41.654297;Saudi Arabia;Al Madinah;DAY;Unclassified;CO:4,NH3:1;5;L2_0021;NH3
2026-08-14;24.66605;38.16717;2026-08-14 07:26:45;23.832747;41.654297;Saudi Arabia;Al Madinah;DAY;Unclassified;CO:4,NH3:1;5;L2_0021;CO
2026-08-14;25.28734;39.8297;2026-08-14 07:26:45;23.832747;41.654297;Saudi Arabia;Al Madinah;DAY;Unclassified;CO:4,NH3:1;5;L2_0021;CO
2026-08-14;25.40912;37.81361;2026-08-14 07:26:45;23.832747;41.654297;Saudi Arabia;Al Madinah;DAY;Unclassified;CO:4,NH3:1;5;L2_0021;CO
2026-08-14;26.8553;29.47205;2026-08-14 07:26:45;28.145075;29.504189;Egypt;Al Minya;DAY;Unclassified;HNO3:1,NH3:2;3;L2_0025;HNO3
2026-08-14;27.32266;32.64852;2026-08-14 07:26:45;27.322659;32.64852;Egypt;Al Bahr al Ahmar;DAY;Unclassified;HNO3:1;1;L2_0026;HNO3
2026-08-14;27.77745;46.74265;2026-08-14 07:23:49;30.405918;48.547604;Iran;Khuzestan;DAY;Unclassified;C2H4:3,CH3OH:4,HCN:1,CO:2,CO2:1,NH3:3,SO2:1;15;L2_0027;CO
2026-08-14;27.9721;28.50814;2026-08-14 07:26:45;28.145075;29.504189;Egypt;Al Minya;DAY;Unclassified;HNO3:1,NH3:2;3;L2_0025;NH3
2026-08-14;27.99576;24.86791;2026-08-14 07:26:45;27.863735;20.127497;Libya;Al Wahat;DAY;Unclassified;CH3OH:1,HCOOH:1,HNO3:2,CO:1,CO2:3,NH3:1;9;L2_0029;HCOOH
2026-08-14;28.43205;46.99423;2026-08-14 07:23:49;30.405918;48.547604;Iran;Khuzestan;DAY;Unclassified;C2H4:3,CH3OH:4,HCN:1,CO:2,CO2:1,NH3:3,SO2:1;15;L2_0027;CH3OH
2026-08-14;29.60035;30.5489;2026-08-14 07:23:49;28.145075;29.504189;Egypt;Al Minya;DAY;Unclassified;HNO3:1,NH3:2;3;L2_0025;NH3
2026-08-14;29.96243;34.39678;2026-08-14 07:23:49;30.481363;35.6652;Jordan;Ma`an;DAY;Unclassified;CO:1,NH3:1;2;L2_0031;CO
2026-08-14;30.95937;45.222;2026-08-14 07:23:49;30.405918;48.547604;Iran;Khuzestan;DAY;Unclassified;C2H4:3,CH3OH:4,HCN:1,CO:2,CO2:1,NH3:3,SO2:1;15;L2_0027;NH3
2026-08-14;30.9879;36.94706;2026-08-14 07:23:49;30.481363;35.6652;Jordan;Ma`an;DAY;Unclassified;CO:1,NH3:1;2;L2_0031;NH3
2026-08-14;31.15718;48.07912;2026-08-14 07:23:49;30.405918;48.547604;Iran;Khuzestan;DAY;Unclassified;C2H4:3,CH3OH:4,HCN:1,CO:2,CO2:1,NH3:3,SO2:1;15;L2_0027;HCN
2026-08-14;32.19675;45.27571;2026-08-14 07:23:49;30.405918;48.547604;Iran;Khuzestan;DAY;Unclassified;C2H4:3,CH3OH:4,HCN:1,CO:2,CO2:1,NH3:3,SO2:1;15;L2_0027;SO2
2026-08-14;33.09257;43.65619;2026-08-14 07:23:49;30.405918;48.547604;Iran;Khuzestan;DAY;Unclassified;C2H4:3,CH3OH:4,HCN:1,CO:2,CO2:1,NH3:3,SO2:1;15;L2_0027;CO
2026-08-14;33.35834;45.72445;2026-08-14 07:23:49;30.405918;48.547604;Iran;Khuzestan;DAY;Unclassified;C2H4:3,CH3OH:4,HCN:1,CO:2,CO2:1,NH3:3,SO2:1;15;L2_0027;
2026-08-14;33.38097;48.40936;2026-08-14 07:23:49;30.405918;48.547604;Iran;Khuzestan;DAY;Unclassified;C2H4:3,CH3OH:4,HCN:1,CO:2,CO2:1,NH3:3,SO2:1;15;L2_0027;CH3OH
2026-08-14;34.12278;49.35406;2026-08-14 07:23:49;30.405918;48.547604;Iran;Khuzestan;DAY;Unclassified;C2H4:3,CH3OH:4,HCN:1,CO:2,CO2:1,NH3:3,SO2:1;15;L2_0027;CH3OH
2026-08-14;35.49988;40.91798;2026-08-14 07:23:49;36.30988;41.56879;Iraq;Ninawa;DAY;Unclassified;CaCO3:1,HNO3:1,NH3:1;3;L2_0032;HNO3
2026-08-14;36.41934;42.12122;2026-08-14 07:23:49;36.30988;41.56879;Iraq;Ninawa;DAY;Unclassified;CaCO3:1,HNO3:1,NH3:1;3;L2_0032;CaCO3
2026-08-14;37.00731;41.67561;2026-08-14 07:23:49;36.30988;41.56879;Iraq;Ninawa;DAY;Unclassified;CaCO3:1,HNO3:1,NH3:1;3;L2_0032;NH3
2026-08-14;-68.8806;-62.34748;2026-08-14 04:38:45;-68.8806;-62.34748;Southern Ocean;;NIGHT;Unclassified;C2H2:1;1;L2_0033;C2H2
2026-08-14;-3.47923;-112.15425;2026-08-14 04:59:49;-3.472314;-112.45896;South Pacific Ocean;;NIGHT;Unclassified;CO2:2;2;L2_0034;CO2
2026-08-14;-3.4653;-112.76369;2026-08-14 04:59:49;-3.472314;-112.45896;South Pacific Ocean;;NIGHT;Unclassified;CO2:2;2;L2_0034;CO2
2026-08-14;15.35658;49.69829;2026-08-14 18:35:49;15.356578;49.69829;Yemen;Hadramawt;NIGHT;Unclassified;HNO3:1;1;L2_0036;HNO3
2026-08-14;20.86861;45.71868;2026-08-14 18:38:45;21.478186;45.87584;Saudi Arabia;Ar Riyad;NIGHT;Unclassified;HNO3:3;3;L2_0022;HNO3
2026-08-14;21.33793;45.62254;2026-08-14 18:38:45;21.478186;45.87584;Saudi Arabia;Ar Riyad;NIGHT;Unclassified;HNO3:3;3;L2_0022;HNO3
2026-08-14;22.22726;46.28937;2026-08-14 18:38:45;21.478186;45.87584;Saudi Arabia;Ar Riyad;NIGHT;Unclassified;HNO3:3;3;L2_0022;HNO3
2026-08-14;23.23609;28.56632;2026-08-14 18:38:45;23.23609;28.566319;Egypt;Al Wadi al Jadid;NIGHT;Unclassified;NH3:1;1;L2_0024;NH3
2026-08-14;28.3793;48.72395;2026-08-14 18:38:45;29.726933;45.7373;Iraq;Al-Muthannia;NIGHT;Unclassified;C2H4:1,HNO3:2,CO2:1;4;L2_0028;
2026-08-14;29.24066;48.01637;2026-08-14 18:38:45;29.726933;45.7373;Iraq;Al-Muthannia;NIGHT;Unclassified;C2H4:1,HNO3:2,CO2:1;4;L2_0028;C2H4
2026-08-14;29.86486;42.77986;2026-08-14 18:38:45;29.726933;45.7373;Iraq;Al-Muthannia;NIGHT;Unclassified;C2H4:1,HNO3:2,CO2:1;4;L2_0028;HNO3
2026-08-14;30.24827;42.23443;2026-08-14 18:38:45;29.726933;45.7373;Iraq;Al-Muthannia;NIGHT;Unclassified;C2H4:1,HNO3:2,CO2:1;4;L2_0028;HNO3
2026-08-14;30.76452;46.8697;2026-08-14 18:38:45;29.726933;45.7373;Iraq;Al-Muthannia;NIGHT;Unclassified;C2H4:1,HNO3:2,CO2:1;4;L2_0028;CO2
2026-08-14;42.93342;29.71112;2026-08-14 18:44:45;42.960182;29.827728;Black Sea;;NIGHT;Unclassified;NH3:2;2;L2_0037;NH3
2026-08-14;42.98683;29.94444;2026-08-14 18:44:45;42.960182;29.827728;Black Sea;;NIGHT;Unclassified;NH3:2;2;L2_0037;NH3
2026-08-14;61.75109;-108.63221;2026-08-14 19:02:45;62.301582;-107.20127;Canada;Northwest Territories;DAY;Unclassified;HCOOH:2;2;L2_0038;HCOOH
2026-08-14;62.83682;-105.71774;2026-08-14 19:02:45;62.301582;-107.20127;Canada;Northwest Territories;DAY;Unclassified;HCOOH:2;2;L2_0038;HCOOH
2026-08-14;63.64398;-118.70297;2026-08-14 19:02:45;64.573494;-120.24928;Canada;Northwest Territories;DAY;Unclassified;HCOOH:1,CO:2,NH3:2;5;L2_0003;CO
2026-08-14;66.00208;-120.87642;2026-08-14 19:02:45;64.573494;-120.24928;Canada;Northwest Territories;DAY;Unclassified;HCOOH:1,CO:2,NH3:2;5;L2_0003;NH3
2026-08-14;66.57925;-120.18086;2026-08-14 19:02:45;64.573494;-120.24928;Canada;Northwest Territories;DAY;Unclassified;HCOOH:1,CO:2,NH3:2;5;L2_0003;NH3
2026-08-14;11.36245;49.94265;2026-08-14 05:47:49;11.36245;49.942646;Somalia;Bari;DAY;Unclassified;HNO3:1;1;L2_0039;HNO3
2026-08-14;16.00522;48.09665;2026-08-14 05:47:49;16.00522;48.096645;Yemen;Hadramawt;DAY;Unclassified;NH3:1;1;L2_0035;NH3
2026-08-14;19.35938;54.4022;2026-08-14 05:47:49;22.05507;55.651005;Oman;Al Dhahira;DAY;Unclassified;CaCO3:1,HNO3:1,CO:2,NH3:2;6;L2_0004;CaCO3
2026-08-14;20.37717;49.43063;2026-08-14 05:47:49;20.377172;49.43063;Saudi Arabia;Ash-Sharqīyah;DAY;Unclassified;NH3:1;1;L2_0040;NH3
2026-08-14;21.64788;58.21069;2026-08-14 05:44:45;22.05507;55.651005;Oman;Al Dhahira;DAY;Unclassified;CaCO3:1,HNO3:1,CO:2,NH3:2;6;L2_0004;HNO3
2026-08-14;21.87804;53.78115;2026-08-14 05:44:45;22.05507;55.651005;Oman;Al Dhahira;DAY;Unclassified;CaCO3:1,HNO3:1,CO:2,NH3:2;6;L2_0004;NH3
2026-08-14;21.978;57.28346;2026-08-14 05:44:45;22.05507;55.651005;Oman;Al Dhahira;DAY;Unclassified;CaCO3:1,HNO3:1,CO:2,NH3:2;6;L2_0004;CO
2026-08-14;22.64698;55.1061;2026-08-14 05:44:45;22.05507;55.651005;Oman;Al Dhahira;DAY;Unclassified;CaCO3:1,HNO3:1,CO:2,NH3:2;6;L2_0004;CO
2026-08-14;24.77497;55.12662;2026-08-14 05:44:45;22.05507;55.651005;Oman;Al Dhahira;DAY;Unclassified;CaCO3:1,HNO3:1,CO:2,NH3:2;6;L2_0004;NH3
2026-08-14;25.57108;61.81387;2026-08-14 05:44:45;28.140736;62.766922;Iran;Sistan and Baluchestan;DAY;Unclassified;CO:4,CO2:1,SO2:3;8;L2_0006;CO2
2026-08-14;26.24468;49.91064;2026-08-14 05:44:45;30.405918;48.547604;Iran;Khuzestan;DAY;Unclassified;C2H4:3,CH3OH:4,HCN:1,CO:2,CO2:1,NH3:3,SO2:1;15;L2_0027;C2H4
2026-08-14;26.56059;69.71868;2026-08-14 05:44:45;27.414473;70.64226;India;Rajasthan;DAY;Unclassified;CO2:1,NH3:4;5;L2_0041;CO2
2026-08-14;26.73542;69.05009;2026-08-14 05:44:45;27.414473;70.64226;India;Rajasthan;DAY;Unclassified;CO2:1,NH3:4;5;L2_0041;NH3
2026-08-14;27.08164;60.72185;2026-08-14 05:44:45;28.140736;62.766922;Iran;Sistan and Baluchestan;DAY;Unclassified;CO:4,CO2:1,SO2:3;8;L2_0006;CO
2026-08-14;27.23593;71.8788;2026-08-14 05:41:49;27.414473;70.64226;India;Rajasthan;DAY;Unclassified;CO2:1,NH3:4;5;L2_0041;NH3
2026-08-14;27.57157;61.66619;2026-08-14 05:44:45;28.140736;62.766922;Iran;Sistan and Baluchestan;DAY;Unclassified;CO:4,CO2:1,SO2:3;8;L2_0006;SO2
2026-08-14;27.70859;70.12507;2026-08-14 05:41:49;27.414473;70.64226;India;Rajasthan;DAY;Unclassified;CO2:1,NH3:4;5;L2_0041;NH3
2026-08-14;28.02327;63.5499;2026-08-14 05:44:45;28.140736;62.766922;Iran;Sistan and Baluchestan;DAY;Unclassified;CO:4,CO2:1,SO2:3;8;L2_0006;CO
2026-08-14;28.18629;51.67947;2026-08-14 05:44:45;30.405918;48.547604;Iran;Khuzestan;DAY;Unclassified;C2H4:3,CH3OH:4,HCN:1,CO:2,CO2:1,NH3:3,SO2:1;15;L2_0027;C2H4
2026-08-14;28.22805;63.40798;2026-08-14 05:44:45;28.140736;62.766922;Iran;Sistan and Baluchestan;DAY;Unclassified;CO:4,CO2:1,SO2:3;8;L2_0006;CO
2026-08-14;28.58915;52.21134;2026-08-14 05:44:45;30.405918;48.547604;Iran;Khuzestan;DAY;Unclassified;C2H4:3,CH3OH:4,HCN:1,CO:2,CO2:1,NH3:3,SO2:1;15;L2_0027;CO2
2026-08-14;28.79317;63.03455;2026-08-14 05:44:45;28.140736;62.766922;Iran;Sistan and Baluchestan;DAY;Unclassified;CO:4,CO2:1,SO2:3;8;L2_0006;SO2
2026-08-14;28.80151;72.47573;2026-08-14 05:41:49;27.414473;70.64226;India;Rajasthan;DAY;Unclassified;CO2:1,NH3:4;5;L2_0041;NH3
2026-08-14;29.23115;50.97668;2026-08-14 05:44:45;30.405918;48.547604;Iran;Khuzestan;DAY;Unclassified;C2H4:3,CH3OH:4,HCN:1,CO:2,CO2:1,NH3:3,SO2:1;15;L2_0027;C2H4
2026-08-14;29.31405;64.49757;2026-08-14 05:41:49;28.140736;62.766922;Iran;Sistan and Baluchestan;DAY;Unclassified;CO:4,CO2:1,SO2:3;8;L2_0006;CO
2026-08-14;29.50057;50.44415;2026-08-14 05:44:45;30.405918;48.547604;Iran;Khuzestan;DAY;Unclassified;C2H4:3,CH3OH:4,HCN:1,CO:2,CO2:1,NH3:3,SO2:1;15;L2_0027;NH3
2026-08-14;29.76082;59.34161;2026-08-14 05:41:49;30.30214;58.73722;Iran;Kerman;DAY;Unclassified;CO2:1,NH3:2;3;L2_0042;NH3
2026-08-14;29.90154;51.08994;2026-08-14 05:44:45;30.405918;48.547604;Iran;Khuzestan;DAY;Unclassified;C2H4:3,CH3OH:4,HCN:1,CO:2,CO2:1,NH3:3,SO2:1;15;L2_0027;CH3OH
2026-08-14;29.96551;50.52169;2026-08-14 05:44:45;30.405918;48.547604;Iran;Khuzestan;DAY;Unclassified;C2H4:3,CH3OH:4,HCN:1,CO:2,CO2:1,NH3:3,SO2:1;15;L2_0027;NH3
2026-08-14;30.4299;59.30476;2026-08-14 05:41:49;30.30214;58.73722;Iran;Kerman;DAY;Unclassified;CO2:1,NH3:2;3;L2_0042;CO2
2026-08-14;30.50301;63.52888;2026-08-14 05:41:49;28.140736;62.766922;Iran;Sistan and Baluchestan;DAY;Unclassified;CO:4,CO2:1,SO2:3;8;L2_0006;SO2
2026-08-14;30.70781;57.55775;2026-08-14 05:41:49;30.30214;58.73722;Iran;Kerman;DAY;Unclassified;CO2:1,NH3:2;3;L2_0042;NH3
2026-08-14;36.29526;64.20336;2026-08-14 05:41:49;37.386593;64.517296;Turkmenistan;Lebap;DAY;Unclassified;HNO3:1,CO2:2,SO2:1;4;L2_0043;SO2
2026-08-14;37.1873;64.69637;2026-08-14 05:41:49;37.386593;64.517296;Turkmenistan;Lebap;DAY;Unclassified;HNO3:1,CO2:2,SO2:1;4;L2_0043;CO2
2026-08-14;37.83965;63.77997;2026-08-14 05:41:49;37.386593;64.517296;Turkmenistan;Lebap;DAY;Unclassified;HNO3:1,CO2:2,SO2:1;4;L2_0043;HNO3
2026-08-14;38.21804;65.39894;2026-08-14 05:41:49;37.386593;64.517296;Turkmenistan;Lebap;DAY;Unclassified;HNO3:1,CO2:2,SO2:1;4;L2_0043;CO2
2026-08-14;41.56552;64.9969;2026-08-14 05:38:45;43.10631;66.3094;Kazakhstan;Qyzylorda;DAY;Unclassified;C2H4:1,CH3OH:1,CO:5,CO2:4,NH3:1,SO2:1;13;L2_0044;CO2
2026-08-14;41.59511;68.50329;2026-08-14 05:38:45;43.10631;66.3094;Kazakhstan;Qyzylorda;DAY;Unclassified;C2H4:1,CH3OH:1,CO:5,CO2:4,NH3:1,SO2:1;13;L2_0044;NH3
2026-08-14;41.82608;67.29296;2026-08-14 05:38:45;43.10631;66.3094;Kazakhstan;Qyzylorda;DAY;Unclassified;C2H4:1,CH3OH:1,CO:5,CO2:4,NH3:1,SO2:1;13;L2_0044;CO2
2026-08-14;41.83619;66.28953;2026-08-14 05:38:45;43.10631;66.3094;Kazakhstan;Qyzylorda;DAY;Unclassified;C2H4:1,CH3OH:1,CO:5,CO2:4,NH3:1,SO2:1;13;L2_0044;CO
2026-08-14;42.39565;66.88449;2026-08-14 05:38:45;43.10631;66.3094;Kazakhstan;Qyzylorda;DAY;Unclassified;C2H4:1,CH3OH:1,CO:5,CO2:4,NH3:1,SO2:1;13;L2_0044;CO
2026-08-14;42.75143;67.64923;2026-08-14 05:38:45;43.10631;66.3094;Kazakhstan;Qyzylorda;DAY;Unclassified;C2H4:1,CH3OH:1,CO:5,CO2:4,NH3:1,SO2:1;13;L2_0044;SO2
2026-08-14;42.96048;66.47798;2026-08-14 05:38:45;43.10631;66.3094;Kazakhstan;Qyzylorda;DAY;Unclassified;C2H4:1,CH3OH:1,CO:5,CO2:4,NH3:1,SO2:1;13;L2_0044;C2H4
2026-08-14;43.44916;70.73645;2026-08-14 05:38:45;43.10631;66.3094;Kazakhstan;Qyzylorda;DAY;Unclassified;C2H4:1,CH3OH:1,CO:5,CO2:4,NH3:1,SO2:1;13;L2_0044;CH3OH
2026-08-14;43.52688;62.91787;2026-08-14 05:38:45;43.10631;66.3094;Kazakhstan;Qyzylorda;DAY;Unclassified;C2H4:1,CH3OH:1,CO:5,CO2:4,NH3:1,SO2:1;13;L2_0044;CO
2026-08-14;44.02266;68.81855;2026-08-14 05:38:45;43.10631;66.3094;Kazakhstan;Qyzylorda;DAY;Unclassified;C2H4:1,CH3OH:1,CO:5,CO2:4,NH3:1,SO2:1;13;L2_0044;CO
2026-08-14;44.22365;70.32115;2026-08-14 05:38:45;43.10631;66.3094;Kazakhstan;Qyzylorda;DAY;Unclassified;C2H4:1,CH3OH:1,CO:5,CO2:4,NH3:1,SO2:1;13;L2_0044;CO
2026-08-14;44.44386;59.62338;2026-08-14 05:38:45;43.10631;66.3094;Kazakhstan;Qyzylorda;DAY;Unclassified;C2H4:1,CH3OH:1,CO:5,CO2:4,NH3:1,SO2:1;13;L2_0044;CO2
2026-08-14;45.21384;61.22792;2026-08-14 05:38:45;43.10631;66.3094;Kazakhstan;Qyzylorda;DAY;Unclassified;C2H4:1,CH3OH:1,CO:5,CO2:4,NH3:1,SO2:1;13;L2_0044;CO2
2026-08-14;46.24153;74.86787;2026-08-14 05:38:45;47.586315;76.611;Kazakhstan;Qaraghandy;DAY;Unclassified;HNO3:1,CO2:3,SO2:1;5;L2_0045;CO2
2026-08-14;47.91531;78.36609;2026-08-14 05:38:45;47.586315;76.611;Kazakhstan;Qaraghandy;DAY;Unclassified;HNO3:1,CO2:3,SO2:1;5;L2_0045;CO2
2026-08-14;48.29884;76.04813;2026-08-14 05:38:45;47.586315;76.611;Kazakhstan;Qaraghandy;DAY;Unclassified;HNO3:1,CO2:3,SO2:1;5;L2_0045;CO2
2026-08-14;49.08635;73.53538;2026-08-14 05:38:45;47.586315;76.611;Kazakhstan;Qaraghandy;DAY;Unclassified;HNO3:1,CO2:3,SO2:1;5;L2_0045;HNO3
2026-08-14;50.99062;80.50342;2026-08-14 05:35:49;50.99062;80.50341;Kazakhstan;East Kazakhstan;DAY;Unclassified;SO2:1;1;L2_0046;SO2
2026-08-14;13.16869;14.18562;2026-08-14 20:17:49;13.168689;14.18562;Chad;Lac;NIGHT;Unclassified;CO:1;1;L2_0047;CO
2026-08-14;15.15018;11.52973;2026-08-14 20:17:49;16.281078;10.98671;Niger;Zinder;NIGHT;Unclassified;HCOOH:1,NH3:2;3;L2_0049;NH3
2026-08-14;15.75638;10.02281;2026-08-14 20:17:49;16.281078;10.98671;Niger;Zinder;NIGHT;Unclassified;HCOOH:1,NH3:2;3;L2_0049;NH3
2026-08-14;17.93352;11.41082;2026-08-14 20:17:49;16.281078;10.98671;Niger;Zinder;NIGHT;Unclassified;HCOOH:1,NH3:2;3;L2_0049;HCOOH
2026-08-14;24.7648;22.14612;2026-08-14 20:20:45;24.764797;22.146118;Libya;Al Kufrah;NIGHT;Unclassified;HCOOH:1;1;L2_0050;HCOOH
2026-08-14;26.46035;17.07444;2026-08-14 20:20:45;27.537039;17.533884;Libya;Al Jufrah;NIGHT;Unclassified;HNO3:2,NH3:2,SO2:1;5;L2_0030;NH3
2026-08-14;26.64441;15.63275;2026-08-14 20:20:45;27.537039;17.533884;Libya;Al Jufrah;NIGHT;Unclassified;HNO3:2,NH3:2,SO2:1;5;L2_0030;NH3
2026-08-14;27.10106;16.31214;2026-08-14 20:20:45;27.537039;17.533884;Libya;Al Jufrah;NIGHT;Unclassified;HNO3:2,NH3:2,SO2:1;5;L2_0030;HNO3
2026-08-14;27.74361;16.16571;2026-08-14 20:20:45;27.537039;17.533884;Libya;Al Jufrah;NIGHT;Unclassified;HNO3:2,NH3:2,SO2:1;5;L2_0030;HNO3
2026-08-14;28.8884;1.17862;2026-08-14 20:20:45;28.888395;1.17862;Algeria;Adrar;NIGHT;Unclassified;HNO3:1;1;L2_0052;HNO3
2026-08-14;29.61991;22.61175;2026-08-14 20:20:45;27.537039;17.533884;Libya;Al Jufrah;NIGHT;Unclassified;HNO3:2,NH3:2,SO2:1;5;L2_0030;SO2
2026-08-14;31.60175;-167.90164;2026-08-14 20:53:49;31.654953;-167.25668;North Pacific Ocean;;DAY;Unclassified;NH3:2;2;L2_0053;NH3
2026-08-14;31.7049;-166.61104;2026-08-14 20:53:49;31.654953;-167.25668;North Pacific Ocean;;DAY;Unclassified;NH3:2;2;L2_0053;NH3
2026-08-14;53.09568;5.00802;2026-08-14 20:29:49;53.095676;5.00802;North Sea;;NIGHT;Unclassified;NH3:1;1;L2_0054;NH3
2026-08-14;-5.39245;-129.7495;2026-08-14 17:41:49;-5.3924503;-129.7495;South Pacific Ocean;;DAY;Unclassified;HCOOH:1;1;L2_0055;HCOOH
2026-08-14;31.47185;-103.83613;2026-08-14 17:32:45;31.47185;-103.83612;United States;Texas;DAY;Unclassified;CO:1;1;L2_0056;CO
2026-08-14;35.00403;-102.92084;2026-08-14 17:29:49;35.004036;-102.92083;United States;Texas;DAY;Unclassified;CO:1;1;L2_0057;CO
2026-08-14;42.78116;-120.54371;2026-08-14 17:29:49;43.65034;-119.873665;United States;Oregon;DAY;Unclassified;HCOOH:2,CO:2;4;L2_0058;HCOOH
2026-08-14;43.30138;-118.98049;2026-08-14 17:29:49;43.65034;-119.873665;United States;Oregon;DAY;Unclassified;HCOOH:2,CO:2;4;L2_0058;HCOOH
2026-08-14;44.86284;-120.09689;2026-08-14 17:29:49;43.65034;-119.873665;United States;Oregon;DAY;Unclassified;HCOOH:2,CO:2;4;L2_0058;CO
2026-08-14;51.42753;56.44917;2026-08-14 17:05:49;51.42753;56.44917;Russian Federation;Orenburg;NIGHT;Unclassified;C2H4:1,NH3:1;2;L2_0059;C2H4,NH3
2026-08-14;-27.31229;3.60871;2026-08-14 21:47:49;-27.151455;3.2692752;South Atlantic Ocean;;NIGHT;Unclassified;NH3:2;2;L2_0060;NH3
2026-08-14;-26.98981;2.93082;2026-08-14 21:47:49;-27.151455;3.2692752;South Atlantic Ocean;;NIGHT;Unclassified;NH3:2;2;L2_0060;NH3
2026-08-14;16.05732;17.01276;2026-08-14 09:08:45;19.740437;12.004162;Niger;Agadez;DAY;Unclassified;C2H4:1,HCN:1,HCOOH:2,CO:6,CO2:1,NH3:6;17;L2_0048;C2H4
2026-08-14;16.21621;11.97337;2026-08-14 09:08:45;19.740437;12.004162;Niger;Agadez;DAY;Unclassified;C2H4:1,HCN:1,HCOOH:2,CO:6,CO2:1,NH3:6;17;L2_0048;HCOOH
2026-08-14;17.41068;15.48295;2026-08-14 09:08:45;19.740437;12.004162;Niger;Agadez;DAY;Unclassified;C2H4:1,HCN:1,HCOOH:2,CO:6,CO2:1,NH3:6;17;L2_0048;NH3
2026-08-14;17.48174;12.97912;2026-08-14 09:08:45;19.740437;12.004162;Niger;Agadez;DAY;Unclassified;C2H4:1,HCN:1,HCOOH:2,CO:6,CO2:1,NH3:6;17;L2_0048;HCOOH
2026-08-14;17.61959;14.59294;2026-08-14 09:08:45;19.740437;12.004162;Niger;Agadez;DAY;Unclassified;C2H4:1,HCN:1,HCOOH:2,CO:6,CO2:1,NH3:6;17;L2_0048;CO
2026-08-14;18.77439;10.69701;2026-08-14 09:08:45;19.740437;12.004162;Niger;Agadez;DAY;Unclassified;C2H4:1,HCN:1,HCOOH:2,CO:6,CO2:1,NH3:6;17;L2_0048;CO
2026-08-14;18.87319;4.82345;2026-08-14 09:08:45;18.873188;4.8234496;Niger;Agadez;DAY;Unclassified;CO2:1;1;L2_0061;CO2
2026-08-14;19.0876;14.68454;2026-08-14 09:08:45;19.740437;12.004162;Niger;Agadez;DAY;Unclassified;C2H4:1,HCN:1,HCOOH:2,CO:6,CO2:1,NH3:6;17;L2_0048;CO,NH3
2026-08-14;19.21601;9.31687;2026-08-14 09:08:45;19.740437;12.004162;Niger;Agadez;DAY;Unclassified;C2H4:1,HCN:1,HCOOH:2,CO:6,CO2:1,NH3:6;17;L2_0048;NH3
2026-08-14;19.48982;9.56136;2026-08-14 09:08:45;19.740437;12.004162;Niger;Agadez;DAY;Unclassified;C2H4:1,HCN:1,HCOOH:2,CO:6,CO2:1,NH3:6;17;L2_0048;CO
2026-08-14;20.85852;14.66714;2026-08-14 09:08:45;19.740437;12.004162;Niger;Agadez;DAY;Unclassified;C2H4:1,HCN:1,HCOOH:2,CO:6,CO2:1,NH3:6;17;L2_0048;CO
2026-08-14;21.31445;10.33147;2026-08-14 09:08:45;19.740437;12.004162;Niger;Agadez;DAY;Unclassified;C2H4:1,HCN:1,HCOOH:2,CO:6,CO2:1,NH3:6;17;L2_0048;CO2
2026-08-14;21.74137;13.89563;2026-08-14 09:08:45;19.740437;12.004162;Niger;Agadez;DAY;Unclassified;C2H4:1,HCN:1,HCOOH:2,CO:6,CO2:1,NH3:6;17;L2_0048;NH3
2026-08-14;22.29386;7.68508;2026-08-14 09:08:45;19.740437;12.004162;Niger;Agadez;DAY;Unclassified;C2H4:1,HCN:1,HCOOH:2,CO:6,CO2:1,NH3:6;17;L2_0048;HCN
2026-08-14;22.42459;6.89712;2026-08-14 09:08:45;19.740437;12.004162;Niger;Agadez;DAY;Unclassified;C2H4:1,HCN:1,HCOOH:2,CO:6,CO2:1,NH3:6;17;L2_0048;CO
2026-08-14;22.62541;11.1796;2026-08-14 09:08:45;19.740437;12.004162;Niger;Agadez;DAY;Unclassified;C2H4:1,HCN:1,HCOOH:2,CO:6,CO2:1,NH3:6;17;L2_0048;NH3
2026-08-14;22.88115;10.73955;2026-08-14 09:08:45;19.740437;12.004162;Niger;Agadez;DAY;Unclassified;C2H4:1,HCN:1,HCOOH:2,CO:6,CO2:1,NH3:6;17;L2_0048;NH3
2026-08-14;24.82166;17.73179;2026-08-14 09:05:49;27.863735;20.127497;Libya;Al Wahat;DAY;Unclassified;CH3OH:1,HCOOH:1,HNO3:2,CO:1,CO2:3,NH3:1;9;L2_0029;CO
2026-08-14;24.89154;18.47244;2026-08-14 09:05:49;27.863735;20.127497;Libya;Al Wahat;DAY;Unclassified;CH3OH:1,HCOOH:1,HNO3:2,CO:1,CO2:3,NH3:1;9;L2_0029;CH3OH
2026-08-14;25.80597;3.91437;2026-08-14 09:05:49;25.805967;3.9143696;Algeria;Tamanghasset;DAY;Unclassified;NH3:1;1;L2_0062;NH3
2026-08-14;26.96114;19.18278;2026-08-14 09:05:49;27.863735;20.127497;Libya;Al Wahat;DAY;Unclassified;CH3OH:1,HCOOH:1,HNO3:2,CO:1,CO2:3,NH3:1;9;L2_0029;NH3
2026-08-14;27.07516;-0.06757;2026-08-14 09:05:49;28.809011;1.5391586;Algeria;Adrar;DAY;Unclassified;HCOOH:2,HNO3:4;6;L2_0051;HNO3
2026-08-14;27.09511;16.56613;2026-08-14 09:05:49;27.863735;20.127497;Libya;Al Wahat;DAY;Unclassified;CH3OH:1,HCOOH:1,HNO3:2,CO:1,CO2:3,NH3:1;9;L2_0029;HNO3
2026-08-14;27.86186;21.43488;2026-08-14 09:05:49;27.863735;20.127497;Libya;Al Wahat;DAY;Unclassified;CH3OH:1,HCOOH:1,HNO3:2,CO:1,CO2:3,NH3:1;9;L2_0029;CO2
2026-08-14;27.8961;0.94592;2026-08-14 09:05:49;28.809011;1.5391586;Algeria;Adrar;DAY;Unclassified;HCOOH:2,HNO3:4;6;L2_0051;HNO3
2026-08-14;28.05196;9.28778;2026-08-14 09:05:49;28.589378;10.151168;Libya;Wadi ash Shati';DAY;Unclassified;CO:1,CO2:1,NH3:3;5;L2_0063;CO2
2026-08-14;28.17306;8.60799;2026-08-14 09:05:49;28.589378;10.151168;Libya;Wadi ash Shati';DAY;Unclassified;CO:1,CO2:1,NH3:3;5;L2_0063;CO
2026-08-14;28.39664;11.91158;2026-08-14 09:05:49;28.589378;10.151168;Libya;Wadi ash Shati';DAY;Unclassified;CO:1,CO2:1,NH3:3;5;L2_0063;NH3
2026-08-14;28.76402;1.56377;2026-08-14 09:05:49;28.809011;1.5391586;Algeria;Adrar;DAY;Unclassified;HCOOH:2,HNO3:4;6;L2_0051;HNO3
2026-08-14;28.80854;12.35822;2026-08-14 09:05:49;28.589378;10.151168;Libya;Wadi ash Shati';DAY;Unclassified;CO:1,CO2:1,NH3:3;5;L2_0063;NH3
2026-08-14;28.94169;3.70509;2026-08-14 09:05:49;28.809011;1.5391586;Algeria;Adrar;DAY;Unclassified;HCOOH:2,HNO3:4;6;L2_0051;HCOOH
2026-08-14;29.04956;1.1457;2026-08-14 09:05:49;28.809011;1.5391586;Algeria;Adrar;DAY;Unclassified;HCOOH:2,HNO3:4;6;L2_0051;HNO3
2026-08-14;29.25587;20.00714;2026-08-14 09:05:49;27.863735;20.127497;Libya;Al Wahat;DAY;Unclassified;CH3OH:1,HCOOH:1,HNO3:2,CO:1,CO2:3,NH3:1;9;L2_0029;HNO3
2026-08-14;29.46715;8.5893;2026-08-14 09:05:49;28.589378;10.151168;Libya;Wadi ash Shati';DAY;Unclassified;CO:1,CO2:1,NH3:3;5;L2_0063;NH3
2026-08-14;30.28813;21.79255;2026-08-14 09:05:49;27.863735;20.127497;Libya;Al Wahat;DAY;Unclassified;CH3OH:1,HCOOH:1,HNO3:2,CO:1,CO2:3,NH3:1;9;L2_0029;CO2
2026-08-14;31.09834;1.98546;2026-08-14 09:05:49;28.809011;1.5391586;Algeria;Adrar;DAY;Unclassified;HCOOH:2,HNO3:4;6;L2_0051;HCOOH
2026-08-14;31.42042;21.31832;2026-08-14 09:05:49;27.863735;20.127497;Libya;Al Wahat;DAY;Unclassified;CH3OH:1,HCOOH:1,HNO3:2,CO:1,CO2:3,NH3:1;9;L2_0029;CO2
2026-08-14;32.83547;5.39162;2026-08-14 09:05:49;32.83547;5.39162;Algeria;Ouargla;DAY;Unclassified;CH3OH:1;1;L2_0064;CH3OH
2026-08-14;-82.72296;-61.07712;2026-08-14 01:14:45;-82.25708;-56.495403;Southern Ocean;;NIGHT;Unclassified;C2H2:2;2;L2_0065;C2H2
2026-08-14;-81.74795;-52.45288;2026-08-14 01:14:45;-82.25708;-56.495403;Southern Ocean;;NIGHT;Unclassified;C2H2:2;2;L2_0065;C2H2
2026-08-14;-9.45584;-53.43278;2026-08-14 01:35:49;-9.45584;-53.43278;Brazil;Pará;NIGHT;Unclassified;CO2:1;1;L2_0066;CO2
2026-08-14;75.66358;-90.14063;2026-08-14 01:59:49;75.86566;-91.51808;Canada;Nunavut;DAY;Unclassified;C2H4:2,HNO3:1,NH3:1;4;L2_0010;C2H4
2026-08-14;76.11431;-94.78941;2026-08-14 01:59:49;75.86566;-91.51808;Canada;Nunavut;DAY;Unclassified;C2H4:2,HNO3:1,NH3:1;4;L2_0010;C2H4
2026-08-14;-34.76489;147.25629;2026-08-14 22:56:45;-34.24558;148.05246;Australia;New South Wales;DAY;Unclassified;CO2:2,NH3:2;4;L2_0067;CO2
2026-08-14;-34.31054;148.84904;2026-08-14 22:53:49;-34.24558;148.05246;Australia;New South Wales;DAY;Unclassified;CO2:2,NH3:2;4;L2_0067;NH3
2026-08-14;-34.30433;147.42505;2026-08-14 22:53:49;-34.24558;148.05246;Australia;New South Wales;DAY;Unclassified;CO2:2,NH3:2;4;L2_0067;NH3
2026-08-14;-33.59426;148.66995;2026-08-14 22:53:49;-34.24558;148.05246;Australia;New South Wales;DAY;Unclassified;CO2:2,NH3:2;4;L2_0067;CO2
2026-08-14;43.55389;-24.49291;2026-08-14 22:08:45;44.345306;-24.420515;North Atlantic Ocean;;NIGHT;Unclassified;C2H4:2;2;L2_0069;C2H4
2026-08-14;45.13669;-24.34614;2026-08-14 22:08:45;44.345306;-24.420515;North Atlantic Ocean;;NIGHT;Unclassified;C2H4:2;2;L2_0069;C2H4
2026-08-14;81.70827;-117.39112;2026-08-14 22:20:45;82.10899;-114.64316;Arctic Ocean;;DAY;Unclassified;NH3:2;2;L2_0070;NH3
2026-08-14;82.48989;-111.61088;2026-08-14 22:20:45;82.10899;-114.64316;Arctic Ocean;;DAY;Unclassified;NH3:2;2;L2_0070;NH3
2026-08-14;0.0457;-161.99445;2026-08-14 08:23:49;0.46186718;-162.3148;North Pacific Ocean;;NIGHT;Unclassified;HCOOH:2;2;L2_0071;HCOOH
2026-08-14;0.87802;-162.63522;2026-08-14 08:23:49;0.46186718;-162.3148;North Pacific Ocean;;NIGHT;Unclassified;HCOOH:2;2;L2_0071;HCOOH
2026-08-14;78.47013;62.00653;2026-08-14 08:50:45;78.765915;62.87059;Barentsz Sea;;DAY;Unclassified;NH3:2;2;L2_0072;NH3
2026-08-14;79.05908;63.78056;2026-08-14 08:50:45;78.765915;62.87059;Barentsz Sea;;DAY;Unclassified;NH3:2;2;L2_0072;NH3
2026-08-14;37.23104;-98.79139;2026-08-14 03:29:49;37.486237;-98.7686;United States;Kansas;NIGHT;Unclassified;HCOOH:2;2;L2_0073;HCOOH
2026-08-14;37.74143;-98.74567;2026-08-14 03:29:49;37.486237;-98.7686;United States;Kansas;NIGHT;Unclassified;HCOOH:2;2;L2_0073;HCOOH
2026-08-14;40.19094;83.5958;2026-08-14 03:59:49;40.363873;83.51989;China;Xinjiang Uygur;DAY;Unclassified;CO:2,NH3:1;3;L2_0074;CO
2026-08-14;40.42005;81.68927;2026-08-14 03:59:49;40.363873;83.51989;China;Xinjiang Uygur;DAY;Unclassified;CO:2,NH3:1;3;L2_0074;CO
2026-08-14;40.45293;85.27519;2026-08-14 03:59:49;40.363873;83.51989;China;Xinjiang Uygur;DAY;Unclassified;CO:2,NH3:1;3;L2_0074;NH3
2026-08-14;40.65857;103.30283;2026-08-14 03:56:45;40.65857;103.302826;China;Nei Mongol;DAY;Unclassified;CO2:1;1;L2_0075;CO2
2026-08-14;40.70254;90.04357;2026-08-14 03:59:49;43.85689;90.018074;China;Xinjiang Uygur;DAY;Unclassified;CO:1,CO2:3;4;L2_0013;CO2
2026-08-14;44.58083;89.25753;2026-08-14 03:56:45;43.85689;90.018074;China;Xinjiang Uygur;DAY;Unclassified;CO:1,CO2:3;4;L2_0013;CO2
2026-08-14;44.74181;89.3132;2026-08-14 03:56:45;43.85689;90.018074;China;Xinjiang Uygur;DAY;Unclassified;CO:1,CO2:3;4;L2_0013;CO
2026-08-14;45.38739;91.47491;2026-08-14 03:56:45;43.85689;90.018074;China;Xinjiang Uygur;DAY;Unclassified;CO:1,CO2:3;4;L2_0013;CO2
2026-08-14;46.26689;80.10957;2026-08-14 03:56:45;47.586315;76.611;Kazakhstan;Qaraghandy;DAY;Unclassified;HNO3:1,CO2:3,SO2:1;5;L2_0045;SO2
2026-08-14;-38.21653;149.41084;2026-08-14 11:35:49;-37.378487;149.46686;Australia;Victoria;NIGHT;Unclassified;HNO3:2;2;L2_0068;HNO3
2026-08-14;-36.54041;149.52164;2026-08-14 11:35:49;-37.378487;149.46686;Australia;Victoria;NIGHT;Unclassified;HNO3:2;2;L2_0068;HNO3
2026-08-14;16.73269;-15.4815;2026-08-14 10:50:45;24.633623;-9.234648;Mauritania;Tiris Zemmour;DAY;Unclassified;C2H4:4,CH3OH:2,CO:7,CO2:8,NH3:2,SO2:2;25;L2_0076;SO2
2026-08-14;17.1044;-14.87235;2026-08-14 10:50:45;24.633623;-9.234648;Mauritania;Tiris Zemmour;DAY;Unclassified;C2H4:4,CH3OH:2,CO:7,CO2:8,NH3:2,SO2:2;25;L2_0076;SO2
2026-08-14;18.2379;-14.03699;2026-08-14 10:50:45;24.633623;-9.234648;Mauritania;Tiris Zemmour;DAY;Unclassified;C2H4:4,CH3OH:2,CO:7,CO2:8,NH3:2,SO2:2;25;L2_0076;CO2
2026-08-14;18.28412;-14.23136;2026-08-14 10:50:45;24.633623;-9.234648;Mauritania;Tiris Zemmour;DAY;Unclassified;C2H4:4,CH3OH:2,CO:7,CO2:8,NH3:2,SO2:2;25;L2_0076;CO2
2026-08-14;18.81583;-14.43607;2026-08-14 10:50:45;24.633623;-9.234648;Mauritania;Tiris Zemmour;DAY;Unclassified;C2H4:4,CH3OH:2,CO:7,CO2:8,NH3:2,SO2:2;25;L2_0076;CO2
2026-08-14;20.11142;-13.54604;2026-08-14 10:50:45;24.633623;-9.234648;Mauritania;Tiris Zemmour;DAY;Unclassified;C2H4:4,CH3OH:2,CO:7,CO2:8,NH3:2,SO2:2;25;L2_0076;CO2
2026-08-14;21.49563;-12.18495;2026-08-14 10:50:45;24.633623;-9.234648;Mauritania;Tiris Zemmour;DAY;Unclassified;C2H4:4,CH3OH:2,CO:7,CO2:8,NH3:2,SO2:2;25;L2_0076;CO
2026-08-14;23.30907;-11.43086;2026-08-14 10:47:49;24.633623;-9.234648;Mauritania;Tiris Zemmour;DAY;Unclassified;C2H4:4,CH3OH:2,CO:7,CO2:8,NH3:2,SO2:2;25;L2_0076;CO
2026-08-14;23.37482;-5.51278;2026-08-14 10:47:49;24.633623;-9.234648;Mauritania;Tiris Zemmour;DAY;Unclassified;C2H4:4,CH3OH:2,CO:7,CO2:8,NH3:2,SO2:2;25;L2_0076;CH3OH
2026-08-14;23.513;-6.01436;2026-08-14 10:47:49;24.633623;-9.234648;Mauritania;Tiris Zemmour;DAY;Unclassified;C2H4:4,CH3OH:2,CO:7,CO2:8,NH3:2,SO2:2;25;L2_0076;CO
2026-08-14;23.57547;-5.44149;2026-08-14 10:47:49;24.633623;-9.234648;Mauritania;Tiris Zemmour;DAY;Unclassified;C2H4:4,CH3OH:2,CO:7,CO2:8,NH3:2,SO2:2;25;L2_0076;
2026-08-14;24.11682;-13.76091;2026-08-14 10:47:49;24.633623;-9.234648;Mauritania;Tiris Zemmour;DAY;Unclassified;C2H4:4,CH3OH:2,CO:7,CO2:8,NH3:2,SO2:2;25;L2_0076;C2H4
2026-08-14;24.32063;-8.15754;2026-08-14 10:47:49;24.633623;-9.234648;Mauritania;Tiris Zemmour;DAY;Unclassified;C2H4:4,CH3OH:2,CO:7,CO2:8,NH3:2,SO2:2;25;L2_0076;NH3
2026-08-14;24.37243;-10.41129;2026-08-14 10:47:49;24.633623;-9.234648;Mauritania;Tiris Zemmour;DAY;Unclassified;C2H4:4,CH3OH:2,CO:7,CO2:8,NH3:2,SO2:2;25;L2_0076;CO
2026-08-14;24.92402;-8.57953;2026-08-14 10:47:49;24.633623;-9.234648;Mauritania;Tiris Zemmour;DAY;Unclassified;C2H4:4,CH3OH:2,CO:7,CO2:8,NH3:2,SO2:2;25;L2_0076;CO
2026-08-14;26.77481;-7.9798;2026-08-14 10:47:49;24.633623;-9.234648;Mauritania;Tiris Zemmour;DAY;Unclassified;C2H4:4,CH3OH:2,CO:7,CO2:8,NH3:2,SO2:2;25;L2_0076;CO
2026-08-14;27.23221;-4.13915;2026-08-14 10:47:49;24.633623;-9.234648;Mauritania;Tiris Zemmour;DAY;Unclassified;C2H4:4,CH3OH:2,CO:7,CO2:8,NH3:2,SO2:2;25;L2_0076;C2H4
2026-08-14;27.46132;-10.85885;2026-08-14 10:47:49;24.633623;-9.234648;Mauritania;Tiris Zemmour;DAY;Unclassified;C2H4:4,CH3OH:2,CO:7,CO2:8,NH3:2,SO2:2;25;L2_0076;NH3
2026-08-14;27.73449;-5.88808;2026-08-14 10:47:49;24.633623;-9.234648;Mauritania;Tiris Zemmour;DAY;Unclassified;C2H4:4,CH3OH:2,CO:7,CO2:8,NH3:2,SO2:2;25;L2_0076;CH3OH
2026-08-14;28.30163;-4.31812;2026-08-14 10:47:49;24.633623;-9.234648;Mauritania;Tiris Zemmour;DAY;Unclassified;C2H4:4,CH3OH:2,CO:7,CO2:8,NH3:2,SO2:2;25;L2_0076;CO2
2026-08-14;29.05447;-3.44428;2026-08-14 10:47:49;24.633623;-9.234648;Mauritania;Tiris Zemmour;DAY;Unclassified;C2H4:4,CH3OH:2,CO:7,CO2:8,NH3:2,SO2:2;25;L2_0076;CO
2026-08-14;29.63401;-7.36057;2026-08-14 10:47:49;24.633623;-9.234648;Mauritania;Tiris Zemmour;DAY;Unclassified;C2H4:4,CH3OH:2,CO:7,CO2:8,NH3:2,SO2:2;25;L2_0076;CO2
2026-08-14;29.83614;-7.28731;2026-08-14 10:47:49;24.633623;-9.234648;Mauritania;Tiris Zemmour;DAY;Unclassified;C2H4:4,CH3OH:2,CO:7,CO2:8,NH3:2,SO2:2;25;L2_0076;CO2
2026-08-14;29.97109;-5.82556;2026-08-14 10:47:49;24.633623;-9.234648;Mauritania;Tiris Zemmour;DAY;Unclassified;C2H4:4,CH3OH:2,CO:7,CO2:8,NH3:2,SO2:2;25;L2_0076;CO2
2026-08-14;30.37086;-3.51485;2026-08-14 10:47:49;24.633623;-9.234648;Mauritania;Tiris Zemmour;DAY;Unclassified;C2H4:4,CH3OH:2,CO:7,CO2:8,NH3:2,SO2:2;25;L2_0076;C2H4
2026-08-14;30.47615;-8.75537;2026-08-14 10:47:49;24.633623;-9.234648;Mauritania;Tiris Zemmour;DAY;Unclassified;C2H4:4,CH3OH:2,CO:7,CO2:8,NH3:2,SO2:2;25;L2_0076;C2H4
2026-08-14;43.14689;2.67217;2026-08-14 10:41:49;43.14689;2.6721697;France;Occitanie;DAY;Unclassified;CH3OH:1;1;L2_0077;CH3OH
2026-08-14;46.89342;-1.45306;2026-08-14 10:41:49;46.89342;-1.4530599;France;Pays de la Loire;DAY;Unclassified;HCOOH:1;1;L2_0078;HCOOH
